DELETE FROM gameobject WHERE id in (267734,267735,267736,267737,267738);
INSERT INTO `gameobject` (`id`, `map`, `zoneId`, `areaId`, `spawnMask`, `phaseMask`, `PhaseId`, `position_x`, `position_y`, `position_z`, `orientation`, `rotation0`, `rotation1`, `rotation2`, `rotation3`, `spawntimesecs`, `animprogress`, `AiID`, `state`, `isActive`, `personal_size`) VALUES
('267738', '530', '3521', '3649', '1', '1', '', '171.573', '8520.12', '23.0285', '0', '0', '0', '0', '1', '1', '255', '0', '1', '0', '0'),
('267735', '530', '3521', '3649', '1', '1', '', '174.226', '8512.45', '23.509', '0', '0', '0', '0', '1', '1', '255', '0', '1', '0', '0'),
('267738', '530', '3521', '3649', '1', '1', '', '175.038', '8518.96', '23.2302', '0', '0', '0', '0', '1', '1', '255', '0', '1', '0', '0'),
('267734', '530', '3521', '3649', '1', '1', '', '175.038', '8502.64', '24.1058', '0', '0', '0', '0', '1', '1', '255', '0', '1', '0', '0'),
('267738', '530', '3521', '3649', '1', '1', '', '175.679', '8517.08', '23.3508', '0', '0', '0', '0', '1', '1', '255', '0', '1', '0', '0'),
('267736', '530', '3521', '3649', '1', '1', '', '175.788', '8509.28', '23.7331', '0', '0', '0', '0', '1', '1', '255', '0', '1', '0', '0'),
('267738', '530', '3521', '3649', '1', '1', '', '176.122', '8499.67', '24.2645', '0', '0', '0', '0', '1', '1', '255', '0', '1', '0', '0'),
('267738', '530', '3521', '3649', '1', '1', '', '176.319', '8500.46', '24.1576', '0', '0', '0', '0', '1', '1', '255', '0', '1', '0', '0'),
('267738', '530', '3521', '3649', '1', '1', '', '176.51', '8515.36', '23.4954', '0', '0', '0', '0', '1', '1', '255', '0', '1', '0', '0'),
('267734', '530', '3521', '3649', '1', '1', '', '176.938', '8590.1', '24.1803', '0', '0', '0', '0', '1', '1', '255', '0', '1', '0', '0'),
('267736', '530', '3521', '3649', '1', '1', '', '177.194', '8587.07', '24.3407', '0', '0', '0', '0', '1', '1', '255', '0', '1', '0', '0'),
('267734', '530', '3521', '3649', '1', '1', '', '177.323', '8505', '23.9028', '0', '0', '0', '0', '1', '1', '255', '0', '1', '0', '0'),
('267736', '530', '3521', '3649', '1', '1', '', '177.585', '8588.47', '24.3525', '0', '0', '0', '0', '1', '1', '255', '0', '1', '0', '0'),
('267738', '530', '3521', '3649', '1', '1', '', '177.708', '8511.76', '23.7393', '0', '0', '0', '0', '1', '1', '255', '0', '1', '0', '0'),
('267735', '530', '3521', '3649', '1', '1', '', '179.174', '8508.1', '23.8662', '0', '0', '0', '0', '1', '1', '255', '0', '1', '0', '0'),
('267735', '530', '3521', '3649', '1', '1', '', '179.398', '8515.8', '23.6481', '0', '0', '0', '0', '1', '1', '255', '0', '1', '0', '0'),
('267734', '530', '3521', '3649', '1', '1', '', '179.519', '8523.37', '23.203', '0', '0', '0', '0', '1', '1', '255', '0', '1', '0', '0'),
('267734', '530', '3521', '3649', '1', '1', '', '179.979', '8506.15', '23.9702', '0', '0', '0', '0', '1', '1', '255', '0', '1', '0', '0'),
('267738', '530', '3521', '3649', '1', '1', '', '180.089', '8514.17', '23.7831', '0', '0', '0', '0', '1', '1', '255', '0', '1', '0', '0'),
('267735', '530', '3521', '3649', '1', '1', '', '180.719', '8522.75', '23.3224', '0', '0', '0', '0', '1', '1', '255', '0', '1', '0', '0'),
('267736', '530', '3521', '3649', '1', '1', '', '181.726', '8509.83', '23.913', '0', '0', '0', '0', '1', '1', '255', '0', '1', '0', '0'),
('267737', '530', '3521', '3649', '1', '1', '', '181.854', '8525.18', '23.2094', '0', '0', '0', '0', '1', '1', '255', '0', '1', '0', '0'),
('267737', '530', '3521', '3649', '1', '1', '', '182.385', '8587.04', '24.2421', '0', '0', '0', '0', '1', '1', '255', '0', '1', '0', '0'),
('267736', '530', '3521', '3649', '1', '1', '', '182.491', '8492.07', '24.7099', '0', '0', '0', '0', '1', '1', '255', '0', '1', '0', '0'),
('267737', '530', '3521', '3649', '1', '1', '', '182.79', '8506.75', '24.168', '0', '0', '0', '0', '1', '1', '255', '0', '1', '0', '0'),
('267736', '530', '3521', '3649', '1', '1', '', '183.471', '8587.67', '24.1793', '0', '0', '0', '0', '1', '1', '255', '0', '1', '0', '0'),
('267735', '530', '3521', '3649', '1', '1', '', '183.502', '8580.26', '23.7404', '0', '0', '0', '0', '1', '1', '255', '0', '1', '0', '0'),
('267736', '530', '3521', '3649', '1', '1', '', '183.771', '8577.64', '23.5677', '0', '0', '0', '0', '1', '1', '255', '0', '1', '0', '0'),
('267734', '530', '3521', '3649', '1', '1', '', '183.885', '8581.29', '23.7501', '0', '0', '0', '0', '1', '1', '255', '0', '1', '0', '0'),
('267738', '530', '3521', '3649', '1', '1', '', '183.92', '8494.16', '24.7681', '0', '0', '0', '0', '1', '1', '255', '0', '1', '0', '0'),
('267734', '530', '3521', '3649', '1', '1', '', '184.649', '8574.06', '23.1426', '0', '0', '0', '0', '1', '1', '255', '0', '1', '0', '0'),
('267736', '530', '3521', '3649', '1', '1', '', '184.816', '8498.4', '24.6743', '0', '0', '0', '0', '1', '1', '255', '0', '1', '0', '0'),
('267738', '530', '3521', '3649', '1', '1', '', '185.502', '8582.68', '23.6385', '0', '0', '0', '0', '1', '1', '255', '0', '1', '0', '0'),
('267734', '530', '3521', '3649', '1', '1', '', '185.917', '8497.7', '24.7501', '0', '0', '0', '0', '1', '1', '255', '0', '1', '0', '0'),
('267735', '530', '3521', '3649', '1', '1', '', '186.328', '8583.27', '23.5734', '0', '0', '0', '0', '1', '1', '255', '0', '1', '0', '0'),
('267734', '530', '3521', '3649', '1', '1', '', '187.611', '8497.03', '24.7996', '0', '0', '0', '0', '1', '1', '255', '0', '1', '0', '0'),
('267735', '530', '3521', '3649', '1', '1', '', '187.95', '8572.78', '22.6338', '0', '0', '0', '0', '1', '1', '255', '0', '1', '0', '0'),
('267737', '530', '3521', '3649', '1', '1', '', '188.319', '8497.88', '24.8008', '0', '0', '0', '0', '1', '1', '255', '0', '1', '0', '0'),
('267736', '530', '3521', '3649', '1', '1', '', '188.885', '8496.87', '24.7907', '0', '0', '0', '0', '1', '1', '255', '0', '1', '0', '0'),
('267735', '530', '3521', '3649', '1', '1', '', '189.026', '8573.94', '22.7451', '0', '0', '0', '0', '1', '1', '255', '0', '1', '0', '0'),
('267736', '530', '3521', '3649', '1', '1', '', '189.045', '8584.04', '23.4535', '0', '0', '0', '0', '1', '1', '255', '0', '1', '0', '0'),
('267738', '530', '3521', '3649', '1', '1', '', '189.951', '8583.51', '23.4809', '0', '0', '0', '0', '1', '1', '255', '0', '1', '0', '0'),
('267735', '530', '3521', '3649', '1', '1', '', '190.342', '8587.32', '23.3652', '0', '0', '0', '0', '1', '1', '255', '0', '1', '0', '0'),
('267735', '530', '3521', '3649', '1', '1', '', '191.363', '8576.43', '22.8074', '0', '0', '0', '0', '1', '1', '255', '0', '1', '0', '0'),
('267738', '530', '3521', '3649', '1', '1', '', '192.396', '8476.89', '24.4928', '0', '0', '0', '0', '1', '1', '255', '0', '1', '0', '0'),
('267737', '530', '3521', '3649', '1', '1', '', '192.613', '8475.69', '24.3855', '0', '0', '0', '0', '1', '1', '255', '0', '1', '0', '0'),
('267737', '530', '3521', '3649', '1', '1', '', '193.351', '8584.97', '23.667', '0', '0', '0', '0', '1', '1', '255', '0', '1', '0', '0'),
('267736', '530', '3521', '3649', '1', '1', '', '193.484', '8477.86', '24.4239', '0', '0', '0', '0', '1', '1', '255', '0', '1', '0', '0'),
('267734', '530', '3521', '3649', '1', '1', '', '193.724', '8576.4', '23.2048', '0', '0', '0', '0', '1', '1', '255', '0', '1', '0', '0'),
('267734', '530', '3521', '3649', '1', '1', '', '194.26', '8474.76', '24.2446', '0', '0', '0', '0', '1', '1', '255', '0', '1', '0', '0'),
('267738', '530', '3521', '3649', '1', '1', '', '194.858', '8475.85', '24.217', '0', '0', '0', '0', '1', '1', '255', '0', '1', '0', '0'),
('267736', '530', '3521', '3649', '1', '1', '', '195.111', '8477.11', '24.2707', '0', '0', '0', '0', '1', '1', '255', '0', '1', '0', '0'),
('267738', '530', '3521', '3649', '1', '1', '', '198.983', '8483.08', '24.4182', '0', '0', '0', '0', '1', '1', '255', '0', '1', '0', '0'),
('267734', '530', '3521', '3649', '1', '1', '', '199.16', '8484.03', '24.4987', '0', '0', '0', '0', '1', '1', '255', '0', '1', '0', '0'),
('267737', '530', '3521', '3649', '1', '1', '', '199.668', '8483.54', '24.3881', '0', '0', '0', '0', '1', '1', '255', '0', '1', '0', '0'),
('267737', '530', '3521', '3649', '1', '1', '', '206.882', '8522.57', '24.0101', '0', '0', '0', '0', '1', '1', '255', '0', '1', '0', '0'),
('267738', '530', '3521', '3649', '1', '1', '', '207.068', '8575.98', '23.6523', '0', '0', '0', '0', '1', '1', '255', '0', '1', '0', '0'),
('267738', '530', '3521', '3649', '1', '1', '', '207.474', '8498.17', '24.4619', '0', '0', '0', '0', '1', '1', '255', '0', '1', '0', '0'),
('267735', '530', '3521', '3649', '1', '1', '', '207.602', '8571.28', '23.0253', '0', '0', '0', '0', '1', '1', '255', '0', '1', '0', '0'),
('267734', '530', '3521', '3649', '1', '1', '', '207.738', '8511.74', '24.0787', '0', '0', '0', '0', '1', '1', '255', '0', '1', '0', '0'),
('267736', '530', '3521', '3649', '1', '1', '', '208.229', '8572.24', '23.0899', '0', '0', '0', '0', '1', '1', '255', '0', '1', '0', '0'),
('267737', '530', '3521', '3649', '1', '1', '', '208.384', '8497.69', '24.3721', '0', '0', '0', '0', '1', '1', '255', '0', '1', '0', '0'),
('267735', '530', '3521', '3649', '1', '1', '', '208.484', '8510.61', '24.1003', '0', '0', '0', '0', '1', '1', '255', '0', '1', '0', '0'),
('267735', '530', '3521', '3649', '1', '1', '', '208.531', '8525.93', '23.8598', '0', '0', '0', '0', '1', '1', '255', '0', '1', '0', '0'),
('267735', '530', '3521', '3649', '1', '1', '', '208.849', '8570.7', '22.9205', '0', '0', '0', '0', '1', '1', '255', '0', '1', '0', '0'),
('267735', '530', '3521', '3649', '1', '1', '', '209.189', '8509.59', '24.1187', '0', '0', '0', '0', '1', '1', '255', '0', '1', '0', '0'),
('267737', '530', '3521', '3649', '1', '1', '', '210.424', '8579.22', '23.4574', '0', '0', '0', '0', '1', '1', '255', '0', '1', '0', '0'),
('267738', '530', '3521', '3649', '1', '1', '', '210.576', '8570.64', '22.9557', '0', '0', '0', '0', '1', '1', '255', '0', '1', '0', '0'),
('267737', '530', '3521', '3649', '1', '1', '', '212.106', '8578.93', '23.3401', '0', '0', '0', '0', '1', '1', '255', '0', '1', '0', '0'),
('267734', '530', '3521', '3649', '1', '1', '', '212.575', '8451.25', '24.2628', '0', '0', '0', '0', '1', '1', '255', '0', '1', '0', '0'),
('267734', '530', '3521', '3649', '1', '1', '', '212.764', '8445.73', '23.8405', '0', '0', '0', '0', '1', '1', '255', '0', '1', '0', '0'),
('267738', '530', '3521', '3649', '1', '1', '', '213.106', '8506.21', '24.2329', '0', '0', '0', '0', '1', '1', '255', '0', '1', '0', '0'),
('267735', '530', '3521', '3649', '1', '1', '', '213.127', '8483.66', '23.7848', '0', '0', '0', '0', '1', '1', '255', '0', '1', '0', '0'),
('267735', '530', '3521', '3649', '1', '1', '', '213.332', '8529.16', '23.8528', '0', '0', '0', '0', '1', '1', '255', '0', '1', '0', '0'),
('267735', '530', '3521', '3649', '1', '1', '', '213.451', '8486.4', '23.8153', '0', '0', '0', '0', '1', '1', '255', '0', '1', '0', '0'),
('267734', '530', '3521', '3649', '1', '1', '', '213.726', '8453.1', '24.0805', '0', '0', '0', '0', '1', '1', '255', '0', '1', '0', '0'),
('267737', '530', '3521', '3649', '1', '1', '', '216.297', '8487.55', '23.5395', '0', '0', '0', '0', '1', '1', '255', '0', '1', '0', '0'),
('267737', '530', '3521', '3649', '1', '1', '', '216.413', '8504.86', '24.1259', '0', '0', '0', '0', '1', '1', '255', '0', '1', '0', '0'),
('267738', '530', '3521', '3649', '1', '1', '', '216.87', '8529.84', '24.0108', '0', '0', '0', '0', '1', '1', '255', '0', '1', '0', '0'),
('267735', '530', '3521', '3649', '1', '1', '', '217.08', '8453.64', '23.4497', '0', '0', '0', '0', '1', '1', '255', '0', '1', '0', '0'),
('267738', '530', '3521', '3649', '1', '1', '', '217.667', '8481.35', '22.6935', '0', '0', '0', '0', '1', '1', '255', '0', '1', '0', '0'),
('267736', '530', '3521', '3649', '1', '1', '', '218.576', '8529.38', '23.8653', '0', '0', '0', '0', '1', '1', '255', '0', '1', '0', '0'),
('267735', '530', '3521', '3649', '1', '1', '', '219.12', '8485.58', '22.8161', '0', '0', '0', '0', '1', '1', '255', '0', '1', '0', '0'),
('267734', '530', '3521', '3649', '1', '1', '', '220.031', '8481.89', '21.8548', '0', '0', '0', '0', '1', '1', '255', '0', '1', '0', '0'),
('267737', '530', '3521', '3649', '1', '1', '', '220.483', '8451.19', '23.176', '0', '0', '0', '0', '1', '1', '255', '0', '1', '0', '0'),
('267737', '530', '3521', '3649', '1', '1', '', '220.674', '8448.46', '23.2492', '0', '0', '0', '0', '1', '1', '255', '0', '1', '0', '0'),
('267736', '530', '3521', '3649', '1', '1', '', '222.137', '8505.42', '23.7194', '0', '0', '0', '0', '1', '1', '255', '0', '1', '0', '0'),
('267735', '530', '3521', '3649', '1', '1', '', '223.63', '8526.67', '23.3895', '0', '0', '0', '0', '1', '1', '255', '0', '1', '0', '0'),
('267736', '530', '3521', '3649', '1', '1', '', '223.67', '8506.43', '23.7218', '0', '0', '0', '0', '1', '1', '255', '0', '1', '0', '0'),
('267736', '530', '3521', '3649', '1', '1', '', '224.054', '8565.09', '23.2967', '0', '0', '0', '0', '1', '1', '255', '0', '1', '0', '0'),
('267735', '530', '3521', '3649', '1', '1', '', '224.125', '8584.81', '23.6634', '0', '0', '0', '0', '1', '1', '255', '0', '1', '0', '0'),
('267738', '530', '3521', '3649', '1', '1', '', '224.642', '8563.97', '23.3052', '0', '0', '0', '0', '1', '1', '255', '0', '1', '0', '0'),
('267737', '530', '3521', '3649', '1', '1', '', '224.684', '8583.21', '23.7004', '0', '0', '0', '0', '1', '1', '255', '0', '1', '0', '0'),
('267736', '530', '3521', '3649', '1', '1', '', '224.936', '8525.77', '23.5031', '0', '0', '0', '0', '1', '1', '255', '0', '1', '0', '0'),
('267738', '530', '3521', '3649', '1', '1', '', '225.526', '8584.14', '23.7124', '0', '0', '0', '0', '1', '1', '255', '0', '1', '0', '0'),
('267737', '530', '3521', '3649', '1', '1', '', '226.073', '8524.82', '23.4861', '0', '0', '0', '0', '1', '1', '255', '0', '1', '0', '0'),
('267736', '530', '3521', '3649', '1', '1', '', '226.09', '8565.18', '23.4026', '0', '0', '0', '0', '1', '1', '255', '0', '1', '0', '0'),
('267735', '530', '3521', '3649', '1', '1', '', '226.332', '8585.72', '23.7089', '0', '0', '0', '0', '1', '1', '255', '0', '1', '0', '0'),
('267735', '530', '3521', '3649', '1', '1', '', '227.474', '8510.93', '23.7361', '0', '0', '0', '0', '1', '1', '255', '0', '1', '0', '0'),
('267735', '530', '3521', '3649', '1', '1', '', '228.502', '8512.38', '23.6022', '0', '0', '0', '0', '1', '1', '255', '0', '1', '0', '0'),
('267736', '530', '3521', '3649', '1', '1', '', '229.056', '8520.2', '23.2535', '0', '0', '0', '0', '1', '1', '255', '0', '1', '0', '0'),
('267738', '530', '3521', '3649', '1', '1', '', '229.071', '8564.45', '23.6291', '0', '0', '0', '0', '1', '1', '255', '0', '1', '0', '0'),
('267735', '530', '3521', '3649', '1', '1', '', '229.398', '8518.4', '23.2978', '0', '0', '0', '0', '1', '1', '255', '0', '1', '0', '0'),
('267738', '530', '3521', '3649', '1', '1', '', '229.477', '8577.13', '23.7045', '0', '0', '0', '0', '1', '1', '255', '0', '1', '0', '0'),
('267737', '530', '3521', '3649', '1', '1', '', '229.83', '8571.68', '23.6136', '0', '0', '0', '0', '1', '1', '255', '0', '1', '0', '0'),
('267737', '530', '3521', '3649', '1', '1', '', '230.111', '8578.46', '23.6966', '0', '0', '0', '0', '1', '1', '255', '0', '1', '0', '0'),
('267736', '530', '3521', '3649', '1', '1', '', '230.654', '8573.15', '23.5789', '0', '0', '0', '0', '1', '1', '255', '0', '1', '0', '0'),
('267735', '530', '3521', '3649', '1', '1', '', '231.267', '8567.47', '23.7394', '0', '0', '0', '0', '1', '1', '255', '0', '1', '0', '0'),
('267737', '530', '3521', '3649', '1', '1', '', '231.545', '8565.7', '23.9166', '0', '0', '0', '0', '1', '1', '255', '0', '1', '0', '0'),
('267737', '530', '3521', '3649', '1', '1', '', '232.488', '8585.65', '23.9094', '0', '0', '0', '0', '1', '1', '255', '0', '1', '0', '0'),
('267734', '530', '3521', '3649', '1', '1', '', '253.165', '8485.55', '23.4758', '0', '0', '0', '0', '1', '1', '255', '0', '1', '0', '0'),
('267737', '530', '3521', '3649', '1', '1', '', '253.967', '8557.83', '22.6329', '0', '0', '0', '0', '1', '1', '255', '0', '1', '0', '0'),
('267738', '530', '3521', '3649', '1', '1', '', '254.273', '8560.5', '22.9459', '0', '0', '0', '0', '1', '1', '255', '0', '1', '0', '0'),
('267738', '530', '3521', '3649', '1', '1', '', '254.576', '8556.46', '22.3426', '0', '0', '0', '0', '1', '1', '255', '0', '1', '0', '0'),
('267735', '530', '3521', '3649', '1', '1', '', '254.767', '8563.27', '23.2057', '0', '0', '0', '0', '1', '1', '255', '0', '1', '0', '0'),
('267738', '530', '3521', '3649', '1', '1', '', '255.033', '8579.24', '23.2766', '0', '0', '0', '0', '1', '1', '255', '0', '1', '0', '0'),
('267735', '530', '3521', '3649', '1', '1', '', '255.543', '8483.18', '23.5751', '0', '0', '0', '0', '1', '1', '255', '0', '1', '0', '0'),
('267734', '530', '3521', '3649', '1', '1', '', '256.469', '8488.83', '23.6201', '0', '0', '0', '0', '1', '1', '255', '0', '1', '0', '0'),
('267738', '530', '3521', '3649', '1', '1', '', '257.089', '8562.41', '23.2873', '0', '0', '0', '0', '1', '1', '255', '0', '1', '0', '0'),
('267736', '530', '3521', '3649', '1', '1', '', '257.201', '8577.89', '23.2835', '0', '0', '0', '0', '1', '1', '255', '0', '1', '0', '0'),
('267737', '530', '3521', '3649', '1', '1', '', '257.299', '8489.03', '23.6567', '0', '0', '0', '0', '1', '1', '255', '0', '1', '0', '0'),
('267736', '530', '3521', '3649', '1', '1', '', '257.708', '8576.33', '23.2051', '0', '0', '0', '0', '1', '1', '255', '0', '1', '0', '0'),
('267737', '530', '3521', '3649', '1', '1', '', '258.276', '8490.04', '23.7044', '0', '0', '0', '0', '1', '1', '255', '0', '1', '0', '0'),
('267736', '530', '3521', '3649', '1', '1', '', '258.62', '8581.24', '23.9423', '0', '0', '0', '0', '1', '1', '255', '0', '1', '0', '0'),
('267735', '530', '3521', '3649', '1', '1', '', '259.885', '8556.25', '21.8198', '0', '0', '0', '0', '1', '1', '255', '0', '1', '0', '0'),
('267738', '530', '3521', '3649', '1', '1', '', '259.898', '8578.15', '23.4563', '0', '0', '0', '0', '1', '1', '255', '0', '1', '0', '0'),
('267738', '530', '3521', '3649', '1', '1', '', '261.642', '8559.71', '22.6642', '0', '0', '0', '0', '1', '1', '255', '0', '1', '0', '0'),
('267737', '530', '3521', '3649', '1', '1', '', '262.786', '8556.47', '21.6374', '0', '0', '0', '0', '1', '1', '255', '0', '1', '0', '0'),
('267736', '530', '3521', '3649', '1', '1', '', '263.49', '8558.36', '22.111', '0', '0', '0', '0', '1', '1', '255', '0', '1', '0', '0'),
('267738', '530', '3521', '3649', '1', '1', '', '263.837', '8562.14', '23.0723', '0', '0', '0', '0', '1', '1', '255', '0', '1', '0', '0'),
('267734', '530', '3521', '3649', '1', '1', '', '266.871', '8515.5', '23.5471', '0', '0', '0', '0', '1', '1', '255', '0', '1', '0', '0'),
('267738', '530', '3521', '3649', '1', '1', '', '267.995', '8568.39', '24.0072', '0', '0', '0', '0', '1', '1', '255', '0', '1', '0', '0'),
('267734', '530', '3521', '3649', '1', '1', '', '268.262', '8517.88', '23.4805', '0', '0', '0', '0', '1', '1', '255', '0', '1', '0', '0'),
('267738', '530', '3521', '3649', '1', '1', '', '269.146', '8513.8', '23.5287', '0', '0', '0', '0', '1', '1', '255', '0', '1', '0', '0'),
('267734', '530', '3521', '3649', '1', '1', '', '269.486', '8568.73', '24.0715', '0', '0', '0', '0', '1', '1', '255', '0', '1', '0', '0'),
('267737', '530', '3521', '3649', '1', '1', '', '271.056', '8502.13', '23.6015', '0', '0', '0', '0', '1', '1', '255', '0', '1', '0', '0'),
('267734', '530', '3521', '3649', '1', '1', '', '271.899', '8516.47', '23.4353', '0', '0', '0', '0', '1', '1', '255', '0', '1', '0', '0'),
('267734', '530', '3521', '3649', '1', '1', '', '272.319', '8504.38', '23.5639', '0', '0', '0', '0', '1', '1', '255', '0', '1', '0', '0'),
('267736', '530', '3521', '3649', '1', '1', '', '272.962', '8501.64', '23.5943', '0', '0', '0', '0', '1', '1', '255', '0', '1', '0', '0'),
('267737', '530', '3521', '3649', '1', '1', '', '273.974', '8520.18', '23.2792', '0', '0', '0', '0', '1', '1', '255', '0', '1', '0', '0'),
('267738', '530', '3521', '3649', '1', '1', '', '274.799', '8521.07', '23.2116', '0', '0', '0', '0', '1', '1', '255', '0', '1', '0', '0'),
('267738', '530', '3521', '3649', '1', '1', '', '274.944', '8526.79', '21.9509', '0', '0', '0', '0', '1', '1', '255', '0', '1', '0', '0'),
('267734', '530', '3521', '3649', '1', '1', '', '275.066', '8493.4', '23.4911', '0', '0', '0', '0', '1', '1', '255', '0', '1', '0', '0'),
('267737', '530', '3521', '3649', '1', '1', '', '275.273', '8525.42', '22.5121', '0', '0', '0', '0', '1', '1', '255', '0', '1', '0', '0'),
('267736', '530', '3521', '3649', '1', '1', '', '276.507', '8527.84', '21.6597', '0', '0', '0', '0', '1', '1', '255', '0', '1', '0', '0'),
('267736', '530', '3521', '3649', '1', '1', '', '279.861', '8526.24', '22.3477', '0', '0', '0', '0', '1', '1', '255', '0', '1', '0', '0'),
('267736', '530', '3521', '3649', '1', '1', '', '283.835', '8519.48', '23.0934', '0', '0', '0', '0', '1', '1', '255', '0', '1', '0', '0'),
('267735', '530', '3521', '3649', '1', '1', '', '285.599', '8508.53', '22.7711', '0', '0', '0', '0', '1', '1', '255', '0', '1', '0', '0');
replace into `game_event_gameobject` (`eventEntry`, `guid`) select 301, guid from gameobject where id in (267734,267735,267736,267737,267738);

DELETE FROM creature WHERE id in (118521);
INSERT INTO `creature` (`id`, `map`, `zoneId`, `areaId`, `spawnMask`, `phaseMask`, `PhaseId`, `modelid`, `equipment_id`, `position_x`, `position_y`, `position_z`, `orientation`, `spawntimesecs`, `spawndist`, `currentwaypoint`, `curhealth`, `curmana`, `MovementType`, `npcflag`, `unit_flags`, `dynamicflags`, `AiID`, `MovementID`, `MeleeID`) VALUES
(118521, 530, 0, 0, 1, 1, '', 0, 0, 212.5434, 8517.771, 28.59464, 3.146124, 180, 0, 0, 0, 0, 0, 0, 0, 0, 0, 0, 0);
replace into `game_event_creature` (`eventEntry`, `guid`) select 301, guid from creature where id in (118521);

DELETE FROM `creature_equip_template` WHERE `CreatureID` IN (118521);
INSERT INTO `creature_equip_template` (`CreatureID`, `ItemID1`, `ItemID2`, `ItemID3`, `ItemID4`, `ItemID5`, `ItemID6`) VALUES
(118521, 1904, 0, 0, 0, 0, 0);

REPLACE INTO `creature_template_addon` (`entry`, `mount`, `bytes1`, `bytes2`, `auras`) VALUES
(118521, 0, 0x0, 0x1, '35230');

DELETE FROM creature_template WHERE entry in (118509,118521);
INSERT INTO `creature_template` (`entry`, `trainer_type`, `gossip_menu_id`, `exp`, `minlevel`, `maxlevel`, `faction`, `npcflag`, `npcflag2`, `RangeAttackTime`, `unit_class`, `unit_flags`, `unit_flags2`, `unit_flags3`, `VehicleId`, `HoverHeight`, `InhabitType`, `SandboxScalingID`, `ScaleLevelMin`, `ScaleLevelMax`, `ScaleLevelDelta`, `ScaleLevelDuration`, `ControllerID`, `StateWorldEffectID`, `SpellStateVisualID`, `SpellStateAnimID`, `SpellStateAnimKitID`, `WorldEffects`, `PassiveSpells`, `flags_extra`, `speed_walk`, `speed_run`, `BaseAttackTime`) VALUES
(118509, 0, 0, 0, 110, 110, 35, 0, 0, 2000, 1, 32768, 0, 0, 0, 1, 3, 0, 62, 110, 0, 2000, -1, 0, 0, 0, 0, '', '', 0, 0.4, 0.1428571, 2000), -- 118509
(118521, 0, 0, 0, 65, 65, 1708, 0, 0, 2000, 2, 768, 2048, 0, 0, 1, 3, 0, 0, 0, 0, 100, -1, 0, 0, 0, 0, '', '', 0, 1, 1.142857, 2000); -- 118521

DELETE FROM creature_text WHERE entry in (118521);
INSERT INTO `creature_text` (`Entry`, `GroupID`, `ID`, `Text`, `Type`, `Language`, `Probability`, `Emote`, `Duration`, `Sound`, `BroadcastTextID`, `comment`) VALUES
(118521, 0, 0, 'Внимание, спорлинги! Почетные спорлинги! Приглашаю вас посетить церемонию выращивания Фшу!', 12, 0, 100, 0, 0, 0, 126803, 'Тжуффк'),
(118521, 1, 0, 'Фшу не выживет долго на поверхности без вашей помощи! Нам нужны лекари, медики и грибные целители, которые защитят Фшу.', 12, 0, 100, 0, 0, 0, 126804, 'Тжуффк'),
(118521, 2, 0, 'Фшу явилась!', 12, 0, 100, 0, 0, 0, 126805, 'Тжуффк'),
(118521, 3, 0, 'Фшу погибла. Да будут вечно зангарские ветра разносить ее споры!', 12, 0, 100, 0, 0, 0, 126806, 'Тжуффк to 118509');

DELETE FROM game_event WHERE eventEntry in (301);
INSERT INTO `game_event` (`eventEntry`, `start_time`, `end_time`, `occurence`, `length`, `holiday`, `description`, `world_event`) VALUES
('301', '2018-05-27 12:00:00', '2025-05-28 12:00:00', '525600', '1440', '648', 'Glowcap Festival', '0');

REPLACE INTO `conditions` (`SourceTypeOrReferenceId`, `SourceGroup`, `SourceEntry`, `SourceId`, `ElseGroup`, `ConditionTypeOrReference`, `ConditionTarget`, `ConditionValue1`, `ConditionValue2`, `ConditionValue3`, `NegativeCondition`, `ErrorTextId`, `ScriptName`, `Comment`) VALUES
('13', '1', '235265', '0', '0', '31', '0', '3', '118509', '0', '0', '0', '', 'to target'),
('13', '1', '235269', '0', '0', '31', '0', '3', '118509', '0', '0', '0', '', 'to target'),
('13', '1', '235292', '0', '0', '31', '0', '3', '118509', '0', '0', '0', '', 'to target');

UPDATE creature_template SET ScriptName='npc_tzhuffk' WHERE entry = 118521;
UPDATE creature_template SET ScriptName='npc_fshoo' WHERE entry = 118509;
UPDATE `creature_template` SET `RegenHealth`='0' WHERE (`entry`='118509');
UPDATE `creature_template_wdb` SET `Displayid1`='74772', `Displayid2`='0', `Displayid3`='0' WHERE (`Entry`='118509');

DELETE FROM gameobject_template WHERE entry in (267734,267735,267736,267737,267738);
INSERT INTO `gameobject_template` (`entry`, `type`, `displayId`, `name`, `IconName`, `castBarCaption`, `unk1`, `faction`, `flags`, `size`, `questItem1`, `questItem2`, `questItem3`, `questItem4`, `questItem5`, `questItem6`, `Data0`, `Data1`, `Data2`, `Data3`, `Data4`, `Data5`, `Data6`, `Data7`, `Data8`, `Data9`, `Data10`, `Data11`, `Data12`, `Data13`, `Data14`, `Data15`, `Data16`, `Data17`, `Data18`, `Data19`, `Data20`, `Data21`, `Data22`, `Data23`, `Data24`, `Data25`, `Data26`, `Data27`, `Data28`, `Data29`, `Data30`, `Data31`, `Data32`, `unkInt32`, `AIName`, `ScriptName`, `WorldEffectID`, `StateWorldEffectID`, `SpellVisualID`, `SpellStateVisualID`, `SpellStateAnimID`, `SpellStateAnimKitID`, `MaxVisible`, `IgnoreDynLos`, `VerifiedBuild`) VALUES
('267734', '3', '37398', 'Мерзлая шляпка', '', 'Сбор', '', '0', '2375680', '0.5', '0', '0', '0', '0', '0', '0', '93', '267734', '0', '1', '0', '0', '0', '0', '0', '0', '0', '0', '0', '0', '0', '0', '0', '0', '0', '0', '0', '0', '0', '0', '0', '0', '0', '0', '0', '0', '0', '0', '0', '0', '', '', '2100', '0', '0', '0', '0', '0', '0', '0', '1'),
('267735', '3', '37399', 'Пахучий трюфель', '', 'Сбор', '', '0', '2375680', '0.15', '0', '0', '0', '0', '0', '0', '93', '267735', '0', '1', '0', '0', '0', '0', '0', '0', '0', '0', '0', '0', '0', '0', '0', '0', '0', '0', '0', '0', '0', '0', '0', '0', '0', '0', '0', '0', '0', '0', '0', '0', '', '', '2100', '0', '0', '0', '0', '0', '0', '0', '1'),
('267736', '3', '6874', 'Огромная огнешляпка', '', 'Сбор', '', '0', '2375680', '0.06', '0', '0', '0', '0', '0', '0', '93', '267736', '0', '1', '0', '0', '0', '0', '0', '0', '0', '0', '0', '0', '0', '0', '0', '0', '0', '0', '0', '0', '0', '0', '0', '0', '0', '0', '0', '0', '0', '0', '0', '0', '', '', '2100', '0', '0', '0', '0', '0', '0', '0', '1'),
('267737', '3', '31537', 'Спороггиум', '', 'Сбор', '', '0', '2375680', '1', '0', '0', '0', '0', '0', '0', '93', '267737', '0', '1', '0', '0', '0', '0', '0', '0', '0', '0', '0', '0', '0', '0', '0', '0', '0', '0', '0', '0', '0', '0', '0', '0', '0', '0', '0', '0', '0', '0', '0', '0', '', '', '2100', '0', '0', '0', '0', '0', '0', '0', '1'),
('267738', '3', '10057', 'Жизнегриб', '', 'Сбор', '', '0', '2375680', '1', '0', '0', '0', '0', '0', '0', '93', '267738', '0', '1', '0', '0', '0', '0', '0', '0', '0', '0', '0', '0', '0', '0', '0', '0', '0', '0', '0', '0', '0', '0', '0', '0', '0', '0', '0', '0', '0', '0', '0', '0', '', '', '2100', '0', '0', '0', '0', '0', '0', '0', '1');

DELETE FROM gameobject_loot_template WHERE entry in (267734,267735,267736,267737,267738);
INSERT INTO `gameobject_loot_template` (`entry`, `item`, `ChanceOrQuestChance`, `lootmode`, `groupid`, `mincountOrRef`, `maxcount`, `shared`) VALUES
('267734', '144265', '100', '1', '0', '1', '1', '0'),
('267737', '144261', '100', '1', '0', '1', '1', '0'),
('267738', '144262', '100', '1', '0', '1', '1', '0'),
('267736', '24245', '100', '1', '0', '4', '7', '0'),
('267735', '144264', '100', '1', '0', '1', '1', '0');

REPLACE INTO `conditions` (`SourceTypeOrReferenceId`, `SourceGroup`, `SourceEntry`, `SourceId`, `ElseGroup`, `ConditionTypeOrReference`, `ConditionTarget`, `ConditionValue1`, `ConditionValue2`, `ConditionValue3`, `NegativeCondition`, `ErrorTextId`, `ScriptName`, `Comment`) VALUES
('25', '18382', '144265', '0', '0', '12', '0', '301', '0', '0', '0', '0', '', 'true if event is active'),
('25', '18382', '144261', '0', '0', '12', '0', '301', '0', '0', '0', '0', '', 'true if event is active'),
('25', '18382', '144262', '0', '0', '12', '0', '301', '0', '0', '0', '0', '', 'true if event is active'),
('25', '18382', '144276', '0', '0', '12', '0', '301', '0', '0', '0', '0', '', 'true if event is active'),
('25', '18382', '144264', '0', '0', '12', '0', '301', '0', '0', '0', '0', '', 'true if event is active');

REPLACE INTO `npc_vendor` (`entry`, `slot`, `item`, `maxcount`, `incrtime`, `ExtendedCost`, `money`, `type`, `PlayerConditionID`, `IgnoreFiltering`, `RandomPropertiesSeed`, `RandomPropertiesID`, `BonusListID`, `ItemModifiers`, `Context`, `VerifiedBuild`) VALUES
('18382', '0', '144261', '0', '0', '1994', '0', '1', '0', '0', '0', '0', '', '', '0', '21021'),
('18382', '0', '144262', '0', '0', '1076', '0', '1', '0', '0', '0', '0', '', '', '0', '21021'),
('18382', '0', '144265', '0', '0', '1076', '0', '1', '0', '0', '0', '0', '', '', '0', '21021'),
('18382', '0', '144276', '0', '0', '100', '0', '1', '0', '0', '0', '0', '', '', '0', '21021');
