DELETE FROM creature WHERE id in (28052,123120,28049,28060,28048,28050,28051,108699,108937,108715,122396,122234,122269,122248,122250,123392,122280,122282,122346,122243,122277,123394,122253,122258,122254,122257);
INSERT INTO `creature` (`guid`, `id`, `map`, `zoneId`, `areaId`, `spawnMask`, `phaseMask`, `PhaseId`, `modelid`, `equipment_id`, `position_x`, `position_y`, `position_z`, `orientation`, `spawntimesecs`, `spawndist`, `currentwaypoint`, `curhealth`, `curmana`, `MovementType`, `npcflag`, `npcflag2`, `unit_flags`, `dynamicflags`, `AiID`, `MovementID`, `MeleeID`, `isActive`, `skipClone`, `personal_size`) VALUES
('506000', '28048', '0', '5287', '35', '1', '1', '', '0', '0', '-14422.6', '523.259', '26.3886', '5.16617', '120', '0', '0', '0', '0', '0', '0', '0', '0', '0', '0', '0', '0', '0', '0', '0'),
('506001', '28049', '0', '5287', '35', '1', '1', '', '0', '0', '-14420.5', '525.486', '26.0714', '4.67748', '120', '0', '0', '0', '0', '0', '0', '0', '0', '0', '0', '0', '0', '0', '0', '0'),
('506002', '28050', '0', '5287', '35', '1', '1', '', '0', '0', '-14430.4', '520.976', '25.9306', '2.56563', '120', '0', '0', '0', '0', '0', '0', '0', '0', '0', '0', '0', '0', '0', '0', '0'),
('506003', '28051', '0', '5287', '35', '1', '1', '', '0', '0', '-14432.2', '521.966', '25.6104', '5.84685', '120', '0', '0', '0', '0', '0', '0', '0', '0', '0', '0', '0', '0', '0', '0', '0'),
('506004', '28052', '0', '5287', '35', '1', '1', '', '0', '0', '-14413.7', '534.658', '24.6602', '0.191986', '120', '0', '0', '0', '0', '0', '0', '0', '0', '0', '0', '0', '0', '0', '0', '0'),
('506005', '28052', '0', '5287', '35', '1', '1', '', '0', '0', '-14418.5', '531.243', '25.11', '2.09439', '120', '0', '0', '0', '0', '0', '0', '0', '0', '0', '0', '0', '0', '0', '0', '0'),
('506006', '28052', '0', '5287', '35', '1', '1', '', '0', '0', '-14418.6', '534.416', '24.5415', '4.15388', '120', '0', '0', '0', '0', '0', '0', '0', '0', '0', '0', '0', '0', '0', '0', '0'),
('506007', '28052', '0', '5287', '1757', '1', '1', '', '0', '0', '-14414.2', '532.037', '25.1317', '5.95948', '120', '10', '0', '0', '0', '1', '0', '0', '0', '0', '0', '0', '0', '0', '0', '0'),
('506008', '28052', '0', '5287', '35', '1', '1', '', '0', '0', '-14425.8', '530.786', '24.9976', '5.89921', '120', '0', '0', '0', '0', '0', '0', '0', '0', '0', '0', '0', '0', '0', '0', '0'),
('506009', '28052', '0', '5287', '35', '1', '1', '', '0', '0', '-14415.5', '542.471', '23.0439', '0.436332', '120', '0', '0', '0', '0', '0', '0', '0', '0', '0', '0', '0', '0', '0', '0', '0'),
('506010', '28052', '0', '5287', '35', '1', '1', '', '0', '0', '-14421', '532.887', '24.7346', '0.0349066', '120', '0', '0', '0', '0', '0', '0', '0', '0', '0', '0', '0', '0', '0', '0', '0'),
('506011', '28052', '0', '5287', '35', '1', '1', '', '0', '0', '-14422.7', '535.034', '24.3235', '1.85005', '120', '0', '0', '0', '0', '0', '0', '0', '0', '0', '0', '0', '0', '0', '0', '0'),
('506012', '28052', '0', '5287', '35', '1', '1', '', '0', '0', '-14425.2', '528.117', '25.4393', '1.43117', '120', '0', '0', '0', '0', '0', '0', '0', '0', '0', '0', '0', '0', '0', '0', '0'),
('506013', '28052', '0', '5287', '35', '1', '1', '', '0', '0', '-14423.4', '530.337', '25.1525', '3.08923', '120', '0', '0', '0', '0', '0', '0', '0', '0', '0', '0', '0', '0', '0', '0', '0'),
('506014', '28052', '0', '5287', '35', '1', '1', '', '0', '0', '-14427.9', '534.161', '24.306', '2.49582', '120', '0', '0', '0', '0', '0', '0', '0', '0', '0', '0', '0', '0', '0', '0', '0'),
('506015', '28052', '0', '5287', '35', '1', '1', '', '0', '0', '-14429', '532.862', '24.2901', '1.86354', '120', '10', '0', '0', '0', '1', '0', '0', '0', '0', '0', '0', '0', '0', '0', '0'),
('506016', '28052', '0', '5287', '35', '1', '1', '', '0', '0', '-14431.3', '529.618', '24.6118', '4.62512', '120', '0', '0', '0', '0', '0', '0', '0', '0', '0', '0', '0', '0', '0', '0', '0'),
('506017', '28052', '0', '5287', '35', '1', '1', '', '0', '0', '-14432.5', '527.639', '24.7748', '0.541052', '120', '0', '0', '0', '0', '0', '0', '0', '0', '0', '0', '0', '0', '0', '0', '0'),
('506018', '28052', '0', '5287', '35', '1', '1', '', '0', '0', '-14412.2', '551.752', '20.7413', '0.907571', '120', '0', '0', '0', '0', '0', '0', '0', '0', '0', '0', '0', '0', '0', '0', '0'),
('506019', '28052', '0', '5287', '35', '1', '1', '', '0', '0', '-14422.6', '538.436', '23.718', '4.06662', '120', '0', '0', '0', '0', '0', '0', '0', '0', '0', '0', '0', '0', '0', '0', '0'),
('506020', '28052', '0', '5287', '35', '1', '1', '', '0', '0', '-14429.5', '527.21', '25.128', '2.61799', '120', '0', '0', '0', '0', '0', '0', '0', '0', '0', '0', '0', '0', '0', '0', '0'),
('506021', '28052', '0', '5287', '35', '1', '1', '', '0', '0', '-14425', '537.394', '23.872', '6.26573', '120', '0', '0', '0', '0', '0', '0', '0', '0', '0', '0', '0', '0', '0', '0', '0'),
('506022', '28052', '0', '5287', '35', '1', '1', '', '0', '0', '-14429.6', '536.955', '23.7319', '4.64258', '120', '0', '0', '0', '0', '0', '0', '0', '0', '0', '0', '0', '0', '0', '0', '0'),
('506023', '28052', '0', '5287', '35', '1', '1', '', '0', '0', '-14431.7', '535.755', '23.696', '5.96903', '120', '10', '0', '0', '0', '1', '0', '0', '0', '0', '0', '0', '0', '0', '0', '0'),
('506024', '28052', '0', '5287', '35', '1', '1', '', '0', '0', '-14430.5', '533.726', '24.1085', '1.20428', '120', '0', '0', '0', '0', '0', '0', '0', '0', '0', '0', '0', '0', '0', '0', '0'),
('506025', '28060', '0', '5287', '35', '1', '1', '', '0', '0', '-14418.1', '526.078', '26.0428', '4.50295', '120', '0', '0', '0', '0', '0', '0', '0', '0', '0', '0', '0', '0', '0', '0', '0'),
('506026', '122234', '0', '5287', '1577', '1', '1', '', '0', '0', '-14710.9', '550.851', '0.362847', '1.95287', '120', '0', '0', '0', '0', '0', '0', '0', '0', '0', '0', '0', '0', '0', '0', '0'),
('506027', '122234', '0', '5287', '1577', '1', '1', '', '0', '0', '-14731', '545.172', '2.27951', '4.70235', '120', '0', '0', '0', '0', '0', '0', '0', '0', '0', '0', '0', '0', '0', '0', '0'),
('506028', '122234', '0', '5287', '1577', '1', '1', '', '0', '0', '-14747.8', '545.312', '1.75197', '2.84404', '120', '0', '0', '0', '0', '0', '0', '0', '0', '0', '0', '0', '0', '0', '0', '0'),
('506029', '122234', '0', '5287', '1577', '1', '1', '', '0', '0', '-14747.9', '543.031', '1.87674', '2.36788', '120', '0', '0', '0', '0', '0', '0', '0', '0', '0', '0', '0', '0', '0', '0', '0'),
('506030', '122234', '0', '5287', '43', '1', '1', '', '0', '0', '-14806.3', '593.651', '2.02257', '1.44194', '120', '0', '0', '0', '0', '0', '0', '0', '0', '0', '0', '0', '0', '0', '0', '0'),
('506031', '122243', '0', '5287', '43', '1', '1', '', '0', '0', '-14810.6', '579.387', '0.59375', '5.65656', '120', '0', '0', '0', '0', '0', '0', '0', '0', '0', '0', '0', '0', '0', '0', '0'),
('506032', '122243', '0', '5287', '43', '1', '1', '', '0', '0', '-14806.2', '595.846', '1.4687', '4.59455', '120', '0', '0', '0', '0', '0', '0', '0', '0', '0', '0', '0', '0', '0', '0', '0'),
('506033', '122248', '0', '5287', '1577', '1', '1', '', '0', '0', '-14727.5', '541.248', '2.48993', '2.93539', '120', '0', '0', '0', '0', '0', '0', '0', '0', '0', '0', '0', '0', '0', '0', '0'),
('506034', '122248', '0', '5287', '1577', '1', '1', '', '0', '0', '-14747.6', '550.113', '1.42535', '3.97455', '120', '0', '0', '0', '0', '0', '0', '0', '0', '0', '0', '0', '0', '0', '0', '0'),
('506035', '122250', '0', '5287', '1577', '1', '1', '', '0', '0', '-14712.9', '544.248', '1.34549', '3.20598', '120', '0', '0', '0', '0', '0', '0', '0', '0', '0', '0', '0', '0', '0', '0', '0'),
('506036', '122250', '0', '5287', '1577', '1', '1', '', '0', '0', '-14716.2', '541.837', '1.79838', '5.20472', '120', '0', '0', '0', '0', '0', '0', '0', '0', '0', '0', '0', '0', '0', '0', '0'),
('506037', '122250', '0', '5287', '1577', '1', '1', '', '0', '0', '-14718.3', '553.497', '0.266378', '1.31515', '120', '0', '0', '0', '0', '0', '0', '0', '0', '0', '0', '0', '0', '0', '0', '0'),
('506038', '122250', '0', '5287', '1577', '1', '1', '', '0', '0', '-14738', '557.731', '0.648316', '1.91986', '120', '0', '0', '0', '0', '0', '0', '0', '0', '0', '0', '0', '0', '0', '0', '0'),
('506039', '122250', '0', '5287', '1577', '1', '1', '', '0', '0', '-14744.7', '532.663', '2.78127', '4.95146', '120', '0', '0', '0', '0', '0', '0', '0', '0', '0', '0', '0', '0', '0', '0', '0'),
('506040', '122250', '0', '5287', '1577', '1', '1', '', '0', '0', '-14752.9', '534.413', '1.39294', '3.75394', '120', '0', '0', '0', '0', '0', '0', '0', '0', '0', '0', '0', '0', '0', '0', '0'),
('506041', '122269', '0', '5287', '1577', '1', '1', '', '0', '0', '-14732.9', '538.061', '2.90799', '1.34429', '120', '0', '0', '0', '0', '0', '0', '0', '0', '0', '0', '0', '0', '0', '0', '0'),
('506042', '122269', '0', '5287', '43', '1', '1', '', '0', '0', '-14830.7', '582.896', '3.4687', '4.03159', '120', '0', '0', '0', '0', '0', '0', '0', '0', '0', '0', '0', '0', '0', '0', '0'),
('506043', '122277', '0', '5287', '1577', '1', '1', '', '0', '0', '-14729.1', '557.2', '0.233148', '1.70452', '120', '0', '0', '0', '0', '0', '0', '0', '0', '0', '0', '0', '0', '0', '0', '0'),
('506044', '122277', '0', '5287', '43', '1', '1', '', '0', '0', '-14813.7', '577.127', '0.407986', '4.27164', '120', '0', '0', '0', '0', '0', '0', '0', '0', '0', '0', '0', '0', '0', '0', '0'),
('506045', '122280', '0', '5287', '1577', '1', '1', '', '0', '0', '-14753', '563.392', '-0.0246343', '0.166991', '120', '0', '0', '0', '0', '0', '0', '0', '0', '0', '0', '0', '0', '0', '0', '0'),
('506046', '122280', '0', '5287', '1577', '1', '1', '', '0', '0', '-14777.6', '551.377', '-0.126472', '6.14658', '120', '0', '0', '0', '0', '0', '0', '0', '0', '0', '0', '0', '0', '0', '0', '0'),
('506047', '122280', '0', '5287', '43', '1', '1', '', '0', '0', '-14836.4', '575.964', '-0.11885', '0.907571', '120', '0', '0', '0', '0', '0', '0', '0', '0', '0', '0', '0', '0', '0', '0', '0'),
('506048', '122282', '0', '5287', '1577', '1', '1', '', '0', '0', '-14777.7', '569.2', '-0.114919', '0.364161', '120', '0', '0', '0', '0', '0', '0', '0', '0', '0', '0', '0', '0', '0', '0', '0'),
('506049', '122282', '0', '5287', '1577', '1', '1', '', '0', '0', '-14767.3', '587.353', '-0.142745', '1.2619', '120', '0', '0', '0', '0', '0', '0', '0', '0', '0', '0', '0', '0', '0', '0', '0'),
('506050', '122282', '0', '5287', '1577', '1', '1', '', '0', '0', '-14791.1', '546.748', '-0.0331839', '6.08121', '120', '0', '0', '0', '0', '0', '0', '0', '0', '0', '0', '0', '0', '0', '0', '0'),
('506051', '122346', '0', '5287', '1577', '1', '1', '', '0', '0', '-14774.5', '570.273', '-0.0945897', '3.61055', '120', '0', '0', '0', '0', '0', '0', '0', '0', '0', '0', '0', '0', '0', '0', '0'),
('506052', '122346', '0', '5287', '1577', '1', '1', '', '0', '0', '-14791.7', '592.654', '-0.0349323', '5.06885', '120', '0', '0', '0', '0', '0', '0', '0', '0', '0', '0', '0', '0', '0', '0', '0'),
('506053', '122346', '0', '5287', '43', '1', '1', '', '0', '0', '-14814.5', '566.33', '-0.124055', '4.04455', '120', '0', '0', '0', '0', '0', '0', '0', '0', '0', '0', '0', '0', '0', '0', '0'),
('506054', '122396', '0', '5287', '1577', '1', '1', '', '0', '0', '-14734.5', '543.342', '2.55204', '2.75433', '120', '0', '0', '0', '0', '0', '0', '0', '0', '0', '0', '0', '0', '0', '0', '0'),
('506055', '123120', '0', '5287', '35', '1', '1', '', '0', '0', '-14451', '537.656', '21.022', '5.8507', '120', '0', '0', '0', '0', '0', '0', '0', '0', '0', '0', '0', '0', '0', '0', '0'),
('506056', '123392', '0', '5287', '1577', '1', '1', '', '0', '0', '-14714.3', '548.592', '0.890031', '2.92364', '120', '0', '0', '0', '0', '0', '0', '0', '0', '0', '0', '0', '0', '0', '0', '0'),
('506057', '123394', '0', '5287', '43', '1', '1', '', '0', '0', '-14812.8', '586.771', '2.30205', '5.51359', '120', '0', '0', '0', '0', '0', '0', '0', '0', '0', '0', '0', '0', '0', '0', '0'),
('506058', '122253', '0', '5287', '1577', '1', '1', '', '0', '0', '-14753.5', '546.104', '1.2268', '0.0119746', '120', '0', '0', '0', '0', '0', '0', '0', '0', '0', '0', '0', '0', '0', '0', '0'),
('506059', '122254', '0', '5287', '1577', '1', '1', '', '0', '0', '-14752.2', '547.908', '1.3201', '5.57296', '120', '0', '0', '0', '0', '0', '0', '0', '0', '0', '0', '0', '0', '0', '0', '0'),
('506060', '122257', '0', '5287', '1577', '1', '1', '', '0', '0', '-14751.9', '546.24', '1.31636', '6.17021', '120', '0', '0', '0', '0', '0', '0', '0', '0', '0', '0', '0', '0', '0', '0', '0'),
('506061', '122258', '0', '5287', '1577', '1', '1', '', '0', '0', '-14752.6', '544.779', '1.21638', '0.491132', '120', '0', '0', '0', '0', '0', '0', '0', '0', '0', '0', '0', '0', '0', '0', '0');

INSERT INTO `creature` (`id`, `map`, `zoneId`, `areaId`, `spawnMask`, `phaseMask`, `PhaseId`, `modelid`, `equipment_id`, `position_x`, `position_y`, `position_z`, `orientation`, `spawntimesecs`, `spawndist`, `currentwaypoint`, `curhealth`, `curmana`, `MovementType`, `npcflag`, `npcflag2`, `unit_flags`, `dynamicflags`, `AiID`, `MovementID`, `MeleeID`, `isActive`, `skipClone`, `personal_size`) VALUES
('108699', '0', '5287', '35', '1', '1', '', '0', '0', '-14382.9', '497.677', '-34.4601', '0', '120', '10', '0', '0', '0', '1', '0', '0', '0', '0', '0', '0', '0', '0', '0', '0'),
('108699', '0', '5287', '35', '1', '1', '', '0', '0', '-14393.8', '464.22', '-18.0986', '0', '120', '10', '0', '0', '0', '1', '0', '0', '0', '0', '0', '0', '0', '0', '0', '0'),
('108699', '0', '5287', '35', '1', '1', '', '0', '0', '-14315', '601.401', '-31.1713', '4.42499', '120', '10', '0', '0', '0', '1', '0', '0', '0', '0', '0', '0', '0', '0', '0', '0'),
('108699', '0', '5287', '35', '1', '1', '', '0', '0', '-14326.7', '576.711', '-8.03957', '1.75416', '120', '0', '0', '0', '0', '0', '0', '0', '0', '0', '0', '0', '0', '0', '0', '0'),
('108699', '0', '5287', '35', '1', '1', '', '0', '0', '-14297.6', '549.537', '-11.2854', '3.14994', '120', '0', '0', '0', '0', '0', '0', '0', '0', '0', '0', '0', '0', '0', '0', '0'),
('108699', '0', '5287', '35', '1', '1', '', '0', '0', '-14345.8', '634.232', '-21.6222', '1.29661', '120', '10', '0', '0', '0', '1', '0', '0', '0', '0', '0', '0', '0', '0', '0', '0'),
('108699', '0', '5287', '35', '1', '1', '', '0', '0', '-14293.5', '660.642', '-29.4433', '2.15008', '120', '0', '0', '0', '0', '0', '0', '0', '0', '0', '0', '0', '0', '0', '0', '0'),
('108699', '0', '5287', '35', '1', '1', '', '0', '0', '-14247.9', '561.776', '-11.2182', '3.24606', '120', '10', '0', '0', '0', '1', '0', '0', '0', '0', '0', '0', '0', '0', '0', '0'),
('108699', '0', '5287', '35', '1', '1', '', '0', '0', '-14282.8', '664.707', '-19.1822', '5.40202', '120', '0', '0', '0', '0', '0', '0', '0', '0', '0', '0', '0', '0', '0', '0', '0'),
('108699', '0', '5287', '35', '1', '1', '', '0', '0', '-14199.4', '605.856', '-22.0749', '3.64157', '120', '10', '0', '0', '0', '1', '0', '0', '0', '0', '0', '0', '0', '0', '0', '0'),
('108699', '0', '5287', '35', '1', '1', '', '0', '0', '-14373.2', '554.276', '-3.8141', '0.819687', '120', '0', '0', '0', '0', '0', '0', '0', '0', '0', '0', '0', '0', '0', '0', '0'),
('108699', '0', '5287', '35', '1', '1', '', '0', '0', '-14354.5', '556.619', '-2.94158', '6.05209', '120', '0', '0', '0', '0', '0', '0', '0', '0', '0', '0', '0', '0', '0', '0', '0'),
('108699', '0', '5287', '35', '1', '1', '', '0', '0', '-14306.4', '599.075', '-31.1713', '0', '120', '10', '0', '0', '0', '1', '0', '0', '0', '0', '0', '0', '0', '0', '0', '0'),
('108699', '0', '5287', '35', '1', '1', '', '0', '0', '-14359.6', '504.175', '-22.8365', '0', '120', '10', '0', '0', '0', '1', '0', '0', '0', '0', '0', '0', '0', '0', '0', '0'),
('108699', '0', '5287', '35', '1', '1', '', '0', '0', '-14344', '589.83', '-10.3683', '0', '120', '10', '0', '0', '0', '1', '0', '0', '0', '0', '0', '0', '0', '0', '0', '0'),
('108699', '0', '5287', '35', '1', '1', '', '0', '0', '-14391.3', '464.119', '-18.0986', '6.21189', '120', '10', '0', '0', '0', '1', '0', '0', '0', '0', '0', '0', '0', '0', '0', '0'),
('108699', '0', '5287', '35', '1', '1', '', '0', '0', '-14316.3', '614.647', '-18.0003', '0.383341', '120', '0', '0', '0', '0', '0', '0', '0', '0', '0', '0', '0', '0', '0', '0', '0'),
('108699', '0', '5287', '35', '1', '1', '', '0', '0', '-14270.6', '590.866', '-14.0164', '2.23889', '120', '0', '0', '0', '0', '0', '0', '0', '0', '0', '0', '0', '0', '0', '0', '0'),
('108699', '0', '5287', '35', '1', '1', '', '0', '0', '-14306.4', '599.075', '-31.1713', '0', '120', '10', '0', '0', '0', '1', '0', '0', '0', '0', '0', '0', '0', '0', '0', '0'),
('108699', '0', '5287', '35', '1', '1', '', '0', '0', '-14337.7', '673.415', '-23.9507', '0', '120', '10', '0', '0', '0', '1', '0', '0', '0', '0', '0', '0', '0', '0', '0', '0'),
('108699', '0', '5287', '35', '1', '1', '', '0', '0', '-14268.7', '561.648', '-20.0648', '0', '120', '10', '0', '0', '0', '1', '0', '0', '0', '0', '0', '0', '0', '0', '0', '0'),
('108699', '0', '5287', '35', '1', '1', '', '0', '0', '-14400.2', '499.344', '-1.74934', '0.0819973', '120', '0', '0', '0', '0', '0', '0', '0', '0', '0', '0', '0', '0', '0', '0', '0'),
('108699', '0', '5287', '35', '1', '1', '', '0', '0', '-14370.6', '564.733', '-1.60966', '0', '120', '0', '0', '0', '0', '0', '0', '0', '0', '0', '0', '0', '0', '0', '0', '0'),
('108699', '0', '5287', '35', '1', '1', '', '0', '0', '-14355.5', '485.707', '-9.39935', '2.08321', '120', '0', '0', '0', '0', '0', '0', '0', '0', '0', '0', '0', '0', '0', '0', '0'),
('108699', '0', '5287', '35', '1', '1', '', '0', '0', '-14336.6', '557.506', '-10.3925', '3.52243', '120', '0', '0', '0', '0', '0', '0', '0', '0', '0', '0', '0', '0', '0', '0', '0'),
('108699', '0', '5287', '35', '1', '1', '', '0', '0', '-14393.8', '464.22', '-18.0986', '0', '120', '0', '0', '0', '0', '0', '0', '0', '0', '0', '0', '0', '0', '0', '0', '0'),
('108699', '0', '5287', '35', '1', '1', '', '0', '0', '-14359.6', '504.175', '-22.8365', '0', '120', '0', '0', '0', '0', '0', '0', '0', '0', '0', '0', '0', '0', '0', '0', '0'),
('108699', '0', '5287', '35', '1', '1', '', '0', '0', '-14291.7', '594.544', '-30.7586', '0.834857', '120', '0', '0', '0', '0', '0', '0', '0', '0', '0', '0', '0', '0', '0', '0', '0'),
('108699', '0', '5287', '35', '1', '1', '', '0', '0', '-14283.5', '588.963', '-1.44023', '3.80858', '120', '0', '0', '0', '0', '0', '0', '0', '0', '0', '0', '0', '0', '0', '0', '0'),
('108699', '0', '5287', '35', '1', '1', '', '0', '0', '-14304', '661.609', '-19.1822', '4.14696', '120', '0', '0', '0', '0', '0', '0', '0', '0', '0', '0', '0', '0', '0', '0', '0'),
('108699', '0', '5287', '35', '1', '1', '', '0', '0', '-14237.8', '564.487', '-11.2182', '2.49634', '120', '0', '0', '0', '0', '0', '0', '0', '0', '0', '0', '0', '0', '0', '0', '0'),
('108699', '0', '5287', '35', '1', '1', '', '0', '0', '-14237.2', '573.032', '-11.5864', '3.02362', '120', '0', '0', '0', '0', '0', '0', '0', '0', '0', '0', '0', '0', '0', '0', '0'),
('108699', '0', '5287', '35', '1', '1', '', '0', '0', '-14203.9', '613.594', '-22.0749', '0', '120', '10', '0', '0', '0', '1', '0', '0', '0', '0', '0', '0', '0', '0', '0', '0'),
('108699', '0', '5287', '35', '1', '1', '', '0', '0', '-14331.4', '630.576', '-21.558', '0', '120', '10', '0', '0', '0', '1', '0', '0', '0', '0', '0', '0', '0', '0', '0', '0'),
('108699', '0', '5287', '1577', '1', '1', '', '0', '0', '-14336.5', '651.29', '-19.5019', '5.38941', '120', '0', '0', '0', '0', '0', '0', '0', '0', '0', '0', '0', '0', '0', '0', '0'),
('108699', '0', '5287', '1577', '1', '1', '', '0', '0', '-14310.5', '652.641', '-32.2695', '1.70373', '120', '0', '0', '0', '0', '0', '0', '0', '0', '0', '0', '0', '0', '0', '0', '0'),
('108699', '0', '5287', '1577', '1', '1', '', '0', '0', '-14332.6', '568.815', '-16.4279', '3.42369', '120', '0', '0', '0', '0', '0', '0', '0', '0', '0', '0', '0', '0', '0', '0', '0'),
('108699', '0', '5287', '1577', '1', '1', '', '0', '0', '-14338', '571.003', '-15.7938', '5.33732', '120', '0', '0', '0', '0', '0', '0', '0', '0', '0', '0', '0', '0', '0', '0', '0'),
('108699', '0', '5287', '1577', '1', '1', '', '0', '0', '-14329.1', '537.781', '-10.9021', '1.61628', '120', '0', '0', '0', '0', '0', '0', '0', '0', '0', '0', '0', '0', '0', '0', '0'),
('108699', '0', '5287', '1577', '1', '1', '', '0', '0', '-14326.3', '553.572', '-14.6056', '3.4683', '120', '0', '0', '0', '0', '0', '0', '0', '0', '0', '0', '0', '0', '0', '0', '0'),
('108699', '0', '5287', '1577', '1', '1', '', '0', '0', '-14332.6', '517.423', '-13.0297', '2.41404', '120', '0', '0', '0', '0', '0', '0', '0', '0', '0', '0', '0', '0', '0', '0', '0'),
('108699', '0', '5287', '1577', '1', '1', '', '0', '0', '-14358.4', '504.144', '-22.8365', '6.23775', '120', '10', '0', '0', '0', '1', '0', '0', '0', '0', '0', '0', '0', '0', '0', '0'),
('108699', '0', '5287', '1577', '1', '1', '', '0', '0', '-14283.7', '562.618', '-20.0648', '4.62375', '120', '10', '0', '0', '0', '1', '0', '0', '0', '0', '0', '0', '0', '0', '0', '0'),
('108699', '0', '5287', '35', '1', '1', '', '0', '0', '-14348.9', '491.167', '-9.03563', '2.39998', '120', '0', '0', '0', '0', '0', '0', '0', '0', '0', '0', '0', '0', '0', '0', '0'),
('108699', '0', '5287', '35', '1', '1', '', '0', '0', '-14401', '498.49', '-3.83069', '5.38843', '120', '0', '0', '0', '0', '0', '0', '0', '0', '0', '0', '0', '0', '0', '0', '0'),
('108699', '0', '5287', '35', '1', '1', '', '0', '0', '-14340.6', '469.309', '-10.6419', '2.02719', '120', '0', '0', '0', '0', '0', '0', '0', '0', '0', '0', '0', '0', '0', '0', '0'),
('108699', '0', '5287', '35', '1', '1', '', '0', '0', '-14389.1', '474.4', '-2.8128', '3.03434', '120', '0', '0', '0', '0', '0', '0', '0', '0', '0', '0', '0', '0', '0', '0', '0'),
('108699', '0', '5287', '35', '1', '1', '', '0', '0', '-14389.2', '464.54', '-18.0986', '0.0966396', '120', '10', '0', '0', '0', '1', '0', '0', '0', '0', '0', '0', '0', '0', '0', '0'),
('108699', '0', '5287', '35', '1', '1', '', '0', '0', '-14273.3', '640.908', '-35.8668', '2.72413', '120', '0', '0', '0', '0', '0', '0', '0', '0', '0', '0', '0', '0', '0', '0', '0'),
('108699', '0', '5287', '35', '1', '1', '', '0', '0', '-14256.9', '564.177', '-11.2182', '3.82553', '120', '10', '0', '0', '0', '1', '0', '0', '0', '0', '0', '0', '0', '0', '0', '0'),
('108699', '0', '5287', '35', '1', '1', '', '0', '0', '-14331.4', '630.576', '-21.558', '0', '120', '10', '0', '0', '0', '1', '0', '0', '0', '0', '0', '0', '0', '0', '0', '0'),
('108699', '0', '5287', '35', '1', '1', '', '0', '0', '-14306.4', '599.075', '-31.1713', '0', '120', '10', '0', '0', '0', '1', '0', '0', '0', '0', '0', '0', '0', '0', '0', '0'),
('108699', '0', '5287', '35', '1', '1', '', '0', '0', '-14281.9', '654.578', '-19.1822', '5.16184', '120', '10', '0', '0', '0', '1', '0', '0', '0', '0', '0', '0', '0', '0', '0', '0'),
('108699', '0', '5287', '35', '1', '1', '', '0', '0', '-14313.4', '675.316', '-35.763', '4.27411', '120', '0', '0', '0', '0', '0', '0', '0', '0', '0', '0', '0', '0', '0', '0', '0'),
('108699', '0', '5287', '35', '1', '1', '', '0', '0', '-14275.8', '579.766', '-1.44023', '0', '120', '0', '0', '0', '0', '0', '0', '0', '0', '0', '0', '0', '0', '0', '0', '0'),
('108699', '0', '5287', '35', '1', '1', '', '0', '0', '-14275.1', '615.585', '-20.6026', '3.22494', '120', '0', '0', '0', '0', '0', '0', '0', '0', '0', '0', '0', '0', '0', '0', '0'),
('108699', '0', '5287', '35', '1', '1', '', '0', '0', '-14266.3', '561.745', '-20.0648', '0.0702896', '120', '0', '0', '0', '0', '0', '0', '0', '0', '0', '0', '0', '0', '0', '0', '0'),
('108699', '0', '5287', '35', '1', '1', '', '0', '0', '-14287.4', '626.615', '-20.6026', '3.99991', '120', '0', '0', '0', '0', '0', '0', '0', '0', '0', '0', '0', '0', '0', '0', '0'),
('108699', '0', '5287', '35', '1', '1', '', '0', '0', '-14238.4', '552.644', '-11.2182', '0.500718', '120', '0', '0', '0', '0', '0', '0', '0', '0', '0', '0', '0', '0', '0', '0', '0'),
('108699', '0', '5287', '35', '1', '1', '', '0', '0', '-14337.7', '673.415', '-23.9507', '0', '120', '0', '0', '0', '0', '0', '0', '0', '0', '0', '0', '0', '0', '0', '0', '0'),
('108699', '0', '5287', '35', '1', '1', '', '0', '0', '-14306.4', '599.075', '-31.1713', '0', '120', '0', '0', '0', '0', '0', '0', '0', '0', '0', '0', '0', '0', '0', '0', '0'),
('108715', '0', '5287', '35', '1', '1', '', '0', '0', '-14369.6', '500.499', '-14.4578', '0.9988', '3600', '0', '0', '0', '0', '0', '0', '0', '0', '0', '0', '0', '0', '0', '0', '0'),
('108937', '0', '5287', '35', '1', '1', '', '0', '0', '-14331.6', '708.992', '-32.9212', '4.9039', '120', '10', '0', '0', '0', '1', '0', '0', '0', '0', '0', '0', '0', '0', '0', '0'),
('108937', '0', '5287', '35', '1', '1', '', '0', '0', '-14329.5', '712.315', '-31.9212', '4.94405', '120', '10', '0', '0', '0', '1', '0', '0', '0', '0', '0', '0', '0', '0', '0', '0'),
('108937', '0', '5287', '35', '1', '1', '', '0', '0', '-14334.4', '708.308', '-31.9212', '4.88793', '120', '10', '0', '0', '0', '1', '0', '0', '0', '0', '0', '0', '0', '0', '0', '0'),
('108937', '0', '5287', '35', '1', '1', '', '0', '0', '-14388.6', '482.001', '-16.5537', '0.121429', '120', '0', '0', '0', '0', '0', '0', '0', '0', '0', '0', '0', '0', '0', '0', '0'),
('108937', '0', '5287', '35', '1', '1', '', '0', '0', '-14387.2', '485.077', '-16.5537', '5.2674', '120', '0', '0', '0', '0', '0', '0', '0', '0', '0', '0', '0', '0', '0', '0', '0'),
('108937', '0', '5287', '35', '1', '1', '', '0', '0', '-14381.1', '494.693', '-20.8156', '3.21335', '120', '10', '0', '0', '0', '1', '0', '0', '0', '0', '0', '0', '0', '0', '0', '0'),
('108937', '0', '5287', '35', '1', '1', '', '0', '0', '-14379.8', '496.15', '-20.3317', '2.17547', '120', '10', '0', '0', '0', '1', '0', '0', '0', '0', '0', '0', '0', '0', '0', '0'),
('108937', '0', '5287', '35', '1', '1', '', '0', '0', '-14379.8', '493.428', '-20.3314', '4.21995', '120', '10', '0', '0', '0', '1', '0', '0', '0', '0', '0', '0', '0', '0', '0', '0'),
('108937', '0', '5287', '35', '1', '1', '', '0', '0', '-14320.5', '663.835', '-37.6405', '3.97635', '120', '10', '0', '0', '0', '1', '0', '0', '0', '0', '0', '0', '0', '0', '0', '0'),
('108937', '0', '5287', '35', '1', '1', '', '0', '0', '-14320.5', '663.835', '-37.6405', '5.03238', '120', '10', '0', '0', '0', '1', '0', '0', '0', '0', '0', '0', '0', '0', '0', '0'),
('108937', '0', '5287', '35', '1', '1', '', '0', '0', '-14320.5', '663.835', '-37.6405', '5.99845', '120', '10', '0', '0', '0', '1', '0', '0', '0', '0', '0', '0', '0', '0', '0', '0'),
('108937', '0', '5287', '35', '1', '1', '', '0', '0', '-14387.6', '491.92', '-19.4393', '3.12419', '120', '0', '0', '0', '0', '0', '0', '0', '0', '0', '0', '0', '0', '0', '0', '0'),
('108937', '0', '5287', '35', '1', '1', '', '0', '0', '-14390.5', '494.676', '-20.4191', '3.14507', '120', '0', '0', '0', '0', '0', '0', '0', '0', '0', '0', '0', '0', '0', '0', '0'),
('108937', '0', '5287', '35', '1', '1', '', '0', '0', '-14387.7', '497.479', '-19.4394', '3.10716', '120', '0', '0', '0', '0', '0', '0', '0', '0', '0', '0', '0', '0', '0', '0', '0'),
('108937', '0', '5287', '35', '1', '1', '', '0', '0', '-14379', '494.936', '-20.9043', '4.21995', '120', '0', '0', '0', '0', '0', '0', '0', '0', '0', '0', '0', '0', '0', '0', '0'),
('108937', '0', '5287', '35', '1', '1', '', '0', '0', '-14379', '494.936', '-20.9043', '2.17547', '120', '0', '0', '0', '0', '0', '0', '0', '0', '0', '0', '0', '0', '0', '0', '0'),
('108937', '0', '5287', '35', '1', '1', '', '0', '0', '-14379', '494.936', '-20.9043', '3.30659', '120', '0', '0', '0', '0', '0', '0', '0', '0', '0', '0', '0', '0', '0', '0', '0'),
('108937', '0', '5287', '35', '1', '1', '', '0', '0', '-14317.2', '641.277', '-32.2132', '5.15743', '120', '0', '0', '0', '0', '0', '0', '0', '0', '0', '0', '0', '0', '0', '0', '0'),
('108937', '0', '5287', '35', '1', '1', '', '0', '0', '-14313.5', '640.837', '-33.1765', '5.35264', '120', '0', '0', '0', '0', '0', '0', '0', '0', '0', '0', '0', '0', '0', '0', '0'),
('108937', '0', '5287', '35', '1', '1', '', '0', '0', '-14313.3', '644.927', '-32.2132', '4.31356', '120', '0', '0', '0', '0', '0', '0', '0', '0', '0', '0', '0', '0', '0', '0', '0'),
('108937', '0', '5287', '35', '1', '1', '', '0', '0', '-14196', '629.354', '-26.4388', '5.47932', '120', '0', '0', '0', '0', '0', '0', '0', '0', '0', '0', '0', '0', '0', '0', '0'),
('108937', '0', '5287', '35', '1', '1', '', '0', '0', '-14194', '625.179', '-23.7246', '4.96969', '120', '0', '0', '0', '0', '0', '0', '0', '0', '0', '0', '0', '0', '0', '0', '0'),
('108937', '0', '5287', '35', '1', '1', '', '0', '0', '-14194.3', '630.484', '-23.9427', '5.01162', '120', '0', '0', '0', '0', '0', '0', '0', '0', '0', '0', '0', '0', '0', '0', '0'),
('108937', '0', '5287', '1577', '1', '1', '', '0', '0', '-14310.5', '650.838', '-32.2695', '0.169824', '120', '0', '0', '0', '0', '0', '0', '0', '0', '0', '0', '0', '0', '0', '0', '0'),
('108937', '0', '5287', '1577', '1', '1', '', '0', '0', '-14312.8', '625.311', '-30.3219', '5.86318', '120', '0', '0', '0', '0', '0', '0', '0', '0', '0', '0', '0', '0', '0', '0', '0'),
('108937', '0', '5287', '1577', '1', '1', '', '0', '0', '-14307.2', '647.638', '-32.5053', '1.42792', '120', '0', '0', '0', '0', '0', '0', '0', '0', '0', '0', '0', '0', '0', '0', '0'),
('108937', '0', '5287', '1577', '1', '1', '', '0', '0', '-14312.4', '626.063', '-30.3219', '5.64422', '120', '0', '0', '0', '0', '0', '0', '0', '0', '0', '0', '0', '0', '0', '0', '0'),
('108937', '0', '5287', '1577', '1', '1', '', '0', '0', '-14302.9', '650.921', '-32.9316', '2.98853', '120', '0', '0', '0', '0', '0', '0', '0', '0', '0', '0', '0', '0', '0', '0', '0'),
('108937', '0', '5287', '1577', '1', '1', '', '0', '0', '-14271.8', '640.61', '-21.3781', '4.16296', '120', '10', '0', '0', '0', '1', '0', '0', '0', '0', '0', '0', '0', '0', '0', '0'),
('108937', '0', '5287', '1577', '1', '1', '', '0', '0', '-14272.6', '644.272', '-20.3781', '4.08144', '120', '10', '0', '0', '0', '1', '0', '0', '0', '0', '0', '0', '0', '0', '0', '0'),
('108937', '0', '5287', '1577', '1', '1', '', '0', '0', '-14269.6', '638.794', '-20.3781', '4.23369', '120', '10', '0', '0', '0', '1', '0', '0', '0', '0', '0', '0', '0', '0', '0', '0'),
('108937', '0', '5287', '35', '1', '1', '', '0', '0', '-14389.6', '489.893', '-6.6809', '1.30711', '120', '0', '0', '0', '0', '0', '0', '0', '0', '0', '0', '0', '0', '0', '0', '0'),
('108937', '0', '5287', '35', '1', '1', '', '0', '0', '-14238.1', '616.374', '-25.3336', '2.42672', '120', '0', '0', '0', '0', '0', '0', '0', '0', '0', '0', '0', '0', '0', '0', '0'),
('108937', '0', '5287', '35', '1', '1', '', '0', '0', '-14240.5', '618.639', '-26.1195', '2.45122', '120', '0', '0', '0', '0', '0', '0', '0', '0', '0', '0', '0', '0', '0', '0', '0'),
('108937', '0', '5287', '35', '1', '1', '', '0', '0', '-14320.5', '663.835', '-37.6405', '5.99845', '120', '10', '0', '0', '0', '1', '0', '0', '0', '0', '0', '0', '0', '0', '0', '0'),
('108937', '0', '5287', '35', '1', '1', '', '0', '0', '-14320.5', '663.835', '-37.6405', '3.97635', '120', '10', '0', '0', '0', '1', '0', '0', '0', '0', '0', '0', '0', '0', '0', '0'),
('108937', '0', '5287', '35', '1', '1', '', '0', '0', '-14320.5', '663.835', '-37.6405', '5.03238', '120', '10', '0', '0', '0', '1', '0', '0', '0', '0', '0', '0', '0', '0', '0', '0'),
('108937', '0', '5287', '35', '1', '1', '', '0', '0', '-14201.8', '632.906', '-21.3781', '2.90123', '120', '0', '0', '0', '0', '0', '0', '0', '0', '0', '0', '0', '0', '0', '0', '0'),
('108937', '0', '5287', '35', '1', '1', '', '0', '0', '-14363.2', '543.794', '-18.9647', '3.7773', '120', '0', '0', '0', '0', '0', '0', '0', '0', '0', '0', '0', '0', '0', '0', '0'),
('108937', '0', '5287', '35', '1', '1', '', '0', '0', '-14359.8', '539.326', '-18.9647', '3.77733', '120', '0', '0', '0', '0', '0', '0', '0', '0', '0', '0', '0', '0', '0', '0', '0');

DELETE FROM creature_text WHERE Entry in (28048,122254,123394,122253,122257,122258);
INSERT INTO `creature_text` (`Entry`, `GroupID`, `ID`, `Text`, `Type`, `Language`, `Probability`, `Emote`, `Duration`, `Sound`, `BroadcastTextId`, `comment`) VALUES
(28048, 0, 0, 'Ар-р! Это Старый Зубастень, ужас бескрайних морей! За ним, парни, это наш шанс!', 14, 0, 100, 0, 0, 0, 114420, 'Жуткий Капитан де Меза to Старый Зубастень'),
(122254, 0, 0, 'И решил я покинуть причал...', 12, 0, 100, 1, 0, 0, 131309, 'Интендант Роули to Первый помощник Нерей'),
(122254, 1, 0, 'Я ей крикнул: \"Красотка-дворфийка!\", а она...', 12, 0, 100, 1, 0, 0, 131310, 'Интендант Роули to Первый помощник Нерей'),
(122254, 2, 0, 'Идите ко дну, пираты Кровавого Паруса, ко дну!', 12, 0, 100, 1, 0, 0, 131350, 'Первый помощник Нерей to Канонир Подрывася'),
(122254, 3, 0, 'Мы это сделаем, да!', 14, 0, 100, 23, 0, 0, 131349, 'Первый помощник Нерей to Канонир Подрывася'),
(123394, 2, 0, 'Так, задрайте свои люки, приятели. Эта шутка вам кормило вдребезги разнесет...', 12, 0, 100, 1, 0, 0, 132463, 'Брин \"Дурные новости\" to Player'),
(123394, 3, 1, 'Что не так с нынешними сундуками с сокровищами? Они все такие дорогие и блестящие...', 12, 0, 100, 1, 0, 0, 132486, 'Брин \"Дурные новости\" to Player'),
(123394, 4, 2, 'Типа мы хотим, чтобы их нашли! Все эти сверкающие золотые окантовки и замки с драгоценными камушками...', 12, 0, 100, 1, 0, 0, 132487, 'Брин \"Дурные новости\" to Player'),
(123394, 5, 3, 'Типа, мы все-таки храним сокровища снаружи или внутри? Так ведь?', 12, 0, 100, 1, 0, 0, 132488, 'Брин \"Дурные новости\" to Player'),
(123394, 6, 4, 'Ха, а теперь налейте мне кто-нибудь грога.', 12, 0, 100, 1, 0, 0, 132464, 'Брин \"Дурные новости\" to Player'),
(123394, 7, 0, 'Все же знают чокнутого контр-адмирала Виселинкина?', 12, 0, 100, 1, 0, 0, 132483, 'Брин \"Дурные новости\" to Player'),
(123394, 8, 0, 'Прикинь, он как-то с помощью своих гномских штуковин создал себе универсального пиратского спутника, объединив попугая и акулу!', 12, 0, 100, 1, 0, 0, 132484, 'Брин \"Дурные новости\" to Player'),
(123394, 9, 0, 'Все шло отлично... пока у попугая не выросли челюсти!', 12, 0, 100, 1, 0, 0, 132485, 'Брин \"Дурные новости\" to Player'),
(123394, 10, 0, 'Вот вам загадка...', 12, 0, 100, 1, 0, 0, 132480, 'Брин \"Дурные новости\" to Player'),
(123394, 11, 0, 'У кого шесть ног, шесть рук и шесть глаз?', 12, 0, 100, 1, 0, 0, 132481, 'Брин \"Дурные новости\" to Player'),
(123394, 12, 0, 'У шести пиратов!', 12, 0, 100, 1, 0, 0, 132482, 'Брин \"Дурные новости\" to Player'),
(123394, 0, 0, 'Расскажи всем. Скажи, что у Брин \"Дурные новости\" на самом деле все не так уж дурно.', 12, 0, 100, 2, 0, 0, 132461, 'Брин \"Дурные новости\" to Player'),
(123394, 0, 1, 'Аррр! Еще пойла!', 12, 0, 100, 4, 0, 0, 132458, 'Брин \"Дурные новости\" to Player'),
(123394, 0, 2, 'Что ж, благодарю сердечно, морской волк.', 12, 0, 100, 2, 0, 0, 132455, 'Брин \"Дурные новости\" to Player'),
(123394, 0, 3, 'Что, без дураков? Тогда спасибо тебе!', 12, 0, 100, 2, 0, 0, 132459, 'Брин \"Дурные новости\" to Player'),
(123394, 0, 4, 'Спасибо, дружище. Сокровище можно найти не только в сундуках.', 12, 0, 100, 2, 0, 0, 132462, 'Брин \"Дурные новости\" to Player'),
(123394, 0, 5, 'Да я тебе сейчас... О, подожди-ка, тебе понравилось? Спасибо. Никто никогда не хвалит мои шутки.', 12, 0, 100, 2, 0, 0, 132456, 'Брин \"Дурные новости\" to Player'),
(123394, 0, 6, 'Я столько морей избороздила, и на моем счету столько грабежей. Так что это подлинный пиратский юмор!', 12, 0, 100, 4, 0, 0, 132457, 'Брин \"Дурные новости\" to Player'),
(123394, 1, 0, 'Закрой свою грогохлебалку и иди уже утопись, отребья кусок!', 12, 0, 100, 14, 0, 0, 132451, 'Брин \"Дурные новости\" to Player'),
(123394, 1, 1, 'Да? Тогда сходи купи мне бурных аплодисментов.', 12, 0, 100, 4, 0, 0, 132460, 'Брин \"Дурные новости\" to Player'),
(123394, 1, 2, 'Черную метку тебе и всем твоим дружкам-крысам!', 12, 0, 100, 14, 0, 0, 132454, 'Брин \"Дурные новости\" to Player'),
(123394, 1, 3, 'Иди потанцуй с палачом, а шутить оставь бывалым морякам.', 12, 0, 100, 14, 0, 0, 132452, 'Брин \"Дурные новости\" to Player'),
(123394, 1, 4, 'Ха! Ну давай, покажи, как надо. Блесни остроумием!', 12, 0, 100, 14, 0, 0, 132446, 'Брин \"Дурные новости\" to Player'),
(123394, 1, 5, 'Да? А у тебя рожа кривая... И у твоей мамаши тоже!', 12, 0, 100, 14, 0, 0, 132445, 'Брин \"Дурные новости\" to Player'),
(123394, 1, 6, 'Я тебя на мясо порублю!', 12, 0, 100, 14, 0, 0, 132448, 'Брин \"Дурные новости\" to Player'),
(123394, 1, 7, 'Иди протащи себя под килем и вылижи трюм заодно.', 12, 0, 100, 14, 0, 0, 132447, 'Брин \"Дурные новости\" to Player'),
(123394, 1, 8, 'Закрой свою пасть, или я тебя на вертел посажу, ты, жалкое подобие пирата!', 12, 0, 100, 14, 0, 0, 132449, 'Брин \"Дурные новости\" to Player'),
(122253, 0, 0, 'Идите ко дну, пираты Кровавого Паруса, ко дну!', 12, 0, 100, 1, 0, 0, 131350, 'Первый помощник Нерей to Канонир Подрывася'),
(122253, 1, 0, 'Он говорит: \"Раз-два\", а мы говорим: \"Взяли!\"', 12, 0, 100, 1, 0, 0, 131352, 'Первый помощник Нерей to Канонир Подрывася'),
(122253, 2, 0, 'Мы это сделаем, да!', 14, 0, 100, 23, 0, 0, 131349, 'Первый помощник Нерей to Канонир Подрывася'),
(122257, 0, 0, 'Наутро бочонок пуст...', 12, 0, 100, 1, 0, 0, 131344, 'Канонир Подрывася to Первый помощник Нерей'),
(122257, 1, 0, 'Ветрище тут, у Тернистой долины, будь здоров...', 12, 0, 100, 1, 0, 0, 131345, 'Канонир Подрывася to Первый помощник Нерей'),
(122257, 2, 0, 'Ну и прохиндеи же эти пираты...', 12, 0, 100, 1, 0, 0, 131346, 'Канонир Подрывася to Первый помощник Нерей'),
(122257, 3, 0, 'Нам надо обогнуть мыс...', 12, 0, 100, 1, 0, 0, 131347, 'Канонир Подрывася to Первый помощник Нерей'),
(122257, 4, 0, 'Адмирал флота Тетис говорит, что пора отчаливать...', 12, 0, 100, 1, 0, 0, 131358, 'Канонир Подрывася to Первый помощник Нерей'),
(122257, 5, 0, 'Да, еще один рывок – и хватит...', 12, 0, 100, 1, 0, 0, 131348, 'Канонир Подрывася to Первый помощник Нерей'),
(122257, 6, 0, 'Мы это сделаем, да!', 14, 0, 100, 23, 0, 0, 131349, 'Первый помощник Нерей to Канонир Подрывася'),
(122258, 0, 0, 'Всегда в погоне за кораблями!', 12, 0, 100, 1, 0, 0, 131351, 'Кок Последний Ветер to Канонир Подрывася'),
(122258, 1, 0, 'Идите ко дну, пираты Кровавого Паруса, ко дну!', 12, 0, 100, 1, 0, 0, 131350, 'Первый помощник Нерей to Канонир Подрывася'),
(122258, 2, 0, 'Мы это сделаем, да!', 14, 0, 100, 23, 0, 0, 131349, 'Первый помощник Нерей to Канонир Подрывася');

DELETE FROM vehicle_template_accessory WHERE entryOrAura in (122280,122346,122282,122352);
INSERT INTO `vehicle_template_accessory` (`entryOrAura`, `accessory_entry`, `seat_id`, `minion`, `description`, `summontype`, `summontimer`) VALUES
(122280, 122279, 0, 0, '122280 - 122279', 0, 0), -- 122280 - 122279
(122346, 122349, 0, 0, '122346 - 122349', 0, 0), -- 122346 - 122349
(122282, 122281, 0, 0, '122282 - 122281', 0, 0), -- 122282 - 122281
(122352, 122351, 0, 0, '122352 - 122351', 0, 0); -- 122352 - 122351

DELETE FROM `npc_vendor` WHERE (`entry`=28048 AND `item`=138400 AND `ExtendedCost`=0 AND `type`=1) OR (`entry`=28048 AND `item`=9260 AND `ExtendedCost`=0 AND `type`=1) OR (`entry`=28048 AND `item`=116392 AND `ExtendedCost`=0 AND `type`=1) OR (`entry`=123392 AND `item`=151121 AND `ExtendedCost`=0 AND `type`=1) OR (`entry`=123392 AND `item`=151122 AND `ExtendedCost`=0 AND `type`=1) OR (`entry`=123392 AND `item`=151123 AND `ExtendedCost`=0 AND `type`=1) OR (`entry`=123392 AND `item`=151124 AND `ExtendedCost`=0 AND `type`=1);
INSERT INTO `npc_vendor` (`entry`, `slot`, `item`, `maxcount`, `ExtendedCost`, `type`, `PlayerConditionID`, `IgnoreFiltering`, `VerifiedBuild`) VALUES
(28048, 3, 138400, 0, 0, 1, 0, 0, 27602), -- 138400
(28048, 2, 9260, 0, 0, 1, 0, 0, 27602), -- 9260
(28048, 1, 116392, 0, 0, 1, 0, 0, 27602), -- 116392
(123392, 4, 151121, 0, 0, 1, 0, 0, 27602), -- 151121
(123392, 3, 151122, 0, 0, 1, 0, 0, 27602), -- 151122
(123392, 2, 151123, 0, 0, 1, 0, 0, 27602), -- 151123
(123392, 1, 151124, 0, 0, 1, 0, 0, 27602); -- 151124

DELETE FROM `creature_equip_template` WHERE CreatureID in (122351,122270,122243,122234,122269,123392,122277,122250,123120);
INSERT INTO `creature_equip_template` (`CreatureID`, `ID`, `ItemID1`, `ItemID2`, `ItemID3`) VALUES
(122351, 1, 0, 38215, 0), -- 122351
(122270, 1, 2703, 0, 0), -- 122270
(122243, 1, 2202, 0, 0), -- 122243
(122234, 1, 2703, 0, 0), -- 122234
(122269, 1, 2703, 0, 0), -- 122269
(123392, 1, 0, 15972, 0), -- 123392
(122277, 1, 2703, 0, 0), -- 122277
(122250, 1, 54824, 54824, 2552), -- 122250
(123120, 1, 2705, 3756, 0); -- 123120

REPLACE INTO `creature_template_addon` (`entry`, `path_id`, `mount`, `bytes1`, `bytes2`, `emote`, `auras`) VALUES
(122352, 0, 0, 50331648, 1, 0, '243888 46598'), -- 122352 - 243888
(122346, 0, 0, 50331648, 1, 0, '243914 46598'), -- 122346 - 243914
(122282, 0, 0, 50331648, 1, 0, '243913 46598'), -- 122282 - 243913
(122280, 0, 0, 50331648, 1, 0, '243888 46598'), -- 122280 - 243888
(123394, 0, 0, 0, 1, 0, ''), -- 123394
(122243, 0, 0, 0, 1, 0, ''), -- 122243
(122258, 0, 0, 0, 1, 0, ''), -- 122258
(122257, 0, 0, 0, 1, 0, ''), -- 122257
(122254, 0, 0, 1, 1, 0, ''), -- 122254
(122253, 0, 0, 0, 1, 0, ''), -- 122253
(122269, 0, 0, 0, 1, 0, ''), -- 122269
(123392, 0, 0, 0, 1, 0, ''), -- 123392
(122248, 0, 0, 0, 1, 0, ''), -- 122248
(122277, 0, 0, 0, 1, 0, ''), -- 122277
(122396, 0, 0, 0, 1, 0, ''), -- 122396
(122250, 0, 0, 0, 1, 0, ''), -- 122250
(122234, 0, 0, 0, 1, 0, ''), -- 122234
(123120, 0, 0, 0, 1, 0, ''), -- 123120
(28051, 0, 0, 0, 2, 0, ''), -- 28051
(28050, 0, 0, 0, 1, 0, ''), -- 28050
(28049, 0, 0, 0, 2, 0, ''), -- 28049
(28048, 0, 0, 0, 1, 0, ''), -- 28048
(28058, 0, 0, 0, 1, 0, ''), -- 28058
(28060, 0, 0, 0, 1, 0, ''), -- 28060
(28180, 0, 0, 0, 1, 0, ''); -- 28180

REPLACE INTO `creature_addon` (`guid`, `path_id`, `mount`, `bytes1`, `bytes2`, `emote`, `auras`) VALUES
('506042', '0', '0', '1', '1', '0', ''),
('506044', '0', '0', '1', '1', '0', ''),
('506041', '0', '0', '1', '1', '0', ''),
('506040', '0', '0', '1', '1', '0', ''),
('506043', '0', '0', '1', '1', '0', ''),
('506035', '0', '0', '0', '1', '69', '');

DELETE FROM npc_spellclick_spells WHERE npc_entry in (122280,122282,122346,122352);
INSERT INTO `npc_spellclick_spells` (`npc_entry`, `spell_id`, `cast_flags`, `user_type`) VALUES
('122280', '46598', '1', '0'),
('122282', '46598', '1', '0'),
('122346', '46598', '1', '0'),
('122352', '46598', '1', '0');

DELETE FROM creature_template WHERE entry in (108715,108699,108937,122396,122234,122269,122248,122250,123392,122280,122282,122346,122243,122277,123394,123120,122253,122258,122254,122257,122279,122349,122281,122351);
INSERT INTO `creature_template` (`entry`, `gossip_menu_id`, `minlevel`, `maxlevel`, `SandboxScalingID`, `ScaleLevelMin`, `ScaleLevelMax`, `ScaleLevelDelta`, `ScaleLevelDuration`, `exp`, `faction`, `npcflag`, `npcflag2`, `speed_walk`, `speed_run`, `speed_fly`, `scale`, `mindmg`, `maxdmg`, `dmgschool`, `attackpower`, `dmg_multiplier`, `baseattacktime`, `rangeattacktime`, `unit_class`, `unit_flags`, `unit_flags2`, `unit_flags3`, `dynamicflags`, `trainer_type`, `trainer_spell`, `trainer_class`, `trainer_race`, `minrangedmg`, `maxrangedmg`, `rangedattackpower`, `lootid`, `pickpocketloot`, `skinloot`, `resistance1`, `resistance2`, `resistance3`, `resistance4`, `resistance5`, `resistance6`, `spell1`, `spell2`, `spell3`, `spell4`, `spell5`, `spell6`, `spell7`, `spell8`, `PetSpellDataId`, `VehicleId`, `mingold`, `maxgold`, `AIName`, `MovementType`, `InhabitType`, `HoverHeight`, `Mana_mod_extra`, `Armor_mod`, `RegenHealth`, `mechanic_immune_mask`, `flags_extra`, `ControllerID`, `WorldEffects`, `PassiveSpells`, `StateWorldEffectID`, `SpellStateVisualID`, `SpellStateAnimID`, `SpellStateAnimKitID`, `IgnoreLos`, `AffixState`, `ScriptName`) VALUES
('122396', '0', '110', '110', '0', '0', '0', '0', '0', '0', '35', '0', '0', '1', '1.14286', '1.14286', '1', '0', '0', '0', '0', '1', '0', '0', '1', '0', '0', '0', '0', '0', '0', '0', '0', '0', '0', '0', '0', '0', '0', '0', '0', '0', '0', '0', '0', '0', '0', '0', '0', '0', '0', '0', '0', '0', '0', '0', '0', '', '1', '3', '1', '1', '1', '1', '0', '0', '0', '', '', '0', '0', '0', '0', '0', '0', ''),
('122234', '0', '110', '110', '0', '0', '0', '0', '0', '0', '35', '0', '0', '1', '1.14286', '1.14286', '1', '0', '0', '0', '0', '1', '0', '0', '1', '0', '0', '0', '0', '0', '0', '0', '0', '0', '0', '0', '0', '0', '0', '0', '0', '0', '0', '0', '0', '0', '0', '0', '0', '0', '0', '0', '0', '0', '0', '0', '0', '', '1', '3', '1', '1', '1', '1', '0', '0', '0', '', '', '0', '0', '0', '0', '0', '0', ''),
('122269', '0', '110', '110', '0', '0', '0', '0', '0', '0', '35', '0', '0', '1', '1.14286', '1.14286', '1', '0', '0', '0', '0', '1', '0', '0', '1', '0', '0', '0', '0', '0', '0', '0', '0', '0', '0', '0', '0', '0', '0', '0', '0', '0', '0', '0', '0', '0', '0', '0', '0', '0', '0', '0', '0', '0', '0', '0', '0', '', '1', '3', '1', '1', '1', '1', '0', '0', '0', '', '', '0', '0', '0', '0', '0', '0', ''),
('122248', '0', '110', '110', '0', '0', '0', '0', '0', '0', '35', '0', '0', '1', '1.14286', '1.14286', '1', '0', '0', '0', '0', '1', '0', '0', '1', '0', '0', '0', '0', '0', '0', '0', '0', '0', '0', '0', '0', '0', '0', '0', '0', '0', '0', '0', '0', '0', '0', '0', '0', '0', '0', '0', '0', '0', '0', '0', '0', '', '1', '3', '1', '1', '1', '1', '0', '0', '0', '', '', '0', '0', '0', '0', '0', '0', ''),
('122250', '0', '110', '110', '0', '0', '0', '0', '0', '0', '35', '0', '0', '1', '1.14286', '1.14286', '1', '0', '0', '0', '0', '1', '0', '0', '1', '0', '0', '0', '0', '0', '0', '0', '0', '0', '0', '0', '0', '0', '0', '0', '0', '0', '0', '0', '0', '0', '0', '0', '0', '0', '0', '0', '0', '0', '0', '0', '0', '', '1', '3', '1', '1', '1', '1', '0', '0', '0', '', '', '0', '0', '0', '0', '0', '0', ''),
('123392', '0', '110', '110', '0', '0', '0', '0', '0', '0', '35', '0', '0', '1', '1.14286', '1.14286', '1', '0', '0', '0', '0', '1', '0', '0', '1', '0', '0', '0', '0', '0', '0', '0', '0', '0', '0', '0', '0', '0', '0', '0', '0', '0', '0', '0', '0', '0', '0', '0', '0', '0', '0', '0', '0', '0', '0', '0', '0', '', '1', '3', '1', '1', '1', '1', '0', '0', '0', '', '', '0', '0', '0', '0', '0', '0', ''),
('122280', '0', '110', '110', '0', '0', '0', '0', '0', '0', '35', '0', '0', '1', '1.14286', '1.14286', '1', '0', '0', '0', '0', '1', '0', '0', '1', '0', '0', '0', '0', '0', '0', '0', '0', '0', '0', '0', '0', '0', '0', '0', '0', '0', '0', '0', '0', '0', '0', '0', '0', '0', '0', '0', '0', '0', '0', '0', '0', '', '1', '3', '1', '1', '1', '1', '0', '0', '0', '', '', '0', '0', '0', '0', '0', '0', ''),
('122282', '0', '110', '110', '0', '0', '0', '0', '0', '0', '35', '0', '0', '1', '1.14286', '1.14286', '1', '0', '0', '0', '0', '1', '0', '0', '1', '0', '0', '0', '0', '0', '0', '0', '0', '0', '0', '0', '0', '0', '0', '0', '0', '0', '0', '0', '0', '0', '0', '0', '0', '0', '0', '0', '0', '0', '0', '0', '0', '', '1', '3', '1', '1', '1', '1', '0', '0', '0', '', '', '0', '0', '0', '0', '0', '0', ''),
('122346', '0', '110', '110', '0', '0', '0', '0', '0', '0', '35', '0', '0', '1', '1.14286', '1.14286', '1', '0', '0', '0', '0', '1', '0', '0', '1', '0', '0', '0', '0', '0', '0', '0', '0', '0', '0', '0', '0', '0', '0', '0', '0', '0', '0', '0', '0', '0', '0', '0', '0', '0', '0', '0', '0', '0', '0', '0', '0', '', '1', '3', '1', '1', '1', '1', '0', '0', '0', '', '', '0', '0', '0', '0', '0', '0', ''),
('122243', '0', '110', '110', '0', '0', '0', '0', '0', '0', '35', '0', '0', '1', '1.14286', '1.14286', '1', '0', '0', '0', '0', '1', '0', '0', '1', '0', '0', '0', '0', '0', '0', '0', '0', '0', '0', '0', '0', '0', '0', '0', '0', '0', '0', '0', '0', '0', '0', '0', '0', '0', '0', '0', '0', '0', '0', '0', '0', '', '1', '3', '1', '1', '1', '1', '0', '0', '0', '', '', '0', '0', '0', '0', '0', '0', ''),
('122277', '0', '110', '110', '0', '0', '0', '0', '0', '0', '35', '0', '0', '1', '1.14286', '1.14286', '1', '0', '0', '0', '0', '1', '0', '0', '1', '0', '0', '0', '0', '0', '0', '0', '0', '0', '0', '0', '0', '0', '0', '0', '0', '0', '0', '0', '0', '0', '0', '0', '0', '0', '0', '0', '0', '0', '0', '0', '0', '', '1', '3', '1', '1', '1', '1', '0', '0', '0', '', '', '0', '0', '0', '0', '0', '0', ''),
('123394', '0', '110', '110', '0', '0', '0', '0', '0', '0', '35', '0', '0', '1', '1.14286', '1.14286', '1', '0', '0', '0', '0', '1', '0', '0', '1', '0', '0', '0', '0', '0', '0', '0', '0', '0', '0', '0', '0', '0', '0', '0', '0', '0', '0', '0', '0', '0', '0', '0', '0', '0', '0', '0', '0', '0', '0', '0', '0', '', '1', '3', '1', '1', '1', '1', '0', '0', '0', '', '', '0', '0', '0', '0', '0', '0', ''),
('123120', '0', '110', '110', '0', '0', '0', '0', '0', '0', '35', '0', '0', '1', '1.14286', '1.14286', '1', '0', '0', '0', '0', '1', '0', '0', '1', '0', '0', '0', '0', '0', '0', '0', '0', '0', '0', '0', '0', '0', '0', '0', '0', '0', '0', '0', '0', '0', '0', '0', '0', '0', '0', '0', '0', '0', '0', '0', '0', '', '1', '3', '1', '1', '1', '1', '0', '0', '0', '', '', '0', '0', '0', '0', '0', '0', ''),
('122253', '0', '110', '110', '0', '0', '0', '0', '0', '0', '35', '0', '0', '1', '1.14286', '1.14286', '1', '0', '0', '0', '0', '1', '0', '0', '1', '0', '0', '0', '0', '0', '0', '0', '0', '0', '0', '0', '0', '0', '0', '0', '0', '0', '0', '0', '0', '0', '0', '0', '0', '0', '0', '0', '0', '0', '0', '0', '0', '', '1', '3', '1', '1', '1', '1', '0', '0', '0', '', '', '0', '0', '0', '0', '0', '0', ''),
('122258', '0', '110', '110', '0', '0', '0', '0', '0', '0', '35', '0', '0', '1', '1.14286', '1.14286', '1', '0', '0', '0', '0', '1', '0', '0', '1', '0', '0', '0', '0', '0', '0', '0', '0', '0', '0', '0', '0', '0', '0', '0', '0', '0', '0', '0', '0', '0', '0', '0', '0', '0', '0', '0', '0', '0', '0', '0', '0', '', '1', '3', '1', '1', '1', '1', '0', '0', '0', '', '', '0', '0', '0', '0', '0', '0', ''),
('122254', '0', '110', '110', '0', '0', '0', '0', '0', '0', '35', '0', '0', '1', '1.14286', '1.14286', '1', '0', '0', '0', '0', '1', '0', '0', '1', '0', '0', '0', '0', '0', '0', '0', '0', '0', '0', '0', '0', '0', '0', '0', '0', '0', '0', '0', '0', '0', '0', '0', '0', '0', '0', '0', '0', '0', '0', '0', '0', '', '1', '3', '1', '1', '1', '1', '0', '0', '0', '', '', '0', '0', '0', '0', '0', '0', ''),
('122257', '0', '110', '110', '0', '0', '0', '0', '0', '0', '35', '0', '0', '1', '1.14286', '1.14286', '1', '0', '0', '0', '0', '1', '0', '0', '1', '0', '0', '0', '0', '0', '0', '0', '0', '0', '0', '0', '0', '0', '0', '0', '0', '0', '0', '0', '0', '0', '0', '0', '0', '0', '0', '0', '0', '0', '0', '0', '0', '', '1', '3', '1', '1', '1', '1', '0', '0', '0', '', '', '0', '0', '0', '0', '0', '0', ''),
('122279', '0', '110', '110', '0', '0', '0', '0', '0', '0', '35', '0', '0', '1', '1.14286', '1.14286', '1', '0', '0', '0', '0', '1', '0', '0', '1', '0', '0', '0', '0', '0', '0', '0', '0', '0', '0', '0', '0', '0', '0', '0', '0', '0', '0', '0', '0', '0', '0', '0', '0', '0', '0', '0', '0', '0', '0', '0', '0', '', '1', '3', '1', '1', '1', '1', '0', '0', '0', '', '', '0', '0', '0', '0', '0', '0', ''),
('122349', '0', '110', '110', '0', '0', '0', '0', '0', '0', '35', '0', '0', '1', '1.14286', '1.14286', '1', '0', '0', '0', '0', '1', '0', '0', '1', '0', '0', '0', '0', '0', '0', '0', '0', '0', '0', '0', '0', '0', '0', '0', '0', '0', '0', '0', '0', '0', '0', '0', '0', '0', '0', '0', '0', '0', '0', '0', '0', '', '1', '3', '1', '1', '1', '1', '0', '0', '0', '', '', '0', '0', '0', '0', '0', '0', ''),
('122281', '0', '110', '110', '0', '0', '0', '0', '0', '0', '35', '0', '0', '1', '1.14286', '1.14286', '1', '0', '0', '0', '0', '1', '0', '0', '1', '0', '0', '0', '0', '0', '0', '0', '0', '0', '0', '0', '0', '0', '0', '0', '0', '0', '0', '0', '0', '0', '0', '0', '0', '0', '0', '0', '0', '0', '0', '0', '0', '', '1', '3', '1', '1', '1', '1', '0', '0', '0', '', '', '0', '0', '0', '0', '0', '0', ''),
('122351', '0', '110', '110', '0', '0', '0', '0', '0', '0', '35', '0', '0', '1', '1.14286', '1.14286', '1', '0', '0', '0', '0', '1', '0', '0', '1', '0', '0', '0', '0', '0', '0', '0', '0', '0', '0', '0', '0', '0', '0', '0', '0', '0', '0', '0', '0', '0', '0', '0', '0', '0', '0', '0', '0', '0', '0', '0', '0', '', '1', '3', '1', '1', '1', '1', '0', '0', '0', '', '', '0', '0', '0', '0', '0', '0', '');
INSERT INTO `creature_template` (`entry`, `trainer_type`, `gossip_menu_id`, `exp`, `minlevel`, `maxlevel`, `faction`, `npcflag`, `npcflag2`, `RangeAttackTime`, `unit_class`, `unit_flags`, `unit_flags2`, `unit_flags3`, `VehicleId`, `HoverHeight`, `InhabitType`, `SandboxScalingID`, `ScaleLevelMin`, `ScaleLevelMax`, `ScaleLevelDelta`, `ScaleLevelDuration`, `ControllerID`, `StateWorldEffectID`, `SpellStateVisualID`, `SpellStateAnimID`, `SpellStateAnimKitID`, `WorldEffects`, `PassiveSpells`, `flags_extra`, `speed_walk`, `speed_run`, `BaseAttackTime`) VALUES
(108699, 0, 0, 0, 110, 110, 14, 0, 0, 2000, 1, 32768, 2048, 0, 0, 1, 2, 0, 30, 110, 0, 100, -1, 0, 0, 0, 0, '', '', 0, 1, 1.142857, 2000), -- 108699
(108715, 0, 0, 0, 110, 110, 14, 0, 0, 2000, 1, 33280, 4196352, 0, 0, 1, 2, 0, 30, 110, 0, 100, -1, 0, 0, 0, 0, '', '', 0, 1, 1.142857, 2000), -- 108715
(108937, 0, 0, 0, 110, 110, 14, 0, 0, 2000, 1, 32768, 2048, 0, 0, 1, 2, 0, 30, 110, 0, 100, -1, 0, 0, 0, 0, '', '', 0, 1, 1.142857, 2000); -- 108937

UPDATE creature_template SET gossip_menu_id = 21091, npcflag = 1 WHERE entry = 122257;
UPDATE creature_template SET gossip_menu_id = 21090, npcflag = 1 WHERE entry = 122254;
UPDATE creature_template SET gossip_menu_id = 21087, npcflag = 1 WHERE entry = 122253;
UPDATE creature_template SET gossip_menu_id = 21092, npcflag = 1 WHERE entry = 122258;
UPDATE creature_template SET gossip_menu_id = 21083, npcflag = 1 WHERE entry = 122234;
UPDATE creature_template SET gossip_menu_id = 21104, npcflag = 1 WHERE entry = 122279;
UPDATE creature_template SET gossip_menu_id = 21200, npcflag = 1 WHERE entry = 123394;
UPDATE creature_template SET gossip_menu_id = 21086, npcflag = 1 WHERE entry = 122277;
UPDATE creature_template SET gossip_menu_id = 21181, npcflag = 1 WHERE entry = 123120;
UPDATE creature_template SET npcflag = 128 WHERE entry in (122396, 123392);
UPDATE creature_template SET InhabitType= 4 WHERE entry in (122280,122346,122282,122352);
UPDATE creature_template SET AIName='SmartAI' WHERE entry in (122257,122254,122253,122258,123394,108715);
UPDATE creature_template SET VehicleId = 5417 WHERE entry in (122280);
UPDATE creature_template SET VehicleId = 5420 WHERE entry in (122346);
UPDATE creature_template SET VehicleId = 5418 WHERE entry in (122282);
UPDATE creature_template SET VehicleId = 5422 WHERE entry in (122352);
UPDATE creature_template SET flags_extra = 512 WHERE entry IN (108699,108715,108937);
UPDATE `npc_vendor` SET `money`='100000' WHERE (`entry`='122396') AND (`item`='150547') AND (`ExtendedCost`='0') AND (`type`='1');

DELETE FROM creature_template_addon WHERE entry in (108699,108715,108937);
INSERT INTO `creature_template_addon` (`entry`, `mount`, `bytes1`, `bytes2`, `auras`) VALUES
(108699, 0, 0x0, 0x1, ''), -- 108699
(108715, 0, 0x0, 0x1, ''), -- 108715
(108937, 0, 0x0, 0x1, ''); -- 108937

REPLACE INTO `conditions` (`SourceTypeOrReferenceId`, `SourceGroup`, `SourceEntry`, `SourceId`, `ElseGroup`, `ConditionTypeOrReference`, `ConditionTarget`, `ConditionValue1`, `ConditionValue2`, `ConditionValue3`, `NegativeCondition`, `ErrorTextId`, `ScriptName`, `Comment`) VALUES
('25', '122396', '150547', '0', '0', '17', '0', '871', '0', '0', '0', '0', '', 'true if player have achievement');

DELETE FROM gossip_menu_option WHERE MenuID in (9647,21200);
INSERT INTO `gossip_menu_option` (`MenuID`, `OptionIndex`, `OptionNPC`, `OptionText`, `OptionType`, `OptionNpcflag`, `OptionNpcflag2`, `ActionMenuID`, `ActionPoiID`, `BoxCoded`, `BoxMoney`, `BoxCurrency`, `BoxText`, `OptionBroadcastTextID`, `BoxBroadcastTextID`, `VerifiedBuild`) VALUES
('9647', '0', '0', 'Here\'s to you. Dread Captain! Make me a pirate for the day.', '1', '1', '0', '0', '0', '0', '0', '0', '', '27463', '0', '0'),
('9647', '1', '1', 'Есть что-нибудь на продажу?', '3', '128', '0', '0', '0', '0', '0', '0', '', '87406', '0', '0'),
('21200', '2', '0', 'Твои шутки ужасны!', '1', '1', '0', '0', '0', '0', '0', '0', '', '132442', '0', '0'),
('21200', '1', '0', 'Твои шутки – лучшие на свете!', '1', '1', '0', '0', '0', '0', '0', '0', '', '132441', '0', '0'),
('21200', '0', '0', 'Да, я хочу услышать шутку.', '1', '1', '0', '0', '0', '0', '0', '0', '', '132440', '0', '0');

DELETE FROM gossip_menu WHERE Entry in (21091,21090,21087,21092,21083,21104,21200,21086,21182,21181);
INSERT INTO `gossip_menu` (`Entry`, `TextId`) VALUES
(21091, 31973), -- 122257
(21090, 31971), -- 122254
(21087, 31967), -- 122253
(21092, 31975), -- 122258
(21083, 31956), -- 122234
(21104, 31990), -- 122279
(21200, 32159), -- 123394
(21086, 31962), -- 122277
(21181, 32131); -- 123120

DELETE FROM smart_scripts WHERE entryorguid in (108715,123394,12339400,12339401,12339402,122257,12225700);
INSERT INTO `smart_scripts` (`entryorguid`, `source_type`, `id`, `link`, `event_type`, `event_phase_mask`, `event_chance`, `event_flags`, `event_param1`, `event_param2`, `event_param3`, `event_param4`, `action_type`, `action_param1`, `action_param2`, `action_param3`, `action_param4`, `action_param5`, `action_param6`, `target_type`, `target_param1`, `target_param2`, `target_param3`, `target_x`, `target_y`, `target_z`, `target_o`, `comment`) VALUES
('108715', '0', '0', '0', '60', '0', '100', '1', '0', '0', '0', '0', '1', '0', '0', '0', '0', '0', '0', '19', '28048', '500', '0', '0', '0', '0', '0', 'say line'),
('123394', '0', '0', '0', '62', '0', '100', '0', '21200', '1', '0', '0', '1', '0', '0', '0', '0', '0', '0', '7', '0', '0', '0', '0', '0', '0', '0', 'say line event'),
('123394', '0', '1', '0', '62', '0', '100', '0', '21200', '2', '0', '0', '1', '1', '0', '0', '0', '0', '0', '7', '0', '0', '0', '0', '0', '0', '0', 'say line event'),
('123394', '0', '2', '0', '62', '0', '100', '0', '21200', '0', '0', '0', '87', '12339400', '12339401', '12339402', '0', '0', '0', '1', '0', '0', '0', '0', '0', '0', '0', 'random actionlist'),
('12339400', '9', '0', '0', '0', '0', '100', '0', '0', '0', '0', '0', '18', '33554432', '0', '0', '0', '0', '0', '1', '0', '0', '0', '0', '0', '0', '0', 'set unit flags'),
('12339400', '9', '1', '0', '0', '0', '100', '0', '0', '0', '0', '0', '1', '2', '0', '0', '0', '0', '0', '1', '0', '0', '0', '0', '0', '0', '0', 'say line event'),
('12339400', '9', '2', '0', '0', '0', '100', '0', '4000', '4000', '0', '0', '1', '3', '0', '0', '0', '0', '0', '1', '0', '0', '0', '0', '0', '0', '0', 'say line event'),
('12339400', '9', '3', '0', '0', '0', '100', '0', '6000', '6000', '0', '0', '1', '4', '0', '0', '0', '0', '0', '1', '0', '0', '0', '0', '0', '0', '0', 'say line event'),
('12339400', '9', '4', '0', '0', '0', '100', '0', '7000', '7000', '0', '0', '1', '5', '0', '0', '0', '0', '0', '1', '0', '0', '0', '0', '0', '0', '0', 'say line event'),
('12339400', '9', '5', '0', '0', '0', '100', '0', '3000', '3000', '0', '0', '1', '6', '0', '0', '0', '0', '0', '1', '0', '0', '0', '0', '0', '0', '0', 'say line event'),
('12339400', '9', '6', '0', '0', '0', '100', '0', '0', '0', '0', '0', '19', '33554432', '0', '0', '0', '0', '0', '1', '0', '0', '0', '0', '0', '0', '0', 'remove unit flags'),
('12339401', '9', '0', '0', '0', '0', '100', '0', '0', '0', '0', '0', '18', '33554432', '0', '0', '0', '0', '0', '1', '0', '0', '0', '0', '0', '0', '0', 'set unit flags'),
('12339401', '9', '1', '0', '0', '0', '100', '0', '0', '0', '0', '0', '1', '2', '0', '0', '0', '0', '0', '1', '0', '0', '0', '0', '0', '0', '0', 'say line event'),
('12339401', '9', '2', '0', '0', '0', '100', '0', '4000', '4000', '0', '0', '1', '7', '0', '0', '0', '0', '0', '1', '0', '0', '0', '0', '0', '0', '0', 'say line event'),
('12339401', '9', '3', '0', '0', '0', '100', '0', '6000', '6000', '0', '0', '1', '8', '0', '0', '0', '0', '0', '1', '0', '0', '0', '0', '0', '0', '0', 'say line event'),
('12339401', '9', '4', '0', '0', '0', '100', '0', '6000', '6000', '0', '0', '1', '9', '0', '0', '0', '0', '0', '1', '0', '0', '0', '0', '0', '0', '0', 'say line event'),
('12339401', '9', '5', '0', '0', '0', '100', '0', '4000', '4000', '0', '0', '1', '6', '0', '0', '0', '0', '0', '1', '0', '0', '0', '0', '0', '0', '0', 'say line event'),
('12339401', '9', '6', '0', '0', '0', '100', '0', '0', '0', '0', '0', '19', '33554432', '0', '0', '0', '0', '0', '1', '0', '0', '0', '0', '0', '0', '0', 'remove unit flag'),
('12339402', '9', '0', '0', '0', '0', '100', '0', '0', '0', '0', '0', '18', '33554432', '0', '0', '0', '0', '0', '1', '0', '0', '0', '0', '0', '0', '0', 'set unit flags'),
('12339402', '9', '1', '0', '0', '0', '100', '0', '0', '0', '0', '0', '1', '2', '0', '0', '0', '0', '0', '1', '0', '0', '0', '0', '0', '0', '0', 'say line event'),
('12339402', '9', '2', '0', '0', '0', '100', '0', '4000', '4000', '0', '0', '1', '10', '0', '0', '0', '0', '0', '1', '0', '0', '0', '0', '0', '0', '0', 'say line event'),
('12339402', '9', '3', '0', '0', '0', '100', '0', '6000', '6000', '0', '0', '1', '11', '0', '0', '0', '0', '0', '1', '0', '0', '0', '0', '0', '0', '0', 'say line event'),
('12339402', '9', '4', '0', '0', '0', '100', '0', '6000', '6000', '0', '0', '1', '12', '0', '0', '0', '0', '0', '1', '0', '0', '0', '0', '0', '0', '0', 'say line event'),
('12339402', '9', '5', '0', '0', '0', '100', '0', '3000', '3000', '0', '0', '1', '6', '0', '0', '0', '0', '0', '1', '0', '0', '0', '0', '0', '0', '0', 'say line event'),
('12339402', '9', '6', '0', '0', '0', '100', '0', '0', '0', '0', '0', '19', '33554432', '0', '0', '0', '0', '0', '1', '0', '0', '0', '0', '0', '0', '0', 'remove unit flag'),
('122257', '0', '0', '0', '60', '0', '100', '0', '0', '0', '120000', '120000', '80', '12225700', '0', '0', '0', '0', '0', '1', '0', '0', '0', '0', '0', '0', '0', 'action list'),
('12225700', '9', '0', '0', '0', '0', '100', '0', '0', '0', '0', '0', '1', '0', '0', '0', '0', '0', '0', '1', '0', '0', '0', '0', '0', '0', '0', 'say line event'),
('12225700', '9', '1', '0', '0', '0', '100', '0', '4000', '4000', '0', '0', '1', '2', '0', '0', '0', '0', '0', '19', '122254', '5', '0', '0', '0', '0', '0', 'say line event'),
('12225700', '9', '2', '0', '0', '0', '100', '0', '0', '0', '0', '0', '1', '1', '0', '0', '0', '0', '0', '19', '122258', '5', '0', '0', '0', '0', '0', 'say line event'),
('12225700', '9', '3', '0', '0', '0', '100', '0', '0', '0', '0', '0', '1', '0', '0', '0', '0', '0', '0', '19', '122253', '5', '0', '0', '0', '0', '0', 'say line event'),
('12225700', '9', '4', '0', '0', '0', '100', '0', '4000', '4000', '0', '0', '1', '1', '0', '0', '0', '0', '0', '1', '0', '0', '0', '0', '0', '0', '0', 'say line event'),
('12225700', '9', '5', '0', '0', '0', '100', '0', '3000', '3000', '0', '0', '1', '2', '0', '0', '0', '0', '0', '19', '122254', '5', '0', '0', '0', '0', '0', 'say line event'),
('12225700', '9', '6', '0', '0', '0', '100', '0', '0', '0', '0', '0', '1', '1', '0', '0', '0', '0', '0', '19', '122258', '5', '0', '0', '0', '0', '0', 'say line event'),
('12225700', '9', '7', '0', '0', '0', '100', '0', '0', '0', '0', '0', '1', '0', '0', '0', '0', '0', '0', '19', '122253', '5', '0', '0', '0', '0', '0', 'say line event'),
('12225700', '9', '8', '0', '0', '0', '100', '0', '4000', '4000', '0', '0', '1', '2', '0', '0', '0', '0', '0', '1', '0', '0', '0', '0', '0', '0', '0', 'say line event'),
('12225700', '9', '9', '0', '0', '0', '100', '0', '4000', '4000', '0', '0', '1', '2', '0', '0', '0', '0', '0', '19', '122254', '5', '0', '0', '0', '0', '0', 'say line event'),
('12225700', '9', '10', '0', '0', '0', '100', '0', '0', '0', '0', '0', '1', '1', '0', '0', '0', '0', '0', '19', '122258', '5', '0', '0', '0', '0', '0', 'say line event'),
('12225700', '9', '11', '0', '0', '0', '100', '0', '0', '0', '0', '0', '1', '0', '0', '0', '0', '0', '0', '19', '122253', '5', '0', '0', '0', '0', '0', 'say line event'),
('12225700', '9', '12', '0', '0', '0', '100', '0', '3000', '3000', '0', '0', '1', '3', '0', '0', '0', '0', '0', '1', '0', '0', '0', '0', '0', '0', '0', 'say line event'),
('12225700', '9', '13', '0', '0', '0', '100', '0', '4000', '4000', '0', '0', '1', '0', '0', '0', '0', '0', '0', '19', '122258', '5', '0', '0', '0', '0', '0', 'say line event'),
('12225700', '9', '14', '0', '0', '0', '100', '0', '4000', '4000', '0', '0', '1', '4', '0', '0', '0', '0', '0', '1', '0', '5', '0', '0', '0', '0', '0', 'say line event'),
('12225700', '9', '15', '0', '0', '0', '100', '0', '3000', '3000', '0', '0', '1', '1', '0', '0', '0', '0', '0', '19', '122253', '5', '0', '0', '0', '0', '0', 'say line event'),
('12225700', '9', '16', '0', '0', '0', '100', '0', '4000', '4000', '0', '0', '1', '5', '0', '0', '0', '0', '0', '1', '0', '5', '0', '0', '0', '0', '0', 'say line event'),
('12225700', '9', '17', '0', '0', '0', '100', '0', '4000', '4000', '0', '0', '1', '2', '0', '0', '0', '0', '0', '19', '122253', '5', '0', '0', '0', '0', '0', 'say line event'),
('12225700', '9', '18', '0', '0', '0', '100', '0', '0', '0', '0', '0', '1', '3', '0', '0', '0', '0', '0', '19', '122254', '5', '0', '0', '0', '0', '0', 'say line event'),
('12225700', '9', '19', '0', '0', '0', '100', '0', '0', '0', '0', '0', '1', '6', '0', '0', '0', '0', '0', '1', '0', '0', '0', '0', '0', '0', '0', 'say line event'),
('12225700', '9', '20', '0', '0', '0', '100', '0', '0', '0', '0', '0', '1', '2', '0', '0', '0', '0', '0', '19', '122258', '5', '0', '0', '0', '0', '0', 'say line event');

UPDATE `smart_scripts` SET `action_type`='85', `action_param1`='215841', `action_param2`='0' WHERE (`entryorguid`='28048') AND (`source_type`='0') AND (`id`='0') AND (`link`='1');
UPDATE conditions SET ConditionValue1 = 215841 WHERE ConditionValue1 = 50517;

DELETE FROM creature_queststarter WHERE id in (28048);
INSERT INTO `creature_queststarter` (`id`, `quest`) VALUES
('28048', '42758');

UPDATE `creature_loot_template` SET `ChanceOrQuestChance`='-100' WHERE (`entry`='108699') AND (`item`='138411');
UPDATE `creature_loot_template` SET `ChanceOrQuestChance`='-100' WHERE (`entry`='108937') AND (`item`='138411');

DELETE FROM game_event_creature WHERE eventEntry = 50;
DELETE FROM game_event_gameobject WHERE eventEntry = 50;
REPLACE INTO `game_event_creature` (`eventEntry`, `guid`) select 50, guid from creature where id in (28052,123120,28049,28060,28048,28050,28051,108699,108937,108715,122396,122234,122269,122248,122250,123392,122280,122282,122346,122243,122277,123394,122253,122258,122254,122257);
REPLACE INTO `game_event_gameobject` (`eventEntry`, `guid`) select 50, guid from gameobject where id in (204432, 270850, 270851, 270861, 270853, 270866, 270862, 270868, 270874, 270878, 270863, 270864, 270848, 270875, 270872, 270876, 270871, 270873, 270852, 270870, 270856);

DELETE FROM gameobject_template WHERE entry in (270850, 270851, 270861, 270853, 270866, 270862, 270868, 270874, 270878, 270863, 270864, 270848, 270875, 270872, 270876, 270871, 270873, 270852, 270870, 270856);
INSERT INTO `gameobject_template` (`entry`, `type`, `displayId`, `name`, `IconName`, `castBarCaption`, `unk1`, `faction`, `flags`, `size`, `questItem1`, `questItem2`, `questItem3`, `questItem4`, `questItem5`, `questItem6`, `Data0`, `Data1`, `Data2`, `Data3`, `Data4`, `Data5`, `Data6`, `Data7`, `Data8`, `Data9`, `Data10`, `Data11`, `Data12`, `Data13`, `Data14`, `Data15`, `Data16`, `Data17`, `Data18`, `Data19`, `Data20`, `Data21`, `Data22`, `Data23`, `Data24`, `Data25`, `Data26`, `Data27`, `Data28`, `Data29`, `Data30`, `Data31`, `Data32`, `unkInt32`, `AIName`, `ScriptName`, `WorldEffectID`, `StateWorldEffectID`, `SpellVisualID`, `SpellStateVisualID`, `SpellStateAnimID`, `SpellStateAnimKitID`, `MaxVisible`, `IgnoreDynLos`, `VerifiedBuild`) VALUES
('270850', '5', '9154', '', '', '', '', '114', '0', '1', '0', '0', '0', '0', '0', '0', '0', '0', '0', '0', '0', '0', '0', '0', '0', '0', '0', '0', '0', '0', '0', '0', '0', '0', '0', '0', '0', '0', '0', '0', '0', '0', '0', '0', '0', '0', '0', '0', '0', '0', '', '', '0', '0', '0', '0', '1346', '0', '0', '0', '1'),
('270851', '5', '9180', '', '', '', '', '114', '0', '1', '0', '0', '0', '0', '0', '0', '0', '0', '0', '0', '0', '0', '0', '0', '0', '0', '0', '0', '0', '0', '0', '0', '0', '0', '0', '0', '0', '0', '0', '0', '0', '0', '0', '0', '0', '0', '0', '0', '0', '0', '', '', '0', '0', '0', '0', '1346', '0', '0', '0', '1'),
('270861', '5', '2614', '', '', '', '', '114', '0', '1', '0', '0', '0', '0', '0', '0', '0', '0', '0', '0', '0', '0', '0', '0', '0', '0', '0', '0', '0', '0', '0', '0', '0', '0', '0', '0', '0', '0', '0', '0', '0', '0', '0', '0', '0', '0', '0', '0', '0', '0', '', '', '0', '0', '0', '0', '1346', '0', '0', '0', '1'),
('270853', '5', '7467', '', '', '', '', '0', '0', '1', '0', '0', '0', '0', '0', '0', '0', '0', '0', '0', '0', '0', '0', '0', '0', '0', '0', '0', '0', '0', '0', '0', '0', '0', '0', '0', '0', '0', '0', '0', '0', '0', '0', '0', '0', '0', '0', '0', '0', '0', '', '', '0', '0', '0', '0', '1346', '0', '0', '0', '1'),
('270866', '5', '30843', '', '', '', '', '0', '0', '1', '0', '0', '0', '0', '0', '0', '0', '0', '0', '0', '0', '0', '0', '0', '0', '0', '0', '0', '0', '0', '0', '0', '0', '0', '0', '0', '0', '0', '0', '0', '0', '0', '0', '0', '0', '0', '0', '0', '0', '0', '', '', '0', '0', '0', '0', '1346', '0', '0', '0', '1'),
('270862', '5', '10287', '', '', '', '', '0', '0', '1', '0', '0', '0', '0', '0', '0', '0', '0', '0', '0', '0', '0', '0', '0', '0', '0', '0', '0', '0', '0', '0', '0', '0', '0', '0', '0', '0', '0', '0', '0', '0', '0', '0', '0', '0', '0', '0', '0', '0', '0', '', '', '0', '0', '0', '0', '1346', '0', '0', '0', '1'),
('270868', '5', '25796', '', '', '', '', '0', '0', '1', '0', '0', '0', '0', '0', '0', '0', '0', '0', '0', '0', '0', '0', '0', '0', '0', '0', '0', '0', '0', '0', '0', '0', '0', '0', '0', '0', '0', '0', '0', '0', '0', '0', '0', '0', '0', '0', '0', '0', '0', '', '', '0', '0', '0', '0', '1346', '0', '0', '0', '1'),
('270874', '5', '9712', '', '', '', '', '0', '0', '1', '0', '0', '0', '0', '0', '0', '0', '0', '0', '0', '0', '0', '0', '0', '0', '0', '0', '0', '0', '0', '0', '0', '0', '0', '0', '0', '0', '0', '0', '0', '0', '0', '0', '0', '0', '0', '0', '0', '0', '0', '', '', '0', '0', '0', '0', '1346', '0', '0', '0', '1'),
('270878', '5', '26615', '', '', '', '', '0', '0', '0.5', '0', '0', '0', '0', '0', '0', '0', '0', '0', '0', '0', '0', '0', '0', '0', '0', '0', '0', '0', '0', '0', '0', '0', '0', '0', '0', '0', '0', '0', '0', '0', '0', '0', '0', '0', '0', '0', '0', '0', '0', '', '', '0', '0', '0', '0', '1346', '0', '0', '0', '1'),
('270863', '5', '7343', '', '', '', '', '0', '0', '1', '0', '0', '0', '0', '0', '0', '0', '0', '0', '0', '0', '0', '0', '0', '0', '0', '0', '0', '0', '0', '0', '0', '0', '0', '0', '0', '0', '0', '0', '0', '0', '0', '0', '0', '0', '0', '0', '0', '0', '0', '', '', '0', '0', '0', '0', '1346', '0', '0', '0', '1'),
('270864', '5', '10313', '', '', '', '', '0', '0', '1', '0', '0', '0', '0', '0', '0', '0', '0', '0', '0', '0', '0', '0', '0', '0', '0', '0', '0', '0', '0', '0', '0', '0', '0', '0', '0', '0', '0', '0', '0', '0', '0', '0', '0', '0', '0', '0', '0', '0', '0', '', '', '0', '0', '0', '0', '1346', '0', '0', '0', '1'),
('270848', '5', '11364', '', '', '', '', '0', '0', '1', '0', '0', '0', '0', '0', '0', '0', '0', '0', '0', '0', '0', '0', '0', '0', '0', '0', '0', '0', '0', '0', '0', '0', '0', '0', '0', '0', '0', '0', '0', '0', '0', '0', '0', '0', '0', '0', '0', '0', '0', '', '', '0', '0', '0', '0', '1346', '0', '0', '0', '1'),
('270875', '5', '10298', '', '', '', '', '0', '0', '1', '0', '0', '0', '0', '0', '0', '0', '0', '0', '0', '0', '0', '0', '0', '0', '0', '0', '0', '0', '0', '0', '0', '0', '0', '0', '0', '0', '0', '0', '0', '0', '0', '0', '0', '0', '0', '0', '0', '0', '0', '', '', '0', '0', '0', '0', '1346', '0', '0', '0', '1'),
('270872', '5', '9593', '', '', '', '', '0', '0', '1', '0', '0', '0', '0', '0', '0', '0', '0', '0', '0', '0', '0', '0', '0', '0', '0', '0', '0', '0', '0', '0', '0', '0', '0', '0', '0', '0', '0', '0', '0', '0', '0', '0', '0', '0', '0', '0', '0', '0', '0', '', '', '0', '0', '0', '0', '1346', '0', '0', '0', '1'),
('270876', '5', '9593', '', '', '', '', '0', '0', '1', '0', '0', '0', '0', '0', '0', '0', '0', '0', '0', '0', '0', '0', '0', '0', '0', '0', '0', '0', '0', '0', '0', '0', '0', '0', '0', '0', '0', '0', '0', '0', '0', '0', '0', '0', '0', '0', '0', '0', '0', '', '', '0', '0', '0', '0', '1346', '0', '0', '0', '1'),
('270871', '5', '42543', '', '', '', '', '0', '0', '1', '0', '0', '0', '0', '0', '0', '0', '0', '0', '0', '0', '0', '0', '0', '0', '0', '0', '0', '0', '0', '0', '0', '0', '0', '0', '0', '0', '0', '0', '0', '0', '0', '0', '0', '0', '0', '0', '0', '0', '0', '', '', '0', '0', '0', '0', '1346', '0', '0', '0', '1'),
('270873', '5', '9598', '', '', '', '', '0', '0', '1', '0', '0', '0', '0', '0', '0', '0', '0', '0', '0', '0', '0', '0', '0', '0', '0', '0', '0', '0', '0', '0', '0', '0', '0', '0', '0', '0', '0', '0', '0', '0', '0', '0', '0', '0', '0', '0', '0', '0', '0', '', '', '0', '0', '0', '0', '1346', '0', '0', '0', '1'),
('270852', '5', '22583', '', '', '', '', '0', '0', '1', '0', '0', '0', '0', '0', '0', '0', '0', '0', '0', '0', '0', '0', '0', '0', '0', '0', '0', '0', '0', '0', '0', '0', '0', '0', '0', '0', '0', '0', '0', '0', '0', '0', '0', '0', '0', '0', '0', '0', '0', '', '', '0', '0', '0', '0', '1346', '0', '0', '0', '1'),
('270870', '5', '15383', '', '', '', '', '0', '0', '1', '0', '0', '0', '0', '0', '0', '0', '0', '0', '0', '0', '0', '0', '0', '0', '0', '0', '0', '0', '0', '0', '0', '0', '0', '0', '0', '0', '0', '0', '0', '0', '0', '0', '0', '0', '0', '0', '0', '0', '0', '', '', '0', '0', '0', '0', '1346', '0', '0', '0', '1'),
('270856', '5', '7539', '', '', '', '', '0', '0', '1', '0', '0', '0', '0', '0', '0', '0', '0', '0', '0', '0', '0', '0', '0', '0', '0', '0', '0', '0', '0', '0', '0', '0', '0', '0', '0', '0', '0', '0', '0', '0', '0', '0', '0', '0', '0', '0', '0', '0', '0', '', '', '0', '0', '0', '0', '1346', '0', '0', '0', '1');