DELETE FROM gameobject_template WHERE entry in (247600,247599,269856,269857,269861,269858,269869,269855,269859,269862,269863,269864,269865,269878,269971,269872,269872,269880,245083,245085,245084,269970,269879,
281270,281269,281271,269877,269876);
INSERT INTO `gameobject_template` (`entry`, `type`, `displayId`, `name`, `IconName`, `castBarCaption`, `unk1`, `size`, `questItem1`, `questItem2`, `questItem3`, `questItem4`, `questItem5`, `questItem6`, `Data0`, `Data1`, `Data2`, `Data3`, `Data4`, `Data5`, `Data6`, `Data7`, `Data8`, `Data9`, `Data10`, `Data11`, `Data12`, `Data13`, `Data14`, `Data15`, `Data16`, `Data17`, `Data18`, `Data19`, `Data20`, `Data21`, `Data22`, `Data23`, `Data24`, `Data25`, `Data26`, `Data27`, `Data28`, `Data29`, `Data30`, `Data31`, `Data32`, `unkInt32`, `VerifiedBuild`) VALUES
(247600, 5, 11707, '', '', '', '', 1, 0, 0, 0, 0, 0, 0, 0, 0, 0, 0, 0, 0, 0, 0, 0, 0, 0, 0, 0, 0, 0, 0, 0, 0, 0, 0, 0, 0, 0, 0, 0, 0, 0, 0, 0, 0, 0, 0, 0, 0, 24461),
(247599, 5, 32311, '', '', '', '', 1, 0, 0, 0, 0, 0, 0, 0, 0, 0, 0, 0, 0, 0, 0, 0, 0, 0, 0, 0, 0, 0, 0, 0, 0, 0, 0, 0, 0, 0, 0, 0, 0, 0, 0, 0, 0, 0, 0, 0, 0, 24461),
(269856, 5, 8615, '', '', '', '', 1, 0, 0, 0, 0, 0, 0, 0, 0, 0, 0, 0, 0, 0, 0, 0, 0, 0, 0, 0, 0, 0, 0, 0, 0, 0, 0, 0, 0, 0, 0, 0, 0, 0, 0, 0, 0, 0, 0, 0, 0, 24461),
(269857, 5, 8624, '', '', '', '', 1, 0, 0, 0, 0, 0, 0, 0, 0, 0, 0, 0, 0, 0, 0, 0, 0, 0, 0, 0, 0, 0, 0, 0, 0, 0, 0, 0, 0, 0, 0, 0, 0, 0, 0, 0, 0, 0, 0, 0, 0, 24461),
(269861, 5, 8621, '', '', '', '', 1, 0, 0, 0, 0, 0, 0, 0, 0, 0, 0, 0, 0, 0, 0, 0, 0, 0, 0, 0, 0, 0, 0, 0, 0, 0, 0, 0, 0, 0, 0, 0, 0, 0, 0, 0, 0, 0, 0, 0, 0, 24461),
(269858, 5, 9309, '', '', '', '', 1, 0, 0, 0, 0, 0, 0, 0, 0, 0, 0, 0, 0, 0, 0, 0, 0, 0, 0, 0, 0, 0, 0, 0, 0, 0, 0, 0, 0, 0, 0, 0, 0, 0, 0, 0, 0, 0, 0, 0, 0, 24461),
(269869, 5, 38943, '', '', '', '', 1, 0, 0, 0, 0, 0, 0, 0, 0, 0, 0, 0, 0, 0, 0, 0, 0, 0, 0, 0, 0, 0, 0, 0, 0, 0, 0, 0, 0, 0, 0, 0, 0, 0, 0, 0, 0, 0, 0, 0, 0, 24461),
(269855, 5, 8618, '', '', '', '', 1, 0, 0, 0, 0, 0, 0, 0, 0, 0, 0, 0, 0, 0, 0, 0, 0, 0, 0, 0, 0, 0, 0, 0, 0, 0, 0, 0, 0, 0, 0, 0, 0, 0, 0, 0, 0, 0, 0, 0, 0, 24461),
(269859, 5, 8622, '', '', '', '', 1, 0, 0, 0, 0, 0, 0, 0, 0, 0, 0, 0, 0, 0, 0, 0, 0, 0, 0, 0, 0, 0, 0, 0, 0, 0, 0, 0, 0, 0, 0, 0, 0, 0, 0, 0, 0, 0, 0, 0, 0, 24461),
(269862, 5, 9179, '', '', '', '', 1, 0, 0, 0, 0, 0, 0, 0, 0, 0, 0, 0, 0, 0, 0, 0, 0, 0, 0, 0, 0, 0, 0, 0, 0, 0, 0, 0, 0, 0, 0, 0, 0, 0, 0, 0, 0, 0, 0, 0, 0, 24461),
(269863, 5, 13213, '', '', '', '', 1, 0, 0, 0, 0, 0, 0, 0, 0, 0, 0, 0, 0, 0, 0, 0, 0, 0, 0, 0, 0, 0, 0, 0, 0, 0, 0, 0, 0, 0, 0, 0, 0, 0, 0, 0, 0, 0, 0, 0, 0, 24461),
(269864, 5, 42219, '', '', '', '', 1, 0, 0, 0, 0, 0, 0, 0, 0, 0, 0, 0, 0, 0, 0, 0, 0, 0, 0, 0, 0, 0, 0, 0, 0, 0, 0, 0, 0, 0, 0, 0, 0, 0, 0, 0, 0, 0, 0, 0, 0, 24461),
(269865, 5, 32424, '', '', '', '', 1, 0, 0, 0, 0, 0, 0, 0, 0, 0, 0, 0, 0, 0, 0, 0, 0, 0, 0, 0, 0, 0, 0, 0, 0, 0, 0, 0, 0, 0, 0, 0, 0, 0, 0, 0, 0, 0, 0, 0, 0, 24461),
(269878, 5, 8617, 'Дренейское знамя', '', '', '', 1, 0, 0, 0, 0, 0, 0, 0, 0, 0, 0, 0, 0, 0, 0, 0, 0, 0, 0, 0, 0, 0, 0, 0, 0, 0, 0, 0, 0, 0, 0, 0, 0, 0, 0, 0, 0, 0, 0, 0, 0, 24461), -- 269878
(269971, 5, 42390, 'Дренейские кристаллы', '', '', '', 0.5, 0, 0, 0, 0, 0, 0, 0, 0, 0, 0, 0, 0, 0, 0, 0, 0, 0, 0, 0, 0, 0, 0, 0, 0, 0, 0, 0, 0, 0, 0, 0, 0, 0, 0, 0, 0, 0, 0, 0, 0, 24461), -- 269971
(269872, 5, 8623, 'Знамя людей', '', '', '', 1, 0, 0, 0, 0, 0, 0, 0, 0, 0, 0, 0, 0, 0, 0, 0, 0, 0, 0, 0, 0, 0, 0, 0, 0, 0, 0, 0, 0, 0, 0, 0, 0, 0, 0, 0, 0, 0, 0, 0, 0, 24461), -- 269872
(269880, 5, 11391, 'Флаг пандаренов', '', '', '', 0.5, 0, 0, 0, 0, 0, 0, 0, 0, 0, 0, 0, 0, 0, 0, 0, 0, 0, 0, 0, 0, 0, 0, 0, 0, 0, 0, 0, 0, 0, 0, 0, 0, 0, 0, 0, 0, 0, 0, 0, 0, 24461), -- 269880
(245083, 5, 11061, 'Подставка для бочонков', '', '', '', 1, 0, 0, 0, 0, 0, 0, 0, 0, 0, 0, 0, 0, 0, 1, 0, 0, 0, 0, 0, 0, 0, 0, 0, 0, 0, 0, 0, 0, 0, 0, 0, 0, 0, 0, 0, 0, 0, 0, 0, 0, 24461), -- 245083
(245085, 5, 29600, 'Стандартный бочонок', '', '', '', 1, 0, 0, 0, 0, 0, 0, 0, 0, 0, 0, 0, 0, 0, 1, 0, 0, 0, 0, 0, 0, 0, 0, 0, 0, 0, 0, 0, 0, 0, 0, 0, 0, 0, 0, 0, 0, 0, 0, 0, 0, 24461), -- 245085
(245084, 5, 11364, 'Качественная бочка', '', '', '', 1, 0, 0, 0, 0, 0, 0, 0, 0, 0, 0, 0, 0, 0, 1, 0, 0, 0, 0, 0, 0, 0, 0, 0, 0, 0, 0, 0, 0, 0, 0, 0, 0, 0, 0, 0, 0, 0, 0, 0, 0, 24461), -- 245084
(269970, 5, 10451, 'Почтовый дилижанс', '', '', '', 0.85, 0, 0, 0, 0, 0, 0, 0, 0, 0, 0, 0, 0, 0, 0, 0, 0, 0, 0, 0, 0, 0, 0, 0, 0, 0, 0, 0, 0, 0, 0, 0, 0, 0, 0, 0, 0, 0, 0, 0, 0, 24461), -- 269970
(269879, 5, 9800, 'Знамя воргенов', '', '', '', 1, 0, 0, 0, 0, 0, 0, 0, 0, 0, 0, 0, 0, 0, 0, 0, 0, 0, 0, 0, 0, 0, 0, 0, 0, 0, 0, 0, 0, 0, 0, 0, 0, 0, 0, 0, 0, 0, 0, 0, 0, 24461), -- 269879
(281270, 5, 44373, '', '', '', '', 1, 0, 0, 0, 0, 0, 0, 0, 0, 0, 0, 0, 0, 0, 0, 0, 0, 0, 0, 0, 0, 0, 0, 0, 0, 0, 0, 0, 0, 0, 0, 0, 0, 0, 0, 0, 0, 0, 0, 0, 0, 27144),
(281269, 5, 43464, '', '', '', '', 1, 0, 0, 0, 0, 0, 0, 0, 0, 0, 0, 0, 0, 0, 0, 0, 0, 0, 0, 0, 0, 0, 0, 0, 0, 0, 0, 0, 0, 0, 0, 0, 0, 0, 0, 0, 0, 0, 0, 0, 0, 27144),
(281271, 5, 42710, '', '', '', '', 0.5, 0, 0, 0, 0, 0, 0, 0, 0, 0, 0, 0, 0, 0, 0, 0, 0, 0, 0, 0, 0, 0, 0, 0, 0, 0, 0, 0, 0, 0, 0, 0, 0, 0, 0, 0, 0, 0, 0, 0, 0, 27144),
(269877, 5, 8619, '', '', '', '', 1, 0, 0, 0, 0, 0, 0, 0, 0, 0, 0, 0, 0, 0, 0, 0, 0, 0, 0, 0, 0, 0, 0, 0, 0, 0, 0, 0, 0, 0, 0, 0, 0, 0, 0, 0, 0, 0, 0, 0, 0, 27144),
(269876, 5, 8616, '', '', '', '', 1, 0, 0, 0, 0, 0, 0, 0, 0, 0, 0, 0, 0, 0, 0, 0, 0, 0, 0, 0, 0, 0, 0, 0, 0, 0, 0, 0, 0, 0, 0, 0, 0, 0, 0, 0, 0, 0, 0, 0, 0, 27144);

DELETE FROM gameobject_template WHERE entry in (271590,271589);
INSERT INTO `gameobject_template` (`entry`, `type`, `displayId`, `name`, `IconName`, `castBarCaption`, `unk1`, `faction`, `flags`, `size`, `questItem1`, `questItem2`, `questItem3`, `questItem4`, `questItem5`, `questItem6`, `Data0`, `Data1`, `Data2`, `Data3`, `Data4`, `Data5`, `Data6`, `Data7`, `Data8`, `Data9`, `Data10`, `Data11`, `Data12`, `Data13`, `Data14`, `Data15`, `Data16`, `Data17`, `Data18`, `Data19`, `Data20`, `Data21`, `Data22`, `Data23`, `Data24`, `Data25`, `Data26`, `Data27`, `Data28`, `Data29`, `Data30`, `Data31`, `Data32`, `unkInt32`, `AIName`, `ScriptName`, `WorldEffectID`, `StateWorldEffectID`, `SpellVisualID`, `SpellStateVisualID`, `SpellStateAnimID`, `SpellStateAnimKitID`, `MaxVisible`, `IgnoreDynLos`, `VerifiedBuild`) VALUES
('271590', '5', '42983', '', '', '', '', '0', '0', '1', '0', '0', '0', '0', '0', '0', '0', '0', '0', '0', '0', '0', '0', '0', '0', '0', '0', '0', '0', '0', '0', '0', '0', '0', '0', '0', '0', '0', '0', '0', '0', '0', '0', '0', '0', '0', '0', '0', '0', '0', '', '', '0', '0', '0', '0', '0', '0', '0', '0', '1'),
('271589', '5', '42982', '', '', '', '', '0', '0', '1', '0', '0', '0', '0', '0', '0', '0', '0', '0', '0', '0', '0', '0', '0', '0', '0', '0', '0', '0', '0', '0', '0', '0', '0', '0', '0', '0', '0', '0', '0', '0', '0', '0', '0', '0', '0', '0', '0', '0', '0', '', '', '0', '0', '0', '0', '0', '0', '0', '0', '1');

REPLACE INTO `sceneobject_data` (`Entry`, `CreatureID`, `PackageID`, `RndSeedVal`, `SceneType`) VALUES
(1457, 0, 1457, 1788404642, 0),
(1457, 0, 1457, 1788863885, 0);

REPLACE INTO `creature_template_addon` (`entry`, `mount`, `bytes1`, `bytes2`, `auras`) VALUES
(121694, 0, 0x0, 0x1, '243089 248203'),
(123184, 0, 0x3000000, 0x1, ''),
(124969, 0, 0x0, 0x1, '243089 248203'),
(121541, 0, 0x0, 0x1, '46598'),
(121762, 0, 0x0, 0x1, '243222'),
(121724, 0, 0x0, 0x1, '243089 248203'),
(121725, 0, 0x2000000, 0x1, '96853'),
(116369, 0, 0x0, 0x1, '231767'),
(121625, 0, 0x0, 0x20001, '157863 240152 166615'),
(121727, 0, 0x3000000, 0x1, '243089 248203'),
(121722, 0, 0x0, 0x1, '243089 248203'),
(121730, 0, 0x0, 0x1, '243089 248203'),
(121739, 0, 0x0, 0x1, '243089 248207'),
(121740, 0, 0x0, 0x1, ''),
(122068, 0, 0x0, 0x1, '243089'),
(124973, 0, 0x0, 0x1, '243089 248207'),
(122069, 0, 0x0, 0x1, '243089');

REPLACE INTO `creature_template` (`entry`, `trainer_type`, `gossip_menu_id`, `exp`, `minlevel`, `maxlevel`, `faction`, `npcflag`, `npcflag2`, `RangeAttackTime`, `unit_class`, `unit_flags`, `unit_flags2`, `unit_flags3`, `VehicleId`, `HoverHeight`, `InhabitType`, `SandboxScalingID`, `ScaleLevelMin`, `ScaleLevelMax`, `ScaleLevelDelta`, `ScaleLevelDuration`, `ControllerID`, `StateWorldEffectID`, `SpellStateVisualID`, `SpellStateAnimID`, `SpellStateAnimKitID`, `WorldEffects`, `PassiveSpells`, `flags_extra`, `speed_walk`, `speed_run`, `BaseAttackTime`) VALUES
(121762, 0, 0, 0, 110, 110, 35, 0, 0, 2000, 2, 33088, 2048, 0, 5398, 1, 3, 0, 98, 110, 0, 100, -1, 0, 0, 0, 0, '', '', 0, 1, 1.142857, 2000), -- 121762
(123184, 0, 0, 0, 1, 1, 35, 0, 0, 2000, 1, 33555200, 2048, 0, 0, 1, 7, 0, 0, 0, 0, 100, -1, 0, 0, 0, 0, '', '', 0, 5.6, 2, 2000), -- 123184
(121541, 0, 0, 0, 110, 110, 190, 0, 0, 2000, 1, 33555200, 67110912, 1, 0, 1, 3, 0, 0, 0, 0, 100, -1, 0, 0, 0, 0, '', '', 0, 1, 1.142857, 2000), -- 121541
(124969, 0, 0, 0, 110, 110, 35, 0, 0, 2000, 1, 33024, 2048, 0, 0, 1, 3, 0, 0, 0, 0, 100, -1, 0, 0, 0, 0, '', '', 0, 1.555556, 1.142857, 2000), -- 124969
(121625, 0, 0, 0, 110, 110, 35, 0, 0, 2000, 1, 32768, 2048, 0, 0, 1, 3, 0, 0, 0, 0, 2000, -1, 0, 0, 0, 0, '', '', 0, 1, 1.142857, 2000), -- 121625
(121694, 0, 0, 0, 110, 110, 714, 0, 0, 2000, 1, 33024, 2048, 0, 0, 1, 3, 0, 0, 0, 0, 2000, -1, 0, 0, 0, 0, '', '', 0, 1, 1.142857, 2000), -- 121694
(121722, 0, 0, 0, 110, 110, 714, 0, 0, 2000, 1, 33024, 2048, 0, 0, 1, 3, 0, 0, 0, 0, 100, -1, 0, 0, 0, 0, '', '', 0, 1, 1, 2000), -- 121722
(121724, 0, 0, 0, 110, 110, 714, 0, 0, 2000, 1, 33024, 2048, 0, 0, 1, 3, 0, 0, 0, 0, 100, -1, 0, 0, 0, 0, '', '', 0, 1, 1.385714, 2000), -- 121724
(121725, 0, 0, 0, 110, 110, 714, 0, 0, 2000, 1, 33024, 2048, 0, 0, 1, 3, 0, 0, 0, 0, 100, -1, 0, 0, 0, 0, '', '', 128, 1, 1.142857, 2000), -- 121725
(121727, 0, 0, 0, 110, 110, 714, 0, 0, 2000, 1, 33024, 2048, 0, 0, 1, 3, 0, 0, 0, 0, 100, -1, 0, 0, 0, 0, '', '', 0, 1, 1.385714, 2000), -- 121727
(121730, 0, 0, 0, 110, 110, 714, 0, 0, 2000, 1, 33024, 2048, 0, 0, 1, 3, 0, 0, 0, 0, 100, -1, 0, 0, 0, 0, '', '', 0, 1, 1.142857, 2000), -- 121730
(121731, 0, 0, 0, 110, 110, 714, 0, 0, 2000, 1, 33024, 2048, 0, 0, 1, 3, 0, 0, 0, 0, 100, -1, 0, 0, 0, 0, '', '', 0, 1, 1.142857, 2000), -- 121731
(122068, 0, 0, 0, 110, 110, 534, 0, 0, 2000, 1, 33024, 2048, 0, 0, 1, 3, 0, 0, 0, 0, 100, -1, 0, 0, 0, 0, '', '', 0, 1, 1.142857, 2000), -- 122068
(121623, 0, 0, 0, 110, 110, 35, 0, 0, 2000, 1, 32768, 2048, 0, 0, 1, 3, 0, 0, 0, 0, 100, -1, 0, 0, 0, 0, '', '', 0, 1, 1.485714, 2000), -- 121623
(124973, 0, 0, 0, 110, 110, 35, 0, 0, 2000, 1, 33024, 2048, 0, 0, 1, 3, 0, 0, 0, 0, 100, -1, 0, 0, 0, 0, '', '', 0, 1, 1.142857, 2000), -- 124973
(121739, 0, 0, 0, 110, 110, 2362, 0, 0, 2000, 1, 33024, 2048, 0, 0, 1, 3, 0, 0, 0, 0, 2000, -1, 0, 0, 0, 0, '', '', 0, 1, 1.142857, 2000), -- 121739
(121740, 0, 0, 0, 110, 110, 2362, 0, 0, 2000, 1, 33024, 2048, 0, 0, 1, 3, 0, 0, 0, 0, 100, -1, 0, 0, 0, 0, '', '', 0, 1, 1.142857, 2000), -- 121740
(122070, 0, 0, 0, 110, 110, 35, 0, 0, 2000, 1, 33024, 2048, 0, 0, 1, 3, 0, 0, 0, 0, 100, -1, 0, 0, 0, 0, '', '', 0, 1, 1.142857, 2000),
(122069, 0, 0, 0, 110, 110, 35, 0, 0, 2000, 1, 33024, 2048, 0, 0, 1, 3, 0, 0, 0, 0, 100, -1, 0, 0, 0, 0, '', '', 0, 1, 1.142857, 2000);

DELETE FROM creature_text WHERE Entry in (121694,121739);
INSERT INTO `creature_text` (`Entry`, `GroupID`, `ID`, `Text`, `Type`, `Language`, `Probability`, `Emote`, `Duration`, `Sound`, `BroadcastTextID`, `comment`) VALUES
(121694, 0, 0, 'Люблю, когда пандарены так отвязно выделываются. Танцуем!', 12, 0, 100, 0, 0, 0, 131046, 'Аштар'),
(121694, 0, 1, 'Давайте, пандарены!', 12, 0, 100, 0, 0, 0, 131047, 'Аштар'),
(121694, 1, 0, 'Давайте, тролли! Покажите всем, как надо танцевать!', 12, 0, 100, 0, 0, 0, 130769, 'Аштар'),
(121694, 1, 1, 'Танец троллей! Эти ноги не удержит никакая обувь!', 12, 0, 100, 0, 0, 0, 130770, 'Аштар'),
(121694, 2, 0, 'Давайте, таурены! Покажите, как танцуют в Мулгоре.', 12, 0, 100, 0, 0, 0, 130772, 'Аштар'),
(121694, 2, 1, 'Смотри по сторонам! А не то тебе таурены-танцоры все ноги отдавят.', 12, 0, 100, 0, 0, 0, 130771, 'Аштар'),
(121694, 3, 0, 'Вперед, братья и сестры орки! Покажите нам свой танец!', 12, 0, 100, 0, 0, 0, 130779, 'Аштар'),
(121694, 3, 0, 'Это наш город, орки. Покажем всем наше величие!', 12, 0, 100, 0, 0, 0, 130780, 'Аштар'),
(121694, 4, 0, 'Покажите нам, как танцуют гоблины!', 12, 0, 100, 0, 0, 0, 130774, 'Аштар'),
(121694, 4, 1, 'Пусть гоблины поднимутся на сцену, чтобы все их видели!', 12, 0, 100, 0, 0, 0, 130773, 'Аштар'),
(121694, 5, 0, 'А теперь выход Отрекшихся. От такого танца того и гляди остановится сердце!', 12, 0, 100, 0, 0, 0, 130768, 'Аштар'),
(121694, 5, 1, 'Приглашаем на сцену Отрекшихся!', 12, 0, 100, 0, 0, 0, 130767, 'Аштар'),
(121694, 6, 0, 'Эльфы крови! Теперь ваш черед.', 12, 0, 100, 0, 0, 0, 130776, 'Аштар'),
(121694, 6, 1, 'Полюбуйтесь на эльфов крови и их изящные движения!', 12, 0, 100, 0, 0, 0, 130775, 'Аштар'),
(121694, 7, 0, 'Выпускайте бычка! Таурены Крутогорья, ВПЕРЕД!', 12, 0, 100, 0, 0, 0, 147264, 'Аштар'),
(121694, 7, 1, 'У пришедших с крутых гор и нрав крутой! Это таурены Крутогорья!', 12, 0, 100, 0, 0, 0, 147263, 'Аштар'),
(121694, 8, 0, 'День воюют, ночь танцуют. Поприветствуйте ночнорожденных!', 12, 0, 100, 0, 0, 0, 147265, 'Аштар'),
(121694, 8, 1, 'Нет, у вас не галлюцинации... просто перед вами танцующие ночнорожденные!', 12, 0, 100, 0, 0, 0, 147266, 'Аштар'),
(121739, 0, 0, 'Люблю, когда пандарены так отвязно выделываются. Танцуем!', 12, 0, 100, 0, 0, 0, 131046, 'Марла'),
(121739, 0, 1, 'Давайте, пандарены!', 12, 0, 100, 0, 0, 0, 131047, 'Марла'),
(121739, 1, 0, 'Это ваш город, люди. Покажите нам все свое величие!', 12, 0, 100, 0, 0, 0, 131034, 'Марла'),
(121739, 1, 1, 'Ходят слухи, что люди не умеют танцевать. Давайте, докажите, что это не так!', 12, 0, 100, 0, 0, 0, 131035, 'Марла'),
(121739, 2, 0, 'Приглашаем на сцену дренеев!', 12, 0, 100, 0, 0, 0, 131042, 'Марла'),
(121739, 2, 1, 'А сейчас нас ждут танцы из других миров. Встречайте: это дренеи!', 12, 0, 100, 0, 0, 0, 131043, 'Марла'),
(121739, 3, 0, 'Пусть гномы поднимутся на сцену, чтобы их все видели!', 12, 0, 100, 0, 0, 0, 131040, 'Марла'),
(121739, 3, 1, 'Гномы! Ну разве они не очаровашки?', 12, 0, 100, 0, 0, 0, 131041, 'Марла'),
(121739, 4, 0, 'Только посмотрите, как ловко дворфы работают ногами! И при этом даже эль умудряются не проливать!', 12, 0, 100, 0, 0, 0, 131036, 'Марла'),
(121739, 4, 1, 'Пора и дворфам показать, как они умеют отрываться!', 12, 0, 100, 0, 0, 0, 131037, 'Марла'),
(121739, 5, 0, 'Полюбуйтесь на изящных и уверенных в себе ночных эльфов! Ой, как же здесь жарко...', 12, 0, 100, 0, 0, 0, 131038, 'Марла'),
(121739, 5, 1, 'Ночные эльфы! Покажите нам, как отрываются в Тельдрассиле!', 12, 0, 100, 0, 0, 0, 131039, 'Марла'),
(121739, 6, 0, 'У-у-у! Давайте, воргены, покажите, какие вы необузданные!', 12, 0, 100, 0, 0, 0, 131045, 'Марла'),
(121739, 6, 1, 'Вперед, воргены, братья и сестры мои! Покажем всем, как нужно танцевать!', 12, 0, 100, 0, 0, 0, 131044, 'Марла'),
(121739, 7, 0, 'Озаренные дренеи прибыли, чтобы танцевать и убивать демонов. Демоны у нас закончились!', 12, 7, 100, 0, 0, 0, 147270, 'Марла'),
(121739, 7, 1, 'Отключите диско-шар, и эта сцена останется ОЗАРЕННОЙ этими дренеями!', 12, 7, 100, 0, 0, 0, 147269, 'Марла'),
(121739, 8, 0, 'Танцуйте так, будто вы одержимы Бездной!', 12, 0, 100, 0, 0, 0, 147268, 'Марла'),
(121739, 8, 1, 'Даже аватарам Тьмы не чуждо веселье. Эльфы Бездны, зажигайте!', 12, 0, 100, 0, 0, 0, 147267, 'Марла');

DELETE FROM creature_text WHERE entry in (121740,121731);
INSERT INTO creature_text (`Entry`, `GroupID`, `ID`, `Text`, `Type`, `Language`, `Probability`, `Emote`, `Duration`, `Sound`, `BroadcastTextID`, `MinTimer`, `MaxTimer`, `SpellID`, `comment`) VALUES
('121740', '0', '0', 'I can\'t believe they took over the entire building just for a dance party! Where am I going to sell all these pants now?', '12', '0', '0', '0', '0', '0', '130783', '0', '0', '0', 'Разгневанная торговка'),
('121740', '1', '0', 'Oh. Right.', '12', '0', '0', '0', '0', '0', '130785', '0', '0', '0', 'Разгневанная торговка'),
('121731', '0', '0', 'I can\'t believe they took over the entire building just for a dance party! Where am I going to sell all these pants now?', '12', '0', '0', '0', '0', '0', '130783', '0', '0', '0', 'Разгневанная торговка'),
('121731', '1', '0', 'Oh. Right.', '12', '0', '0', '0', '0', '0', '130785', '0', '0', '0', 'Разгневанная торговка');

REPLACE INTO `creature_text` (`Entry`, `GroupID`, `ID`, `Text`, `Type`, `Language`, `Probability`, `Emote`, `Duration`, `Sound`, `BroadcastTextID`, `MinTimer`, `MaxTimer`, `SpellID`, `comment`) VALUES
('68', '5', '0', 'You do know the city has another auction house, don\'t you?', '12', '0', '100', '0', '0', '0', '131031', '0', '0', '0', 'Stormwind City Guard'),
('88703', '5', '0', 'You do know the city has another auction house, don\'t you?', '12', '0', '100', '0', '0', '0', '131031', '0', '0', '0', 'Stormwind City Guard');

DELETE FROM eventobject_template WHERE entry in (726,727,728);
INSERT INTO `eventobject_template` (`entry`, `name`, `radius`, `SpellID`, `WorldSafeLocID`, `ScriptName`) VALUES
('726', 'Auction House Dance Studio', '12', '0', '0', 'eventobject_dance_studio_orgrimmar'),
('727', 'Auction House Dance Studio - Remove', '5', '0', '0', 'SmartEventObject'),
('728', 'Auction House Dance Studio', '12', '0', '0', 'eventobject_dance_studio_stormwind');

DELETE FROM eventobject WHERE id in (726,727,728);
INSERT INTO `eventobject` (`id`, `map`, `zoneId`, `areaId`, `spawnMask`, `phaseMask`, `PhaseId`, `position_x`, `position_y`, `position_z`, `orientation`) VALUES
('726', '1', '0', '0', '1', '1', '', '1637.39', '-4444.89', '17.2021', '2.33517'),
('728', '0', '0', '0', '1', '1', '', '-8823.87', '656.3693', '98.20293', '0.38598'),
('727', '1', '0', '0', '1', '1', '', '1617.61', '-4425.35', '15.7859', '5.50304'),
('727', '0', '0', '0', '1', '1', '', '-8842.55', '648.3802', '97.2638', '0.38466');

DELETE FROM spell_linked_spell WHERE spell_trigger in (-243089,243101,243528);
INSERT INTO `spell_linked_spell` (`spell_trigger`, `spell_effect`, `type`, `caster`, `target`, `hastype`, `hastalent`, `hasparam`, `hastype2`, `hastalent2`, `hasparam2`, `chance`, `cooldown`, `duration`, `hitmask`, `removeMask`, `effectMask`, `targetCountType`, `targetCount`, `actiontype`, `group`, `param`, `randList`, `comment`) VALUES
('-243089', '-248207', '0', '0', '0', '0', '0', '0', '0', '0', '0', '0', '0', '0', '0', '0', '0', '0', '-1', '0', '0', '0', '', 'Танцевальная музыка'),
('-243089', '-248203', '0', '0', '0', '0', '0', '0', '0', '0', '0', '0', '0', '0', '0', '0', '0', '0', '-1', '0', '0', '0', '', 'Танцевальная музыка'),
('243101', '243138', '0', '0', '0', '0', '0', '0', '0', '0', '0', '0', '0', '0', '0', '0', '0', '0', '-1', '0', '0', '0', '', 'Ноги в пляс'),
('243528', '243138', '0', '0', '0', '0', '0', '0', '0', '0', '0', '0', '0', '0', '0', '0', '0', '0', '-1', '0', '0', '0', '', 'Ноги в пляс');

DELETE FROM spell_aura_trigger WHERE spell_id in (243138);
INSERT INTO `spell_aura_trigger` (`spell_id`, `spell_trigger`, `option`, `option2`, `target`, `caster`, `bp0`, `bp1`, `bp2`, `effectmask`, `hastype`, `hastalent`, `hasparam`, `hastype2`, `hastalent2`, `hasparam2`, `chance`, `slot`, `comment`) VALUES
('243138', '246050', '1', '0', '0', '0', '0', '0', '0', '1', '0', '0', '0', '0', '0', '0', '0', '0', 'Ноги в пляс');

DELETE FROM spell_scene WHERE SceneScriptPackageID in (1941,1877,1890,1940);
INSERT INTO `spell_scene` (`SceneScriptPackageID`, `MiscValue`, `PlaybackFlags`, `CustomDuration`, `ScriptName`, `comment`) VALUES
('1941', '1764', '20', '0', NULL, 'Auction House Dance Studio'),
('1877', '1700', '20', '0', NULL, 'Auction House Dance Studio'),
('1890', '1707', '20', '0', NULL, 'Auction House Dance Studio'),
('1940', '1763', '20', '0', NULL, 'Auction House Dance Studio');

DELETE FROM spell_area WHERE spell in (243089);
INSERT INTO `spell_area` (`spell`, `area`, `quest_start`, `quest_end`, `aura_spell`, `racemask`, `classmask`, `active_event`, `gender`, `autocast`, `quest_start_status`, `quest_end_status`) VALUES
('243089', '5148', '0', '0', '0', '0', '0', '0', '2', '0', '64', '11'),
('243089', '5170', '0', '0', '0', '0', '0', '0', '2', '0', '64', '11');

DELETE FROM conditions WHERE SourceTypeOrReferenceId = 17 and SourceEntry in (243530,243100,243089);
INSERT INTO `conditions` (`SourceTypeOrReferenceId`, `SourceGroup`, `SourceEntry`, `SourceId`, `ElseGroup`, `ConditionTypeOrReference`, `ConditionTarget`, `ConditionValue1`, `ConditionValue2`, `ConditionValue3`, `NegativeCondition`, `ErrorTextId`, `ScriptName`, `Comment`) VALUES
('17', '0', '243530', '0', '0', '6', '0', '469', '0', '0', '0', '0', '', 'true if player is alliance'),
('17', '0', '243100', '0', '0', '6', '0', '67', '0', '0', '0', '0', '', 'true if player is horde'),
('17', '0', '243089', '0', '0', '12', '0', '300', '0', '0', '0', '0', '', 'truew if event is active');

DELETE FROM smart_scripts WHERE entryorguid in (727) and source_type=10;
INSERT INTO `smart_scripts` (`entryorguid`, `source_type`, `id`, `link`, `event_type`, `event_phase_mask`, `event_chance`, `event_flags`, `event_param1`, `event_param2`, `event_param3`, `event_param4`, `action_type`, `action_param1`, `action_param2`, `action_param3`, `action_param4`, `action_param5`, `action_param6`, `target_type`, `target_param1`, `target_param2`, `target_param3`, `target_x`, `target_y`, `target_z`, `target_o`, `comment`) VALUES
('727', '10', '0', '0', '75', '0', '100', '0', '0', '0', '0', '0', '28', '243089', '0', '0', '0', '0', '0', '7', '0', '0', '0', '0', '0', '0', '0', 'dispell');

DELETE FROM spell_target_position WHERE id in (248241,248242); -- после заливки на лайв удалить это!.

DELETE FROM game_event WHERE eventEntry in (300,313);
INSERT INTO `game_event` (`eventEntry`, `start_time`, `end_time`, `occurence`, `length`, `holiday`, `description`, `world_event`) VALUES
('300', '2018-07-22 00:01:00', '2025-07-22 00:01:00', '525600', '1440', '692', 'Auction House Dance Studio', '0'),
('313', '2018-07-23 00:00:58', '2025-07-23 00:00:59', '525600', '1', '0', 'Auction House Dance Studio: Return Phase Mask', '0');

DELETE FROM creature WHERE id in (121694,121731,123184,121739,121740);
INSERT INTO `creature` (`id`, `map`, `zoneId`, `areaId`, `spawnMask`, `phaseMask`, `PhaseId`, `modelid`, `equipment_id`, `position_x`, `position_y`, `position_z`, `orientation`, `spawntimesecs`, `spawndist`, `currentwaypoint`, `curhealth`, `curmana`, `MovementType`, `npcflag`, `unit_flags`, `dynamicflags`, `AiID`, `MovementID`, `MeleeID`) VALUES
(121694, 1, 0, 0, 1, 1, '', 0, 0, 1637.385, -4444.891, 17.20212, 2.33517, 180, 0, 0, 0, 0, 0, 0, 0, 0, 0, 0, 0), -- 121694 (Area: 5170) (Auras: 243089 - 243089, 248203 - 248203)
(121731, 1, 0, 0, 1, 1, '', 0, 0, 1611.406, -4422.797, 15.87127, 4.96193, 180, 0, 0, 0, 0, 0, 0, 0, 0, 0, 0, 0), -- 121731 (Area: 5170) (Auras: )
(123184, 1, 0, 0, 1, 1, '', 0, 0, 1627.042, -4449.543, 17.4564, 3.109528, 180, 0, 0, 0, 0, 0, 0, 0, 0, 0, 0, 0), -- 123184 (Area: 5170) (Auras: )
(123184, 1, 0, 0, 1, 1, '', 0, 0, 1620.585, -4428.87, 20.06369, 1.92908, 180, 0, 0, 0, 0, 0, 0, 0, 0, 0, 0, 0), -- 123184 (Area: 5170) (Auras: )
(123184, 1, 0, 0, 1, 1, '', 0, 0, 1637.427, -4452.17, 19.24788, 3.252103, 180, 0, 0, 0, 0, 0, 0, 0, 0, 0, 0, 0), -- 123184 (Area: 5170)
(121739, 0, 0, 0, 1, 1, '', 0, 0, -8816.118, 660.0452, 98.09631, 3.532729, 180, 0, 0, 0, 0, 0, 0, 0, 0, 0, 0, 0), -- 121739 (Area: 5148) (Auras: 243089 - 243089, 248207 - 248207)
(121740, 0, 0, 0, 1, 1, '', 0, 0, -8838.163, 648.8073, 98.11005, 6.082729, 180, 0, 0, 0, 0, 0, 0, 0, 0, 0, 0, 0), -- 121740 (Area: 5148)
(123184, 0, 0, 0, 1, 1, '', 0, 0, -8816.009, 656.1163, 101.4577, 0.4691415, 180, 0, 0, 0, 0, 0, 0, 0, 0, 0, 0, 0), -- 123184 (Area: 5148) (Auras: )
(123184, 0, 0, 0, 1, 1, '', 0, 0, -8807.13, 655.4844, 100.5419, 3.180431, 180, 0, 0, 0, 0, 0, 0, 0, 0, 0, 0, 0); -- 123184 (Area: 5148)
replace into `game_event_creature` (`eventEntry`, `guid`) select 300, guid from creature where id in (121694,121731,123184,121739,121740);

DELETE FROM gameobject WHERE id in (271587,271588,271590,271592);
INSERT INTO `gameobject` (`id`, `map`, `zoneId`, `areaId`, `spawnMask`, `PhaseId`, `position_x`, `position_y`, `position_z`, `orientation`, `rotation0`, `rotation1`, `rotation2`, `rotation3`, `spawntimesecs`, `animprogress`, `state`, `AiID`) VALUES
 -- ('@OGUID+87', 269862, 1, 0, 0, 1, '', 1639.953, -4452.908, 18.53105, 2.383068, 0, 0, 0, 1, 180, 255, 1, 0), -- 269862 (Area: 5170)
 -- ('@OGUID+88', 269863, 1, 0, 0, 1, '', 1638.528, -4454.337, 18.53012, 2.333892, 0, 0, 0, 1, 180, 255, 1, 0), -- 269863 (Area: 5170)
 -- ('@OGUID+89', 269864, 1, 0, 0, 1, '', 1646.314, -4446.316, 18.5303, 2.482303, 0, 0, 0, 1, 180, 255, 1, 0), -- 269864 (Area: 5170)
 -- ('@OGUID+90', 269865, 1, 0, 0, 1, '', 1645.04, -4447.627, 18.53171, 2.417478, 0, 0, 0, 1, 180, 255, 1, 0), -- 269865 (Area: 5170)
(271587, 0, 0, 0, 1, '', -8818.433, 660.7587, 98.01786, 0.4093968, 0, 0, 0, 1, 180, 255, 1, 0), -- 271587 (Area: 5148)
(271587, 0, 0, 0, 1, '', -8821.658, 659.3837, 98.02497, 0.4093968, 0, 0, 0, 1, 180, 255, 1, 0), -- 271587 (Area: 5148)
(271587, 0, 0, 0, 1, '', -8817.02, 657.5104, 98.01786, 0.4093968, 0, 0, 0, 1, 180, 255, 1, 0), -- 271587 (Area: 5148)
(271587, 0, 0, 0, 1, '', -8820.247, 656.1337, 98.02497, 0.4093968, 0, 0, 0, 1, 180, 255, 1, 0), -- 271587 (Area: 5148)
(271587, 0, 0, 0, 1, '', -8823.122, 662.6233, 98.02498, 0.4093968, 0, 0, 0, 1, 180, 255, 1, 0), -- 271587 (Area: 5148)
(271587, 0, 0, 0, 1, '', -8824.821, 657.9393, 98.02497, 0.4093968, 0, 0, 0, 1, 180, 255, 1, 0), -- 271587 (Area: 5148)
(271587, 0, 0, 0, 1, '', -8823.408, 654.691, 98.02498, 0.4093968, 0, 0, 0, 1, 180, 255, 1, 0), -- 271587 (Area: 5148)
(271587, 0, 0, 0, 1, '', -8819.896, 663.9983, 98.01758, 0.4093968, 0, 0, 0, 1, 180, 255, 1, 0), -- 271587 (Area: 5148)
(271587, 0, 0, 0, 1, '', -8815.607, 654.2535, 98.01761, 0.4093968, 0, 0, 0, 1, 180, 255, 1, 0), -- 271587 (Area: 5148)
(271587, 0, 0, 0, 1, '', -8818.833, 652.8768, 98.02497, 0.4093968, 0, 0, 0, 1, 180, 255, 1, 0), -- 271587 (Area: 5148)
(271587, 0, 0, 0, 1, '', -8815.351, 662.0989, 98.01621, 0.4093968, 0, 0, 0, 1, 180, 255, 1, 0), -- 271587 (Area: 5148)
(271587, 0, 0, 0, 1, '', -8826.285, 661.1788, 98.02498, 0.4093968, 0, 0, 0, 1, 180, 255, 1, 0), -- 271587 (Area: 5148)
(271587, 0, 0, 0, 1, '', -8821.998, 651.434, 98.02497, 0.4093968, 0, 0, 0, 1, 180, 255, 1, 0), -- 271587 (Area: 5148)
(271587, 0, 0, 0, 1, '', -8813.938, 658.8507, 98.01577, 0.4093968, 0, 0, 0, 1, 180, 255, 1, 0), -- 271587 (Area: 5148)
(271587, 0, 0, 0, 1, '', -8824.497, 665.8594, 98.02498, 0.4093968, 0, 0, 0, 1, 180, 255, 1, 0), -- 271587 (Area: 5148)
(271587, 0, 0, 0, 1, '', -8821.271, 667.2344, 98.01979, 0.4093968, 0, 0, 0, 1, 180, 255, 1, 0), -- 271587 (Area: 5148)
(271587, 0, 0, 0, 1, '', -8818.189, 668.5746, 98.01838, 0.4093968, 0, 0, 0, 1, 180, 255, 1, 0), -- 271587 (Area: 5148)
(271587, 0, 0, 0, 1, '', -8817.403, 649.7239, 98.02498, 0.4093968, 0, 0, 0, 1, 180, 255, 1, 0), -- 271587 (Area: 5148)
(271587, 0, 0, 0, 1, '', -8825.136, 650.059, 98.02498, 0.4093968, 0, 0, 0, 1, 180, 255, 1, 0), -- 271587 (Area: 5148)
(271587, 0, 0, 0, 1, '', -8816.814, 665.3386, 98.01398, 0.4093968, 0, 0, 0, 1, 180, 255, 1, 0), -- 271587 (Area: 5148)
(271587, 0, 0, 0, 1, '', -8826.549, 653.316, 98.09696, 0.4093968, 0, 0, 0, 1, 180, 255, 1, 0), -- 271587 (Area: 5148)
(271587, 0, 0, 0, 1, '', -8829.424, 659.8021, 98.02498, 0.4093968, 0, 0, 0, 1, 180, 255, 1, 0), -- 271587 (Area: 5148)
(271587, 0, 0, 0, 1, '', -8820.564, 648.2795, 98.02498, 0.4093968, 0, 0, 0, 1, 180, 255, 1, 0), -- 271587 (Area: 5148)
(271587, 0, 0, 0, 1, '', -8812.526, 655.5938, 98.01582, 0.4093968, 0, 0, 0, 1, 180, 255, 1, 0), -- 271587 (Area: 5148)
(271587, 0, 0, 0, 1, '', -8814.176, 651.0989, 98.02006, 0.4093968, 0, 0, 0, 1, 180, 255, 1, 0), -- 271587 (Area: 5148)
(271587, 0, 0, 0, 1, '', -8827.962, 656.5625, 98.09696, 0.4093968, 0, 0, 0, 1, 180, 255, 1, 0), -- 271587 (Area: 5148)
(271587, 0, 0, 0, 1, '', -8827.66, 664.4149, 98.02497, 0.4093968, 0, 0, 0, 1, 180, 255, 1, 0), -- 271587 (Area: 5148)
(271587, 0, 0, 0, 1, '', -8835.661, 656.9965, 98.02498, 0.4093968, 0, 0, 0, 1, 180, 255, 1, 0), -- 271587 (Area: 5148)
(271587, 0, 0, 0, 1, '', -8826.879, 645.4913, 98.02498, 0.4093968, 0, 0, 0, 1, 180, 255, 1, 0), -- 271587 (Area: 5148)
(271587, 0, 0, 0, 1, '', -8832.599, 658.3906, 98.02498, 0.4093968, 0, 0, 0, 1, 180, 255, 1, 0), -- 271587 (Area: 5148)
(271587, 0, 0, 0, 1, '', -8833.974, 661.6268, 98.02498, 0.4093968, 0, 0, 0, 1, 180, 255, 1, 0), -- 271587 (Area: 5148)
(271587, 0, 0, 0, 1, '', -8829.723, 651.9028, 98.09696, 0.4093968, 0, 0, 0, 1, 180, 255, 1, 0), -- 271587 (Area: 5148)
(271587, 0, 0, 0, 1, '', -8830.799, 663.0382, 98.02498, 0.4093968, 0, 0, 0, 1, 180, 255, 1, 0), -- 271587 (Area: 5148)
(271587, 0, 0, 0, 1, '', -8828.311, 648.6458, 98.02498, 0.4093968, 0, 0, 0, 1, 180, 255, 1, 0), -- 271587 (Area: 5148)
(271587, 0, 0, 0, 1, '', -8831.136, 655.1511, 98.09696, 0.4093968, 0, 0, 0, 1, 180, 255, 1, 0), -- 271587 (Area: 5148)
(271587, 0, 0, 0, 1, '', -8831.373, 647.2535, 98.02498, 0.4093968, 0, 0, 0, 1, 180, 255, 1, 0), -- 271587 (Area: 5148)
(271587, 0, 0, 0, 1, '', -8811.094, 652.4393, 98.01807, 0.4093968, 0, 0, 0, 1, 180, 255, 1, 0), -- 271587 (Area: 5148)
(271587, 0, 0, 0, 1, '', -8834.196, 653.757, 98.02498, 0.4093968, 0, 0, 0, 1, 180, 255, 1, 0), -- 271587 (Area: 5148)
(271587, 0, 0, 0, 1, '', -8823.705, 646.9028, 98.02498, 0.4093968, 0, 0, 0, 1, 180, 255, 1, 0), -- 271587 (Area: 5148)
(271587, 0, 0, 0, 1, '', -8837.036, 660.2327, 98.02498, 0.4093968, 0, 0, 0, 1, 180, 255, 1, 0), -- 271587 (Area: 5148)
(271587, 0, 0, 0, 1, '', -8832.783, 650.5104, 98.02498, 0.4093968, 0, 0, 0, 1, 180, 255, 1, 0), -- 271587 (Area: 5148)
(271587, 0, 0, 0, 1, '', -8829.939, 644.0972, 98.02498, 0.4093968, 0, 0, 0, 1, 180, 255, 1, 0), -- 271587 (Area: 5148)
(271588, 0, 0, 0, 1, '', -8811.971, 661.717, 104.2803, 0, 0, 0, 0, 1, 180, 255, 1, 0), -- 271588 (Area: 5148)
(271589, 0, 0, 0, 1, '', -8808.759, 663.1371, 99.62803, 3.541009, 0, 0, 0, 1, 180, 255, 1, 0), -- 271589 (Area: 5148)
(271592, 0, 0, 0, 1, '', -8838.061, 647.8125, 101.9434, 0, 0, 0, 0, 1, 180, 255, 1, 0), -- 271592 (Area: 5148)
(271592, 0, 0, 0, 1, '', -8839.948, 652.118, 101.9434, 0, 0, 0, 0, 1, 180, 255, 1, 0), -- 271592 (Area: 5148)
(271587, 1, 0, 0, 1, '', 1635.785, -4441.147, 17.03358, 2.356968, 0, 0, 0, 1, 180, 255, 1, 0), -- 271587 (Area: 5170)
(271587, 1, 0, 0, 1, '', 1633.281, -4443.616, 17.03415, 2.356968, 0, 0, 0, 1, 180, 255, 1, 0), -- 271587 (Area: 5170)
(271587, 1, 0, 0, 1, '', 1630.833, -4441.181, 17.05964, 2.356195, 0, 0, 0, 1, 180, 255, 1, 0), -- 271587 (Area: 5170)
(271587, 1, 0, 0, 1, '', 1633.337, -4438.712, 17.06037, 2.356195, 0, 0, 0, 1, 180, 255, 1, 0), -- 271587 (Area: 5170)
(271587, 1, 0, 0, 1, '', 1638.222, -4443.594, 17.03791, 2.356968, 0, 0, 0, 1, 180, 255, 1, 0), -- 271587 (Area: 5170)
(271587, 1, 0, 0, 1, '', 1630.809, -4446.03, 17.06021, 2.356968, 0, 0, 0, 1, 180, 255, 1, 0), -- 271587 (Area: 5170)
(271587, 1, 0, 0, 1, '', 1635.719, -4446.063, 17.0371, 2.356968, 0, 0, 0, 1, 180, 255, 1, 0), -- 271587 (Area: 5170)
(271587, 1, 0, 0, 1, '', 1628.432, -4443.639, 17.06022, 2.356195, 0, 0, 0, 1, 180, 255, 1, 0), -- 271587 (Area: 5170)
(271587, 1, 0, 0, 1, '', 1635.819, -4436.25, 17.05995, 2.356195, 0, 0, 0, 1, 180, 255, 1, 0), -- 271587 (Area: 5170)
(271587, 1, 0, 0, 1, '', 1638.267, -4438.686, 17.06086, 2.356968, 0, 0, 0, 1, 180, 255, 1, 0), -- 271587 (Area: 5170)
(271587, 1, 0, 0, 1, '', 1633.247, -4448.474, 17.04869, 2.356968, 0, 0, 0, 1, 180, 255, 1, 0), -- 271587 (Area: 5170)
(271587, 1, 0, 0, 1, '', 1640.705, -4441.132, 17.04881, 2.356968, 0, 0, 0, 1, 180, 255, 1, 0), -- 271587 (Area: 5170)
(271588, 1, 0, 0, 1, '', 1635.49, -4443.04, 49.12447, 0, 0, 0, 0, 1, 180, 255, 1, 0), -- 271588 (Area: 5170)
(271588, 1, 0, 0, 1, '', 1623.264, -4431.066, 20.44509, 0, 0, 0, 0, 1, 180, 255, 1, 0), -- 271588 (Area: 5170)
(271590, 1, 0, 0, 1, '', 1643.148, -4450.963, 18.53208, 2.354502, 0, 0, 0, 1, 180, 255, 1, 0), -- 271590 (Area: 5170)
(271592, 1, 0, 0, 1, '', 1638.056, -4451.75, 23.74313, 0, 0, 0, 0, 1, 180, 255, 1, 0), -- 271592 (Area: 5170)
(271592, 1, 0, 0, 1, '', 1643.37, -4446.46, 23.76524, 0, 0, 0, 0, 1, 180, 255, 1, 0); -- 271592 (Area: 5170)
replace into `game_event_gameobject` (`eventEntry`, `guid`) select 300, guid from gameobject where id in (271587,271588,271590,271592,271589);

UPDATE creature_template SET scriptname='npc_ashtar', faction=35, `mechanic_immune_mask`='617299967' WHERE entry in (121694);
UPDATE creature_template SET scriptname='npc_marla', faction=35, `mechanic_immune_mask`='617299967' WHERE entry in (121739);
UPDATE creature_template SET AIName='SmartAI' WHERE entry in (121740,121731,121722,121724,121727,121730,123184);

DELETE FROM spell_script_names WHERE spell_id in (248241,248242);
INSERT INTO `spell_script_names` (`spell_id`, `ScriptName`) VALUES
('248241', 'spell_teleport_off_stage_horde'),
('248242', 'spell_teleport_off_stage_alliance');

DELETE FROM smart_scripts WHERE entryorguid in (121740,12174000,121731,12173100,121722,121724,121727,121730,123184);
INSERT INTO `smart_scripts` (`entryorguid`, `source_type`, `id`, `link`, `event_type`, `event_phase_mask`, `event_chance`, `event_flags`, `event_param1`, `event_param2`, `event_param3`, `event_param4`, `action_type`, `action_param1`, `action_param2`, `action_param3`, `action_param4`, `action_param5`, `action_param6`, `target_type`, `target_param1`, `target_param2`, `target_param3`, `target_x`, `target_y`, `target_z`, `target_o`, `comment`) VALUES
('121740', '0', '0', '0', '1', '0', '100', '0', '20000', '20000', '120000', '120000', '80', '12174000', '0', '0', '0', '0', '0', '1', '0', '0', '0', '0', '0', '0', '0', 'Action List'),
('12174000', '9', '0', '0', '0', '0', '100', '0', '0', '0', '0', '0', '1', '0', '0', '0', '0', '0', '0', '1', '0', '0', '0', '0', '0', '0', '0', 'Say Line Event'),
('12174000', '9', '1', '0', '0', '0', '100', '0', '6000', '6000', '0', '0', '1', '5', '0', '0', '0', '0', '0', '19', '68', '4', '0', '0', '0', '0', '0', 'Say Line Event'),
('12174000', '9', '2', '0', '0', '0', '100', '0', '4000', '4000', '0', '0', '1', '1', '0', '0', '0', '0', '0', '1', '0', '0', '0', '0', '0', '0', '0', 'Say Line Event'),
('121731', '0', '0', '0', '1', '0', '100', '0', '20000', '20000', '120000', '120000', '80', '12173100', '0', '0', '0', '0', '0', '1', '0', '0', '0', '0', '0', '0', '0', 'Action List'),
('12173100', '9', '0', '0', '0', '0', '100', '0', '0', '0', '0', '0', '1', '0', '0', '0', '0', '0', '0', '1', '0', '0', '0', '0', '0', '0', '0', 'Say Line Event'),
('12173100', '9', '1', '0', '0', '0', '100', '0', '6000', '6000', '0', '0', '1', '5', '0', '0', '0', '0', '0', '19', '88703', '10', '0', '0', '0', '0', '0', 'Say Line Event'),
('12173100', '9', '2', '0', '0', '0', '100', '0', '4000', '4000', '0', '0', '1', '1', '0', '0', '0', '0', '0', '1', '0', '0', '0', '0', '0', '0', '0', 'Say Line Event'),
('121722', '0', '0', '0', '1', '0', '100', '1', '0', '0', '0', '0', '128', '13130', '1', '0', '0', '0', '0', '1', '0', '0', '0', '0', '0', '0', '0', 'Play AnimKit'),
('121724', '0', '0', '0', '1', '0', '100', '1', '0', '0', '0', '0', '128', '13363', '1', '0', '0', '0', '0', '1', '0', '0', '0', '0', '0', '0', '0', 'Play AnimKit'),
('121727', '0', '0', '0', '1', '0', '100', '1', '0', '0', '0', '0', '128', '13364', '1', '0', '0', '0', '0', '1', '0', '0', '0', '0', '0', '0', '0', 'Play AnimKit'),
('121730', '0', '0', '0', '1', '0', '100', '1', '0', '0', '0', '0', '128', '13132', '1', '0', '0', '0', '0', '1', '0', '0', '0', '0', '0', '0', '0', 'Play AnimKit'),
('123184', '0', '0', '0', '60', '0', '100', '0', '0', '0', '60000', '60000', '216', '5', '1', '50', '0', '0', '0', '1', '0', '0', '0', '0', '0', '0', '0', 'Circle Path');
