DELETE FROM creature_template WHERE entry in (118577,118581,118585,118589,118597,118601,118605,118571,118578,118582,118586,118590,118594,118598,118602,118575,118579,118583,118587,118591,118595,118599,118603,118576,118580,118584,118588,118592,118596,118600,118604,118662);
INSERT INTO `creature_template` (`entry`, `gossip_menu_id`, `minlevel`, `maxlevel`, `SandboxScalingID`, `ScaleLevelMin`, `ScaleLevelMax`, `ScaleLevelDelta`, `ScaleLevelDuration`, `exp`, `faction`, `npcflag`, `npcflag2`, `speed_walk`, `speed_run`, `speed_fly`, `scale`, `mindmg`, `maxdmg`, `dmgschool`, `attackpower`, `dmg_multiplier`, `baseattacktime`, `rangeattacktime`, `unit_class`, `unit_flags`, `unit_flags2`, `unit_flags3`, `dynamicflags`, `trainer_type`, `trainer_spell`, `trainer_class`, `trainer_race`, `minrangedmg`, `maxrangedmg`, `rangedattackpower`, `lootid`, `pickpocketloot`, `skinloot`, `resistance1`, `resistance2`, `resistance3`, `resistance4`, `resistance5`, `resistance6`, `spell1`, `spell2`, `spell3`, `spell4`, `spell5`, `spell6`, `spell7`, `spell8`, `PetSpellDataId`, `VehicleId`, `mingold`, `maxgold`, `AIName`, `MovementType`, `InhabitType`, `HoverHeight`, `Mana_mod_extra`, `Armor_mod`, `RegenHealth`, `mechanic_immune_mask`, `flags_extra`, `ControllerID`, `WorldEffects`, `PassiveSpells`, `StateWorldEffectID`, `SpellStateVisualID`, `SpellStateAnimID`, `SpellStateAnimKitID`, `IgnoreLos`, `AffixState`, `MaxVisible`, `ScriptName`) VALUES
('118577', '20822', '5', '5', '0', '0', '110', '0', '100', '0', '35', '2', '0', '1.14286', '1.14286', '1.14286', '1', '0', '0', '0', '0', '1', '1500', '0', '1', '33024', '33556480', '0', '0', '0', '0', '0', '0', '0', '0', '0', '0', '0', '0', '0', '0', '0', '0', '0', '0', '0', '0', '0', '0', '0', '0', '0', '0', '0', '0', '0', '0', '', '0', '3', '1', '1', '1', '1', '0', '0', '0', '', '', '0', '0', '0', '0', '1', '0', '1', 'npc_march_of_the_tadpoles'),
('118581', '20822', '5', '5', '0', '0', '110', '0', '100', '0', '35', '2', '0', '1.14286', '1.14286', '1.14286', '1', '0', '0', '0', '0', '1', '1500', '0', '1', '33024', '33556480', '0', '0', '0', '0', '0', '0', '0', '0', '0', '0', '0', '0', '0', '0', '0', '0', '0', '0', '0', '0', '0', '0', '0', '0', '0', '0', '0', '0', '0', '0', '', '0', '3', '1', '1', '1', '1', '0', '0', '0', '', '', '0', '0', '0', '0', '1', '0', '1', 'npc_march_of_the_tadpoles'),
('118585', '20822', '5', '5', '0', '0', '110', '0', '100', '0', '35', '2', '0', '1.14286', '1.14286', '1.14286', '1', '0', '0', '0', '0', '1', '1500', '0', '1', '33024', '33556480', '0', '0', '0', '0', '0', '0', '0', '0', '0', '0', '0', '0', '0', '0', '0', '0', '0', '0', '0', '0', '0', '0', '0', '0', '0', '0', '0', '0', '0', '0', '', '0', '3', '1', '1', '1', '1', '0', '0', '0', '', '', '0', '0', '0', '0', '1', '0', '1', 'npc_march_of_the_tadpoles'),
('118589', '20822', '5', '5', '0', '0', '110', '0', '100', '0', '35', '2', '0', '1.14286', '1.14286', '1.14286', '1', '0', '0', '0', '0', '1', '1500', '0', '1', '33024', '33556480', '0', '0', '0', '0', '0', '0', '0', '0', '0', '0', '0', '0', '0', '0', '0', '0', '0', '0', '0', '0', '0', '0', '0', '0', '0', '0', '0', '0', '0', '0', '', '0', '3', '1', '1', '1', '1', '0', '0', '0', '', '', '0', '0', '0', '0', '1', '0', '1', 'npc_march_of_the_tadpoles'),
('118597', '20822', '5', '5', '0', '0', '110', '0', '100', '0', '35', '2', '0', '1.14286', '1.14286', '1.14286', '1', '0', '0', '0', '0', '1', '1500', '0', '1', '33024', '33556480', '0', '0', '0', '0', '0', '0', '0', '0', '0', '0', '0', '0', '0', '0', '0', '0', '0', '0', '0', '0', '0', '0', '0', '0', '0', '0', '0', '0', '0', '0', '', '0', '3', '1', '1', '1', '1', '0', '0', '0', '', '', '0', '0', '0', '0', '1', '0', '1', 'npc_march_of_the_tadpoles'),
('118601', '20822', '5', '5', '0', '0', '110', '0', '100', '0', '35', '2', '0', '1.14286', '1.14286', '1.14286', '1', '0', '0', '0', '0', '1', '1500', '0', '1', '33024', '33556480', '0', '0', '0', '0', '0', '0', '0', '0', '0', '0', '0', '0', '0', '0', '0', '0', '0', '0', '0', '0', '0', '0', '0', '0', '0', '0', '0', '0', '0', '0', '', '0', '3', '1', '1', '1', '1', '0', '0', '0', '', '', '0', '0', '0', '0', '1', '0', '1', 'npc_march_of_the_tadpoles'),
('118605', '20822', '5', '5', '0', '0', '110', '0', '100', '0', '35', '2', '0', '1.14286', '1.14286', '1.14286', '1', '0', '0', '0', '0', '1', '1500', '0', '1', '33024', '33556480', '0', '0', '0', '0', '0', '0', '0', '0', '0', '0', '0', '0', '0', '0', '0', '0', '0', '0', '0', '0', '0', '0', '0', '0', '0', '0', '0', '0', '0', '0', '', '0', '3', '1', '1', '1', '1', '0', '0', '0', '', '', '0', '0', '0', '0', '1', '0', '1', 'npc_march_of_the_tadpoles'),
('118571', '20822', '5', '5', '0', '0', '110', '0', '100', '0', '35', '2', '0', '1.14286', '1.14286', '1.14286', '1', '0', '0', '0', '0', '1', '1500', '0', '1', '33024', '33556480', '0', '0', '0', '0', '0', '0', '0', '0', '0', '0', '0', '0', '0', '0', '0', '0', '0', '0', '0', '0', '0', '0', '0', '0', '0', '0', '0', '0', '0', '0', '', '0', '3', '1', '1', '1', '1', '0', '0', '0', '', '', '0', '0', '0', '0', '1', '0', '1', 'npc_march_of_the_tadpoles'),
('118578', '20822', '5', '5', '0', '0', '110', '0', '100', '0', '35', '2', '0', '1.14286', '1.14286', '1.14286', '1', '0', '0', '0', '0', '1', '1500', '0', '1', '33024', '33556480', '0', '0', '0', '0', '0', '0', '0', '0', '0', '0', '0', '0', '0', '0', '0', '0', '0', '0', '0', '0', '0', '0', '0', '0', '0', '0', '0', '0', '0', '0', '', '0', '3', '1', '1', '1', '1', '0', '0', '0', '', '', '0', '0', '0', '0', '1', '0', '1', 'npc_march_of_the_tadpoles'),
('118582', '20822', '5', '5', '0', '0', '110', '0', '100', '0', '35', '2', '0', '1.14286', '1.14286', '1.14286', '1', '0', '0', '0', '0', '1', '1500', '0', '1', '33024', '33556480', '0', '0', '0', '0', '0', '0', '0', '0', '0', '0', '0', '0', '0', '0', '0', '0', '0', '0', '0', '0', '0', '0', '0', '0', '0', '0', '0', '0', '0', '0', '', '0', '3', '1', '1', '1', '1', '0', '0', '0', '', '', '0', '0', '0', '0', '1', '0', '1', 'npc_march_of_the_tadpoles'),
('118586', '20822', '5', '5', '0', '0', '110', '0', '100', '0', '35', '2', '0', '1.14286', '1.14286', '1.14286', '1', '0', '0', '0', '0', '1', '1500', '0', '1', '33024', '33556480', '0', '0', '0', '0', '0', '0', '0', '0', '0', '0', '0', '0', '0', '0', '0', '0', '0', '0', '0', '0', '0', '0', '0', '0', '0', '0', '0', '0', '0', '0', '', '0', '3', '1', '1', '1', '1', '0', '0', '0', '', '', '0', '0', '0', '0', '1', '0', '1', 'npc_march_of_the_tadpoles'),
('118590', '20822', '5', '5', '0', '0', '110', '0', '100', '0', '35', '2', '0', '1.14286', '1.14286', '1.14286', '1', '0', '0', '0', '0', '1', '1500', '0', '1', '33024', '33556480', '0', '0', '0', '0', '0', '0', '0', '0', '0', '0', '0', '0', '0', '0', '0', '0', '0', '0', '0', '0', '0', '0', '0', '0', '0', '0', '0', '0', '0', '0', '', '0', '3', '1', '1', '1', '1', '0', '0', '0', '', '', '0', '0', '0', '0', '1', '0', '1', 'npc_march_of_the_tadpoles'),
('118594', '20822', '5', '5', '0', '0', '110', '0', '100', '0', '35', '2', '0', '1.14286', '1.14286', '1.14286', '1', '0', '0', '0', '0', '1', '1500', '0', '1', '33024', '33556480', '0', '0', '0', '0', '0', '0', '0', '0', '0', '0', '0', '0', '0', '0', '0', '0', '0', '0', '0', '0', '0', '0', '0', '0', '0', '0', '0', '0', '0', '0', '', '0', '3', '1', '1', '1', '1', '0', '0', '0', '', '', '0', '0', '0', '0', '1', '0', '1', 'npc_march_of_the_tadpoles'),
('118598', '20822', '5', '5', '0', '0', '110', '0', '100', '0', '35', '2', '0', '1.14286', '1.14286', '1.14286', '1', '0', '0', '0', '0', '1', '1500', '0', '1', '33024', '33556480', '0', '0', '0', '0', '0', '0', '0', '0', '0', '0', '0', '0', '0', '0', '0', '0', '0', '0', '0', '0', '0', '0', '0', '0', '0', '0', '0', '0', '0', '0', '', '0', '3', '1', '1', '1', '1', '0', '0', '0', '', '', '0', '0', '0', '0', '1', '0', '1', 'npc_march_of_the_tadpoles'),
('118602', '20822', '5', '5', '0', '0', '110', '0', '100', '0', '35', '2', '0', '1.14286', '1.14286', '1.14286', '1', '0', '0', '0', '0', '1', '1500', '0', '1', '33024', '33556480', '0', '0', '0', '0', '0', '0', '0', '0', '0', '0', '0', '0', '0', '0', '0', '0', '0', '0', '0', '0', '0', '0', '0', '0', '0', '0', '0', '0', '0', '0', '', '0', '3', '1', '1', '1', '1', '0', '0', '0', '', '', '0', '0', '0', '0', '1', '0', '1', 'npc_march_of_the_tadpoles'),
('118575', '20822', '5', '5', '0', '0', '110', '0', '100', '0', '35', '2', '0', '1.14286', '1.14286', '1.14286', '1', '0', '0', '0', '0', '1', '1500', '0', '1', '33024', '33556480', '0', '0', '0', '0', '0', '0', '0', '0', '0', '0', '0', '0', '0', '0', '0', '0', '0', '0', '0', '0', '0', '0', '0', '0', '0', '0', '0', '0', '0', '0', '', '0', '3', '1', '1', '1', '1', '0', '0', '0', '', '', '0', '0', '0', '0', '1', '0', '1', 'npc_march_of_the_tadpoles'),
('118579', '20822', '5', '5', '0', '0', '110', '0', '100', '0', '35', '2', '0', '1.14286', '1.14286', '1.14286', '1', '0', '0', '0', '0', '1', '1500', '0', '1', '33024', '33556480', '0', '0', '0', '0', '0', '0', '0', '0', '0', '0', '0', '0', '0', '0', '0', '0', '0', '0', '0', '0', '0', '0', '0', '0', '0', '0', '0', '0', '0', '0', '', '0', '3', '1', '1', '1', '1', '0', '0', '0', '', '', '0', '0', '0', '0', '1', '0', '1', 'npc_march_of_the_tadpoles'),
('118583', '20822', '5', '5', '0', '0', '110', '0', '100', '0', '35', '2', '0', '1.14286', '1.14286', '1.14286', '1', '0', '0', '0', '0', '1', '1500', '0', '1', '33024', '33556480', '0', '0', '0', '0', '0', '0', '0', '0', '0', '0', '0', '0', '0', '0', '0', '0', '0', '0', '0', '0', '0', '0', '0', '0', '0', '0', '0', '0', '0', '0', '', '0', '3', '1', '1', '1', '1', '0', '0', '0', '', '', '0', '0', '0', '0', '1', '0', '1', 'npc_march_of_the_tadpoles'),
('118587', '20822', '5', '5', '0', '0', '110', '0', '100', '0', '35', '2', '0', '1.14286', '1.14286', '1.14286', '1', '0', '0', '0', '0', '1', '1500', '0', '1', '33024', '33556480', '0', '0', '0', '0', '0', '0', '0', '0', '0', '0', '0', '0', '0', '0', '0', '0', '0', '0', '0', '0', '0', '0', '0', '0', '0', '0', '0', '0', '0', '0', '', '0', '3', '1', '1', '1', '1', '0', '0', '0', '', '', '0', '0', '0', '0', '1', '0', '1', 'npc_march_of_the_tadpoles'),
('118591', '20822', '5', '5', '0', '0', '110', '0', '100', '0', '35', '2', '0', '1.14286', '1.14286', '1.14286', '1', '0', '0', '0', '0', '1', '1500', '0', '1', '33024', '33556480', '0', '0', '0', '0', '0', '0', '0', '0', '0', '0', '0', '0', '0', '0', '0', '0', '0', '0', '0', '0', '0', '0', '0', '0', '0', '0', '0', '0', '0', '0', '', '0', '3', '1', '1', '1', '1', '0', '0', '0', '', '', '0', '0', '0', '0', '1', '0', '1', 'npc_march_of_the_tadpoles'),
('118595', '20822', '5', '5', '0', '0', '110', '0', '100', '0', '35', '2', '0', '1.14286', '1.14286', '1.14286', '1', '0', '0', '0', '0', '1', '1500', '0', '1', '33024', '33556480', '0', '0', '0', '0', '0', '0', '0', '0', '0', '0', '0', '0', '0', '0', '0', '0', '0', '0', '0', '0', '0', '0', '0', '0', '0', '0', '0', '0', '0', '0', '', '0', '3', '1', '1', '1', '1', '0', '0', '0', '', '', '0', '0', '0', '0', '1', '0', '1', 'npc_march_of_the_tadpoles'),
('118599', '20822', '5', '5', '0', '0', '110', '0', '100', '0', '35', '2', '0', '1.14286', '1.14286', '1.14286', '1', '0', '0', '0', '0', '1', '1500', '0', '1', '33024', '33556480', '0', '0', '0', '0', '0', '0', '0', '0', '0', '0', '0', '0', '0', '0', '0', '0', '0', '0', '0', '0', '0', '0', '0', '0', '0', '0', '0', '0', '0', '0', '', '0', '3', '1', '1', '1', '1', '0', '0', '0', '', '', '0', '0', '0', '0', '1', '0', '1', 'npc_march_of_the_tadpoles'),
('118603', '20822', '5', '5', '0', '0', '110', '0', '100', '0', '35', '2', '0', '1.14286', '1.14286', '1.14286', '1', '0', '0', '0', '0', '1', '1500', '0', '1', '33024', '33556480', '0', '0', '0', '0', '0', '0', '0', '0', '0', '0', '0', '0', '0', '0', '0', '0', '0', '0', '0', '0', '0', '0', '0', '0', '0', '0', '0', '0', '0', '0', '', '0', '3', '1', '1', '1', '1', '0', '0', '0', '', '', '0', '0', '0', '0', '1', '0', '1', 'npc_march_of_the_tadpoles'),
('118576', '20822', '5', '5', '0', '0', '110', '0', '100', '0', '35', '2', '0', '1.14286', '1.14286', '1.14286', '1', '0', '0', '0', '0', '1', '1500', '0', '1', '33024', '33556480', '0', '0', '0', '0', '0', '0', '0', '0', '0', '0', '0', '0', '0', '0', '0', '0', '0', '0', '0', '0', '0', '0', '0', '0', '0', '0', '0', '0', '0', '0', '', '0', '3', '1', '1', '1', '1', '0', '0', '0', '', '', '0', '0', '0', '0', '1', '0', '1', 'npc_march_of_the_tadpoles'),
('118580', '20822', '5', '5', '0', '0', '110', '0', '100', '0', '35', '2', '0', '1.14286', '1.14286', '1.14286', '1', '0', '0', '0', '0', '1', '1500', '0', '1', '33024', '33556480', '0', '0', '0', '0', '0', '0', '0', '0', '0', '0', '0', '0', '0', '0', '0', '0', '0', '0', '0', '0', '0', '0', '0', '0', '0', '0', '0', '0', '0', '0', '', '0', '3', '1', '1', '1', '1', '0', '0', '0', '', '', '0', '0', '0', '0', '1', '0', '1', 'npc_march_of_the_tadpoles'),
('118584', '20822', '5', '5', '0', '0', '110', '0', '100', '0', '35', '2', '0', '1.14286', '1.14286', '1.14286', '1', '0', '0', '0', '0', '1', '1500', '0', '1', '33024', '33556480', '0', '0', '0', '0', '0', '0', '0', '0', '0', '0', '0', '0', '0', '0', '0', '0', '0', '0', '0', '0', '0', '0', '0', '0', '0', '0', '0', '0', '0', '0', '', '0', '3', '1', '1', '1', '1', '0', '0', '0', '', '', '0', '0', '0', '0', '1', '0', '1', 'npc_march_of_the_tadpoles'),
('118588', '20822', '5', '5', '0', '0', '110', '0', '100', '0', '35', '2', '0', '1.14286', '1.14286', '1.14286', '1', '0', '0', '0', '0', '1', '1500', '0', '1', '33024', '33556480', '0', '0', '0', '0', '0', '0', '0', '0', '0', '0', '0', '0', '0', '0', '0', '0', '0', '0', '0', '0', '0', '0', '0', '0', '0', '0', '0', '0', '0', '0', '', '0', '3', '1', '1', '1', '1', '0', '0', '0', '', '', '0', '0', '0', '0', '1', '0', '1', 'npc_march_of_the_tadpoles'),
('118592', '20822', '5', '5', '0', '0', '110', '0', '100', '0', '35', '2', '0', '1.14286', '1.14286', '1.14286', '1', '0', '0', '0', '0', '1', '1500', '0', '1', '33024', '33556480', '0', '0', '0', '0', '0', '0', '0', '0', '0', '0', '0', '0', '0', '0', '0', '0', '0', '0', '0', '0', '0', '0', '0', '0', '0', '0', '0', '0', '0', '0', '', '0', '3', '1', '1', '1', '1', '0', '0', '0', '', '', '0', '0', '0', '0', '1', '0', '1', 'npc_march_of_the_tadpoles'),
('118596', '20822', '5', '5', '0', '0', '110', '0', '100', '0', '35', '2', '0', '1.14286', '1.14286', '1.14286', '1', '0', '0', '0', '0', '1', '1500', '0', '1', '33024', '33556480', '0', '0', '0', '0', '0', '0', '0', '0', '0', '0', '0', '0', '0', '0', '0', '0', '0', '0', '0', '0', '0', '0', '0', '0', '0', '0', '0', '0', '0', '0', '', '0', '3', '1', '1', '1', '1', '0', '0', '0', '', '', '0', '0', '0', '0', '1', '0', '1', 'npc_march_of_the_tadpoles'),
('118600', '20822', '5', '5', '0', '0', '110', '0', '100', '0', '35', '2', '0', '1.14286', '1.14286', '1.14286', '1', '0', '0', '0', '0', '1', '1500', '0', '1', '33024', '33556480', '0', '0', '0', '0', '0', '0', '0', '0', '0', '0', '0', '0', '0', '0', '0', '0', '0', '0', '0', '0', '0', '0', '0', '0', '0', '0', '0', '0', '0', '0', '', '0', '3', '1', '1', '1', '1', '0', '0', '0', '', '', '0', '0', '0', '0', '1', '0', '1', 'npc_march_of_the_tadpoles'),
('118604', '20822', '5', '5', '0', '0', '110', '0', '100', '0', '35', '2', '0', '1.14286', '1.14286', '1.14286', '1', '0', '0', '0', '0', '1', '1500', '0', '1', '33024', '33556480', '0', '0', '0', '0', '0', '0', '0', '0', '0', '0', '0', '0', '0', '0', '0', '0', '0', '0', '0', '0', '0', '0', '0', '0', '0', '0', '0', '0', '0', '0', '', '0', '3', '1', '1', '1', '1', '0', '0', '0', '', '', '0', '0', '0', '0', '1', '0', '1', 'npc_march_of_the_tadpoles'),
('118662', '0', '110', '110', '0', '70', '110', '0', '100', '0', '14', '0', '0', '1', '1.14286', '1.14286', '1', '0', '0', '0', '0', '1', '2000', '2000', '1', '32768', '2048', '0', '0', '0', '0', '0', '0', '0', '0', '0', '118662', '0', '0', '0', '0', '0', '0', '0', '0', '0', '0', '0', '0', '0', '0', '0', '0', '0', '0', '0', '0', '', '0', '2', '1', '1', '1', '1', '0', '0', '-1', '', '', '0', '0', '0', '0', '0', '0', '0', '');

UPDATE creature_template SET flags_extra = 512 WHERE entry = 118662;

DELETE FROM game_event_creature_quest WHERE eventEntry = 305;
INSERT INTO `game_event_creature_quest` (`id`, `quest`,`eventEntry`) VALUES
('118571', '46062', '305'),
('118575', '46062', '305'),
('118576', '46062', '305'),
('118577', '46062', '305'),
('118578', '46062', '305'),
('118579', '46062', '305'),
('118580', '46062', '305'),
('118581', '46062', '305'),
('118582', '46062', '305'),
('118583', '46062', '305'),
('118584', '46062', '305'),
('118585', '46062', '305'),
('118586', '46062', '305'),
('118587', '46062', '305'),
('118588', '46062', '305'),
('118589', '46062', '305'),
('118590', '46062', '305'),
('118591', '46062', '305'),
('118592', '46062', '305'),
('118594', '46062', '305'),
('118595', '46062', '305'),
('118596', '46062', '305'),
('118597', '46062', '305'),
('118598', '46062', '305'),
('118599', '46062', '305'),
('118600', '46062', '305'),
('118601', '46062', '305'),
('118602', '46062', '305'),
('118603', '46062', '305'),
('118604', '46062', '305'),
('118605', '46062', '305'),
('118571', '46064', '305'),
('118575', '46064', '305'),
('118576', '46064', '305'),
('118577', '46064', '305'),
('118578', '46064', '305'),
('118579', '46064', '305'),
('118580', '46064', '305'),
('118581', '46064', '305'),
('118582', '46064', '305'),
('118583', '46064', '305'),
('118584', '46064', '305'),
('118585', '46064', '305'),
('118586', '46064', '305'),
('118587', '46064', '305'),
('118588', '46064', '305'),
('118589', '46064', '305'),
('118590', '46064', '305'),
('118591', '46064', '305'),
('118592', '46064', '305'),
('118594', '46064', '305'),
('118595', '46064', '305'),
('118596', '46064', '305'),
('118597', '46064', '305'),
('118598', '46064', '305'),
('118599', '46064', '305'),
('118600', '46064', '305'),
('118601', '46064', '305'),
('118602', '46064', '305'),
('118603', '46064', '305'),
('118604', '46064', '305'),
('118605', '46064', '305'),
('118571', '46049', '305'),
('118575', '46049', '305'),
('118576', '46049', '305'),
('118577', '46049', '305'),
('118578', '46049', '305'),
('118579', '46049', '305'),
('118580', '46049', '305'),
('118581', '46049', '305'),
('118582', '46049', '305'),
('118583', '46049', '305'),
('118584', '46049', '305'),
('118585', '46049', '305'),
('118586', '46049', '305'),
('118587', '46049', '305'),
('118588', '46049', '305'),
('118589', '46049', '305'),
('118590', '46049', '305'),
('118591', '46049', '305'),
('118592', '46049', '305'),
('118594', '46049', '305'),
('118595', '46049', '305'),
('118596', '46049', '305'),
('118597', '46049', '305'),
('118598', '46049', '305'),
('118599', '46049', '305'),
('118600', '46049', '305'),
('118601', '46049', '305'),
('118602', '46049', '305'),
('118603', '46049', '305'),
('118604', '46049', '305'),
('118605', '46049', '305'),
('25197', '46061', '305');

DELETE FROM game_event WHERE eventEntry = 305;
INSERT INTO `game_event` (`eventEntry`, `start_time`, `end_time`, `occurence`, `length`, `holiday`, `description`, `world_event`) VALUES
('305', '2019-04-05 00:01:00', '2025-04-05 00:01:00', '525600', '1440', '647', 'March of the Tadpoles', '0');

DELETE FROM gossip_menu_option WHERE MenuID in (20822);
INSERT INTO `gossip_menu_option` (`MenuID`, `OptionIndex`, `OptionNPC`, `OptionText`, `OptionType`, `OptionNpcflag`, `OptionNpcflag2`, `ActionMenuID`, `ActionPoiID`, `BoxCoded`, `BoxMoney`, `BoxCurrency`, `BoxText`, `OptionBroadcastTextID`, `BoxBroadcastTextID`, `VerifiedBuild`) VALUES
('20822', '0', '0', '<Поманите головастика, чтобы он пошел за вами.>', '1', '1', '0', '0', '0', '0', '0', '0', '', '126855', '0', '0');

UPDATE `quest_template_addon` SET `PrevQuestID`='46061', `NextQuestID`='46064' WHERE (`ID`='46062');
UPDATE `quest_template_addon` SET `PrevQuestID`='46062', `NextQuestID`='46049' WHERE (`ID`='46064');
UPDATE gameobject SET spawntimesecs = 1 WHERE id = 187367;

DELETE FROM quest_template_locale WHERE ID = 46064 AND locale = 'ruRU';
INSERT INTO `quest_template_locale` (`ID`, `locale`, `LogTitle`, `LogDescription`, `QuestDescription`, `AreaDescription`, `PortraitGiverText`, `PortraitGiverName`, `PortraitTurnInText`, `PortraitTurnInName`, `QuestCompletionLog`, `VerifiedBuild`) VALUES
('46064', 'ruRU', 'Наглядная демонстрация', 'Убейте Мрргу.', 'Мррга!$b$b<При виде силуэта крупной косатки, проплывающей по Западной расселине, ваш головастик съеживается от страха.>$b$bМррга... Мррга...', NULL, NULL, NULL, NULL, NULL, NULL, '0');

DELETE FROM gossip_menu WHERE Entry = 20822;
INSERT INTO `gossip_menu` (`Entry`, `TextID`, `FriendshipFactionID`) VALUES
('20822', '31264', '0');

DELETE FROM npc_text WHERE ID in (31264);
INSERT INTO `npc_text` (`ID`, `Probability0`, `Probability1`, `Probability2`, `Probability3`, `Probability4`, `Probability5`, `Probability6`, `Probability7`, `BroadcastTextID0`, `BroadcastTextID1`, `BroadcastTextID2`, `BroadcastTextID3`, `BroadcastTextID4`, `BroadcastTextID5`, `BroadcastTextID6`, `BroadcastTextID7`, `VerifiedBuild`) VALUES
('31264', '0', '0', '0', '0', '0', '0', '0', '0', '126848', '0', '0', '0', '0', '0', '0', '0', '0');

DELETE FROM creature WHERE id in (118577,118581,118585,118589,118597,118601,118605,118571,118578,118582,118586,118590,118594,118598,118602,118575,118579,118583,118587,118591,118595,118599,118603,118576,118580,118584,118588,118592,118596,118600,118604,118662);
INSERT INTO `creature` (`id`, `map`, `zoneId`, `areaId`, `spawnMask`, `phaseMask`, `PhaseId`, `modelid`, `equipment_id`, `position_x`, `position_y`, `position_z`, `orientation`, `spawntimesecs`, `spawndist`, `currentwaypoint`, `curhealth`, `curmana`, `MovementType`, `npcflag`, `npcflag2`, `unit_flags`, `dynamicflags`, `AiID`, `MovementID`, `MeleeID`, `isActive`, `skipClone`, `personal_size`) VALUES
('118571', '571', '3537', '4099', '1', '1', '0', '0', '0', '4379.62', '6071.62', '0.461033', '0.569921', '180', '0', '0', '0', '0', '0', '1', '0', '0', '0', '0', '0', '0', '0', '0', '0'),
('118575', '571', '3537', '4099', '1', '1', '0', '0', '0', '4406.15', '6097.43', '0.365909', '1.29547', '180', '10', '0', '0', '0', '1', '1', '0', '0', '0', '0', '0', '0', '0', '0', '0'),
('118576', '571', '3537', '4099', '1', '1', '0', '0', '0', '4380.51', '6069.23', '0.635106', '2.56811', '180', '0', '0', '0', '0', '0', '1', '0', '0', '0', '0', '0', '0', '0', '0', '0'),
('118577', '571', '3537', '4099', '1', '1', '0', '0', '0', '4368.6', '6061.9', '0.255208', '6.20605', '180', '0', '0', '0', '0', '0', '1', '0', '0', '0', '0', '0', '0', '0', '0', '0'),
('118578', '571', '3537', '4099', '1', '1', '0', '0', '0', '4377.42', '6085.43', '1.60874', '1.73433', '180', '3', '0', '0', '0', '1', '1', '0', '0', '0', '0', '0', '0', '0', '0', '0'),
('118579', '571', '3537', '4099', '1', '1', '0', '0', '0', '4410.29', '6079.93', '-1.56509', '3.23954', '180', '10', '0', '0', '0', '1', '1', '0', '0', '0', '0', '0', '0', '0', '0', '0'),
('118580', '571', '3537', '4099', '1', '1', '0', '0', '0', '4392.77', '6132.94', '0.192944', '0.793082', '180', '2', '0', '0', '0', '1', '1', '0', '0', '0', '0', '0', '0', '0', '0', '0'),
('118581', '571', '3537', '4099', '1', '1', '0', '0', '0', '4379.1', '6103.18', '0.317944', '1.49008', '180', '0', '0', '0', '0', '0', '1', '0', '0', '0', '0', '0', '0', '0', '0', '0'),
('118582', '571', '3537', '4099', '1', '1', '0', '0', '0', '4381.6', '6058.08', '1.32808', '2.55479', '180', '0', '0', '0', '0', '0', '1', '0', '0', '0', '0', '0', '0', '0', '0', '0'),
('118583', '571', '3537', '4099', '1', '1', '0', '0', '0', '4375.29', '6084.78', '0.540135', '4.89114', '180', '9', '0', '0', '0', '1', '1', '0', '0', '0', '0', '0', '0', '0', '0', '0'),
('118584', '571', '3537', '4099', '1', '1', '0', '0', '0', '4405.63', '6140.65', '1.01158', '5.98716', '180', '0', '0', '0', '0', '0', '1', '0', '0', '0', '0', '0', '0', '0', '0', '0'),
('118585', '571', '3537', '4099', '1', '1', '0', '0', '0', '4373.98', '6053.31', '0.655965', '6.25848', '180', '0', '0', '0', '0', '0', '1', '0', '0', '0', '0', '0', '0', '0', '0', '0'),
('118586', '571', '3537', '4099', '1', '1', '0', '0', '0', '4377.67', '6061.53', '0.887777', '1.35014', '180', '10', '0', '0', '0', '1', '1', '0', '0', '0', '0', '0', '0', '0', '0', '0'),
('118587', '571', '3537', '4099', '1', '1', '0', '0', '0', '4387.45', '6108.69', '0.241528', '3.32858', '180', '10', '0', '0', '0', '1', '1', '0', '0', '0', '0', '0', '0', '0', '0', '0'),
('118588', '571', '3537', '4099', '1', '1', '0', '0', '0', '4385.48', '6077.21', '-0.516262', '5.91739', '180', '0', '0', '0', '0', '0', '1', '0', '0', '0', '0', '0', '0', '0', '0', '0'),
('118589', '571', '3537', '4099', '1', '1', '0', '0', '0', '4370.01', '6068.82', '0.93015', '3.9791', '180', '0', '0', '0', '0', '0', '1', '0', '0', '0', '0', '0', '0', '0', '0', '0'),
('118590', '571', '3537', '4099', '1', '1', '0', '0', '0', '4392.86', '6116.17', '-0.137989', '0.446339', '180', '0', '0', '0', '0', '0', '1', '0', '0', '0', '0', '0', '0', '0', '0', '0'),
('118591', '571', '3537', '4099', '1', '1', '0', '0', '0', '4396.79', '6135.9', '0.314354', '5.91051', '180', '0', '0', '0', '0', '0', '1', '0', '0', '0', '0', '0', '0', '0', '0', '0'),
('118592', '571', '3537', '4099', '1', '1', '0', '0', '0', '4377.12', '6100.16', '0.317944', '3.41068', '180', '0', '0', '0', '0', '0', '1', '0', '0', '0', '0', '0', '0', '0', '0', '0'),
('118594', '571', '3537', '4099', '1', '1', '0', '0', '0', '4405.86', '6119.96', '-0.459249', '6.16668', '180', '0', '0', '0', '0', '0', '1', '0', '0', '0', '0', '0', '0', '0', '0', '0'),
('118595', '571', '3537', '4099', '1', '1', '0', '0', '0', '4388.22', '6069.6', '0.193944', '2.71166', '180', '0', '0', '0', '0', '0', '1', '0', '0', '0', '0', '0', '0', '0', '0', '0'),
('118596', '571', '3537', '4099', '1', '1', '0', '0', '0', '4399.47', '6134.37', '0.128075', '6.06793', '180', '0', '0', '0', '0', '0', '1', '0', '0', '0', '0', '0', '0', '0', '0', '0'),
('118597', '571', '3537', '4099', '1', '1', '0', '0', '0', '4407.04', '6099.14', '0.452323', '4.02253', '180', '10', '0', '0', '0', '1', '1', '0', '0', '0', '0', '0', '0', '0', '0', '0'),
('118598', '571', '3537', '4099', '1', '1', '0', '0', '0', '4384.46', '6133.4', '0.13723', '1.79008', '180', '0', '0', '0', '0', '0', '1', '0', '0', '0', '0', '0', '0', '0', '0', '0'),
('118599', '571', '3537', '4099', '1', '1', '0', '0', '0', '4376.12', '6133.68', '0.0833333', '5.74489', '180', '10', '0', '0', '0', '1', '1', '0', '0', '0', '0', '0', '0', '0', '0', '0'),
('118600', '571', '3537', '4099', '1', '1', '0', '0', '0', '4379.25', '6069.35', '0.78574', '5.45897', '180', '0', '0', '0', '0', '0', '1', '0', '0', '0', '0', '0', '0', '0', '0', '0'),
('118601', '571', '3537', '4099', '1', '1', '0', '0', '0', '4395.11', '6115.12', '-0.282642', '1.13624', '180', '0', '0', '0', '0', '0', '1', '0', '0', '0', '0', '0', '0', '0', '0', '0'),
('118602', '571', '3537', '4099', '1', '1', '0', '0', '0', '4371.31', '6058.97', '0.255208', '5.01083', '180', '0', '0', '0', '0', '0', '1', '0', '0', '0', '0', '0', '0', '0', '0', '0'),
('118603', '571', '3537', '4099', '1', '1', '0', '0', '0', '4388.99', '6122.43', '0.451855', '2.55829', '180', '0', '0', '0', '0', '0', '1', '0', '0', '0', '0', '0', '0', '0', '0', '0'),
('118604', '571', '3537', '4099', '1', '1', '0', '0', '0', '4421.47', '6163.8', '0.989569', '0.874602', '180', '10', '0', '0', '0', '1', '1', '0', '0', '0', '0', '0', '0', '0', '0', '0'),
('118605', '571', '3537', '4099', '1', '1', '0', '0', '0', '4388.95', '6099.58', '-0.266261', '1.11646', '180', '0', '0', '0', '0', '0', '1', '0', '0', '0', '0', '0', '0', '0', '0', '0'),
('118604', '571', '3537', '4099', '1', '1', '', '0', '0', '4406.62', '6097.49', '0.393709', '3.41399', '300', '0', '0', '0', '0', '0', '1', '0', '0', '0', '0', '0', '0', '0', '0', '0');
DELETE FROM game_event_creature WHERE eventEntry = 305;
INSERT INTO `game_event_creature` (`eventEntry`, `guid`) SELECT 305, guid FROM creature WHERE id in (118577,118581,118585,118589,118597,118601,118605,118571,118578,118582,118586,118590,118594,118598,118602,118575,118579,118583,118587,118591,118595,118599,118603,118576,118580,118584,118588,118592,118596,118600,118604,118662);

DELETE FROM creature_template_addon WHERE entry IN (118592,118598,118578,118600,118576);
INSERT INTO `creature_template_addon` (`entry`, `mount`, `bytes1`, `bytes2`, `auras`) VALUES
(118592, 0, 0x0, 0x1, '235432'), -- 118592 Auras: 235432
(118598, 0, 0x0, 0x1, '235430'), -- 118598 Auras: 235430
(118578, 0, 0x3000000, 0x1, '172702'), -- 118578 Auras: 172702
(118600, 0, 0x0, 0x1, '131773'), -- 118600 Auras: 131773
(118576, 0, 0x0, 0x1, '235478'); -- 118576 Auras: 235478

DELETE FROM conditions WHERE SourceTypeOrReferenceId = 15 AND SourceGroup = 20822;
INSERT INTO `conditions` (`SourceTypeOrReferenceId`, `SourceGroup`, `SourceEntry`, `SourceId`, `ElseGroup`, `ConditionTypeOrReference`, `ConditionTarget`, `ConditionValue1`, `ConditionValue2`, `ConditionValue3`, `NegativeCondition`, `ErrorTextId`, `ScriptName`, `Comment`) VALUES
('15', '20822', '0', '0', '0', '9', '0', '46061', '0', '0', '0', '0', '', 'true if player has quest'),
('15', '20822', '0', '0', '1', '8', '0', '46061', '0', '0', '0', '0', '', 'true if player has quest');

 -- hotfixes [summon_properties]
DELETE FROM summon_properties WHERE ID = 2915;
INSERT INTO `summon_properties` (`ID`, `Flags`, `Control`, `Faction`, `Title`, `Slot`, `VerifiedBuild`) VALUES
('2915', '2056', '1', '0', '2', '0', '0');