DELETE FROM spell_script_names WHERE spell_id in (229174,229175,229176,192767,192768,192769,192770,192771,192772,192773,192774,192775,192776,192761,192762,192763,192764,192765,192766,191464,237820,237821,237822,237823,237824,237825,237826,237827,237828,
250153,250156,250167,250160,250150,250158,250148,250165,250163,250144,250146);
INSERT INTO `spell_script_names` (`spell_id`, `ScriptName`) VALUES
('229174', 'spell_vantus_rune_trial_of_valor'),
('229175', 'spell_vantus_rune_trial_of_valor'),
('229176', 'spell_vantus_rune_trial_of_valor'),
('192767', 'spell_vantus_rune_the_nighthold'),
('192768', 'spell_vantus_rune_the_nighthold'),
('192769', 'spell_vantus_rune_the_nighthold'),
('192770', 'spell_vantus_rune_the_nighthold'),
('192771', 'spell_vantus_rune_the_nighthold'),
('192772', 'spell_vantus_rune_the_nighthold'),
('192773', 'spell_vantus_rune_the_nighthold'),
('192774', 'spell_vantus_rune_the_nighthold'),
('192775', 'spell_vantus_rune_the_nighthold'),
('192776', 'spell_vantus_rune_the_nighthold'),
('192761', 'spell_vantus_rune_the_emerald_nightmare'),
('192762', 'spell_vantus_rune_the_emerald_nightmare'),
('192763', 'spell_vantus_rune_the_emerald_nightmare'),
('192764', 'spell_vantus_rune_the_emerald_nightmare'),
('192765', 'spell_vantus_rune_the_emerald_nightmare'),
('192766', 'spell_vantus_rune_the_emerald_nightmare'),
('191464', 'spell_vantus_rune_the_emerald_nightmare'),
('237820', 'spell_vantus_rune_tomb_of_sargeras'),
('237821', 'spell_vantus_rune_tomb_of_sargeras'),
('237822', 'spell_vantus_rune_tomb_of_sargeras'),
('237823', 'spell_vantus_rune_tomb_of_sargeras'),
('237824', 'spell_vantus_rune_tomb_of_sargeras'),
('237825', 'spell_vantus_rune_tomb_of_sargeras'),
('237826', 'spell_vantus_rune_tomb_of_sargeras'),
('237827', 'spell_vantus_rune_tomb_of_sargeras'),
('237828', 'spell_vantus_rune_tomb_of_sargeras'),
('250153', 'spell_vantus_rune_antorus'),
('250156', 'spell_vantus_rune_antorus'),
('250167', 'spell_vantus_rune_antorus'),
('250160', 'spell_vantus_rune_antorus'),
('250150', 'spell_vantus_rune_antorus'),
('250158', 'spell_vantus_rune_antorus'),
('250148', 'spell_vantus_rune_antorus'),
('250165', 'spell_vantus_rune_antorus'),
('250163', 'spell_vantus_rune_antorus'),
('250144', 'spell_vantus_rune_antorus'),
('250146', 'spell_vantus_rune_antorus');

DELETE FROM spell_group_stack_rules WHERE group_id = 1002;
INSERT INTO `spell_group_stack_rules` (`group_id`, `stack_rule`) VALUES
('1002', '1');

DELETE FROM spell_group WHERE id in (1002);
INSERT INTO `spell_group` (`id`, `spell_id`) VALUES
('1002', '237820'),
('1002', '237821'),
('1002', '237822'),
('1002', '237823'),
('1002', '237824'),
('1002', '237825'),
('1002', '237826'),
('1002', '237827'),
('1002', '237828'),
('1002', '192761'),
('1002', '192762'),
('1002', '192763'),
('1002', '192764'),
('1002', '192765'),
('1002', '192766'),
('1002', '191464'),
('1002', '192767'),
('1002', '192768'),
('1002', '192769'),
('1002', '192770'),
('1002', '192771'),
('1002', '192772'),
('1002', '192773'),
('1002', '192774'),
('1002', '192775'),
('1002', '192776'),
('1002', '229174'),
('1002', '229175'),
('1002', '229176'),
('1002', '250153'),
('1002', '250156'),
('1002', '250167'),
('1002', '250160'),
('1002', '250150'),
('1002', '250158'),
('1002', '250148'),
('1002', '250165'),
('1002', '250163'),
('1002', '250144'),
('1002', '250146');

DELETE FROM spell_script_names WHERE spell_id in (247617);
INSERT INTO `spell_script_names` (`spell_id`, `ScriptName`) VALUES
('247617', 'spell_vantus_rune_antorus_choose');

DELETE FROM conditions WHERE SourceTypeOrReferenceId = 17 and SourceEntry = 247617;
INSERT INTO `conditions` (`SourceTypeOrReferenceId`, `SourceGroup`, `SourceEntry`, `SourceId`, `ElseGroup`, `ConditionTypeOrReference`, `ConditionTarget`, `ConditionValue1`, `ConditionValue2`, `ConditionValue3`, `NegativeCondition`, `ErrorTextId`, `ScriptName`, `Comment`) VALUES
('17', '0', '247617', '0', '0', '31', '1', '3', '122469', '0', '0', '0', '', 'cond on target'),
('17', '0', '247617', '0', '1', '31', '1', '3', '122450', '0', '0', '0', '', 'cond on target'),
('17', '0', '247617', '0', '2', '31', '1', '3', '122477', '0', '0', '0', '', 'cond on target'),
('17', '0', '247617', '0', '3', '31', '1', '3', '122135', '0', '0', '0', '', 'cond on target'),
('17', '0', '247617', '0', '4', '31', '1', '3', '122367', '0', '0', '0', '', 'cond on target'),
('17', '0', '247617', '0', '5', '31', '1', '3', '122104', '0', '0', '0', '', 'cond on target'),
('17', '0', '247617', '0', '6', '31', '1', '3', '122500', '0', '0', '0', '', 'cond on target'),
('17', '0', '247617', '0', '7', '31', '1', '3', '124158', '0', '0', '0', '', 'cond on target'),
('17', '0', '247617', '0', '8', '31', '1', '3', '122578', '0', '0', '0', '', 'cond on target'),
('17', '0', '247617', '0', '9', '31', '1', '3', '122366', '0', '0', '0', '', 'cond on target'),
('17', '0', '247617', '0', '10', '31', '1', '3', '122468', '0', '0', '0', '', 'cond on target'),
('17', '0', '247617', '0', '11', '31', '1', '3', '122467', '0', '0', '0', '', 'cond on target'),
('17', '0', '247617', '0', '12', '31', '1', '3', '124691', '0', '0', '0', '', 'cond on target'),
('17', '0', '247617', '0', '13', '31', '1', '3', '124828', '0', '0', '0', '', 'cond on target'),
('17', '0', '247617', '0', '14', '31', '1', '3', '122469', '0', '0', '0', '', 'cond on target'),
('17', '0', '247617', '0', '15', '31', '1', '3', '122469', '0', '0', '0', '', 'cond on target'),
('17', '0', '247617', '0', '16', '31', '1', '3', '122469', '0', '0', '0', '', 'cond on target'),
('17', '0', '247617', '0', '17', '31', '1', '3', '122469', '0', '0', '0', '', 'cond on target'),
('17', '0', '247617', '0', '18', '31', '1', '3', '122469', '0', '0', '0', '', 'cond on target'),
('17', '0', '247617', '0', '19', '31', '1', '3', '122469', '0', '0', '0', '', 'cond on target');