DELETE FROM `creature_queststarter` WHERE (`id`=122134 AND `quest`=47430);
INSERT INTO `creature_queststarter` (`id`, `quest`) VALUES
(122134, 47430); -- 122134 - 47430

DELETE FROM quest_offer_reward WHERE ID = 47430;
INSERT INTO `quest_offer_reward` (`ID`, `Emote1`, `Emote2`, `Emote3`, `Emote4`, `EmoteDelay1`, `EmoteDelay2`, `EmoteDelay3`, `EmoteDelay4`, `RewardText`, `VerifiedBuild`) VALUES
(47430, 0, 0, 0, 0, 0, 0, 0, 0, '<Маккау довольна тем, что вам многое удалось узнать.>', 28153); -- 47430

DELETE FROM gossip_menu_option WHERE MenuID = 21131;
INSERT INTO `gossip_menu_option` (`MenuID`, `OptionIndex`, `OptionNPC`, `OptionText`, `OptionType`, `OptionNpcflag`, `OptionNpcflag2`, `ActionMenuID`, `ActionPoiID`, `BoxCoded`, `BoxMoney`, `BoxText`, `OptionBroadcastTextID`, `BoxBroadcastTextID`) VALUES
(21131, 0, 0, 'Дать противоядие.', 1, 1, 0, 0, 0, 0, 0, '', 131550, 0);

DELETE FROM `npc_text` WHERE `ID` IN (31959, 32026, 32027, 32029, 31968, 32004, 32013, 31952, 32024, 32025, 31958);
INSERT INTO `npc_text` (`ID`, `Probability0`, `Probability1`, `Probability2`, `Probability3`, `Probability4`, `Probability5`, `Probability6`, `Probability7`, `BroadcastTextId0`, `BroadcastTextId1`, `BroadcastTextId2`, `BroadcastTextId3`, `BroadcastTextId4`, `BroadcastTextId5`, `BroadcastTextId6`, `BroadcastTextId7`, `VerifiedBuild`) VALUES
(31959, 1, 1, 0, 0, 0, 0, 0, 0, 131125, 131126, 0, 0, 0, 0, 0, 0, 28153), -- 31959
(32026, 1, 1, 1, 1, 0, 0, 0, 0, 131464, 131559, 131566, 131561, 0, 0, 0, 0, 28153), -- 32026
(32027, 1, 1, 1, 1, 0, 0, 0, 0, 131563, 131564, 131565, 131561, 0, 0, 0, 0, 28153), -- 32027
(32029, 1, 1, 1, 0, 0, 0, 0, 0, 131569, 131568, 131567, 0, 0, 0, 0, 0, 28153), -- 32029
(31968, 1, 1, 1, 0, 0, 0, 0, 0, 131156, 131155, 131154, 0, 0, 0, 0, 0, 28153), -- 31968
(32004, 0.75, 1, 1, 0, 0, 0, 0, 0, 131412, 131411, 131410, 0, 0, 0, 0, 0, 28153), -- 32004
(32013, 1, 1, 0, 0, 0, 0, 0, 0, 131463, 131462, 0, 0, 0, 0, 0, 0, 28153), -- 32013
(31952, 1, 1, 1, 0, 0, 0, 0, 0, 131095, 131100, 131099, 0, 0, 0, 0, 0, 28153), -- 31952
(32024, 1, 1, 1, 1, 1, 0, 0, 0, 131545, 131546, 131547, 131548, 131549, 0, 0, 0, 28153), -- 32024
(32025, 1, 1, 1, 1, 1, 1, 1, 0, 131551, 131552, 131553, 131554, 131555, 131556, 131557, 0, 28153), -- 32025
(31958, 1, 1, 1, 1, 0, 0, 0, 0, 131124, 131123, 131122, 131121, 0, 0, 0, 0, 28153); -- 31958

DELETE FROM creature_text WHERE Entry in (122138,122241,122256,122816,122390);
INSERT INTO `creature_text` (`Entry`, `GroupID`, `ID`, `Text`, `Type`, `Language`, `Probability`, `BroadcastTextID`, `comment`) VALUES
(122138, 0, 0, 'Э-э-эх!', 14, 0, 100, 131859, 'Лунный совушек to Player'),
(122138, 0, 1, 'О-о-о!', 14, 0, 100, 131860, 'Лунный совушек to Player'),
(122138, 0, 2, 'У-у-у!', 14, 0, 100, 131861, 'Лунный совушек to Player'),
(122241, 0, 0, 'Ну что, давайте оторвемся!', 14, 0, 100, 131364, 'Астроляро to Player'),
(122241, 1, 0, 'Так, все поднимите руки!', 14, 0, 100, 131365, 'Астроляро to Player'),
(122241, 2, 0, 'Танцуйте так, будто на вас никто не смотрит!', 14, 0, 100, 131366, 'Астроляро to Player'),
(122241, 3, 0, 'Ну что, все готовы?', 14, 0, 100, 131367, 'Астроляро to Player'),
(122241, 4, 0, 'А теперь покричи-и-и-им!', 14, 0, 100, 131368, 'Астроляро to Player'),
(122256, 0, 0, 'Лунный огонь очень важен для совухов.', 12, 0, 100, 131359, 'Пиукиу to Player'),
(122256, 1, 0, 'Чтобы использовать "Лунный огонь" столько раз подряд, нужна недюжинная концентрация.', 12, 0, 100, 131360, 'Пиукиу to Player'),
(122256, 2, 0, 'Только взгляни на этих совушков. Они еще плохо умеют концентрироваться, поэтому им сложно создавать лунный огонь несколько раз подряд.', 12, 0, 100, 131361, 'Пиукиу to Player'),
(122256, 3, 0, 'Когда я закончу с этими совушками, они будут мастерами "Лунного огня"!', 12, 0, 100, 131362, 'Пиукиу to Player'),
(122256, 4, 0, 'БА-БАХ!', 12, 0, 100, 131363, 'Пиукиу to Player'),
(122390, 0, 0, 'Тс-с...', 15, 0, 100, 131353, 'Дремок to Player'),
(122390, 1, 0, 'Пожалуйста, потише. Не разбуди лунных совушков!', 15, 0, 100, 131354, 'Дремок to Player'),
(122390, 2, 0, 'Лунным совушкам необходим покой.', 15, 0, 100, 131355, 'Дремок to Player'),
(122390, 3, 0, 'После всех этих танцев и лунного огня лунным совушкам нужно отдохнуть и восстановить силы.', 15, 0, 100, 131356, 'Дремок to Player'),
(122390, 4, 0, 'начинает храпеть.', 10, 0, 100, 131357, 'Дремок to Player'),
(122816, 3, 0, 'Не спать!', 12, 0, 100, 0, 'Лунный совушек to Лунный совушек');

DELETE FROM creature_template WHERE entry in (122138,122134,122241,122609,122603,122580,122597,122660,122390,122816,122139,122252,122256,121946,122859);
INSERT INTO `creature_template` (`entry`, `gossip_menu_id`, `minlevel`, `maxlevel`, `SandboxScalingID`, `ScaleLevelMin`, `ScaleLevelMax`, `ScaleLevelDelta`, `ScaleLevelDuration`, `exp`, `faction`, `npcflag`, `npcflag2`, `speed_walk`, `speed_run`, `speed_fly`, `scale`, `mindmg`, `maxdmg`, `dmgschool`, `attackpower`, `dmg_multiplier`, `baseattacktime`, `rangeattacktime`, `unit_class`, `unit_flags`, `unit_flags2`, `unit_flags3`, `dynamicflags`, `trainer_type`, `trainer_spell`, `trainer_class`, `trainer_race`, `minrangedmg`, `maxrangedmg`, `rangedattackpower`, `lootid`, `pickpocketloot`, `skinloot`, `resistance1`, `resistance2`, `resistance3`, `resistance4`, `resistance5`, `resistance6`, `spell1`, `spell2`, `spell3`, `spell4`, `spell5`, `spell6`, `spell7`, `spell8`, `PetSpellDataId`, `VehicleId`, `mingold`, `maxgold`, `AIName`, `MovementType`, `InhabitType`, `HoverHeight`, `Mana_mod_extra`, `Armor_mod`, `RegenHealth`, `mechanic_immune_mask`, `flags_extra`, `ControllerID`, `WorldEffects`, `PassiveSpells`, `StateWorldEffectID`, `SpellStateVisualID`, `SpellStateAnimID`, `SpellStateAnimKitID`, `IgnoreLos`, `AffixState`, `MaxVisible`, `ScriptName`) VALUES
('122134', '21082', '110', '110', '0', '15', '110', '0', '100', '0', '35', '3', '0', '1', '1.14286', '1.14286', '1', '0', '0', '0', '0', '1', '2000', '2000', '1', '33536', '18432', '0', '0', '0', '0', '0', '0', '0', '0', '0', '0', '0', '0', '0', '0', '0', '0', '0', '0', '0', '0', '0', '0', '0', '0', '0', '0', '0', '0', '0', '0', '', '0', '3', '1', '1', '1', '1', '0', '0', '-1', '', '', '0', '0', '0', '0', '0', '0', '0', ''),
('122138', '21084', '110', '110', '0', '15', '110', '0', '100', '0', '35', '1', '0', '1', '1.14286', '1.14286', '1', '0', '0', '0', '0', '1', '2000', '2000', '8', '33536', '2048', '0', '0', '0', '0', '0', '0', '0', '0', '0', '0', '0', '0', '0', '0', '0', '0', '0', '0', '0', '0', '0', '0', '0', '0', '0', '0', '0', '0', '0', '0', '', '0', '3', '1', '1', '1', '1', '0', '0', '-1', '', '', '0', '0', '0', '0', '0', '0', '0', ''),
('122139', '21088', '110', '110', '0', '15', '110', '0', '100', '0', '1665', '1', '0', '1', '1.14286', '1.14286', '1', '0', '0', '0', '0', '1', '2000', '2000', '8', '33024', '2048', '0', '0', '0', '0', '0', '0', '0', '0', '0', '0', '0', '0', '0', '0', '0', '0', '0', '0', '0', '0', '0', '0', '0', '0', '0', '0', '0', '0', '0', '0', '', '0', '3', '1', '1', '1', '1', '0', '0', '-1', '', '', '0', '0', '0', '0', '0', '0', '0', ''),
('122241', '21085', '110', '110', '0', '15', '110', '0', '100', '0', '35', '1', '0', '1', '1.14286', '1.14286', '1', '0', '0', '0', '0', '1', '2000', '2000', '1', '33536', '51200', '0', '0', '0', '0', '0', '0', '0', '0', '0', '0', '0', '0', '0', '0', '0', '0', '0', '0', '0', '0', '0', '0', '0', '0', '0', '0', '0', '0', '0', '0', '', '0', '3', '1', '1', '1', '1', '0', '0', '-1', '', '', '0', '0', '0', '0', '0', '0', '0', ''),
('122252', '0', '110', '110', '0', '15', '110', '0', '100', '0', '2156', '0', '0', '1', '1', '1.14286', '1', '0', '0', '0', '0', '1', '2000', '2000', '1', '0', '2048', '1', '0', '0', '0', '0', '0', '0', '0', '0', '0', '0', '0', '0', '0', '0', '0', '0', '0', '0', '0', '0', '0', '0', '0', '0', '0', '0', '0', '0', '0', '', '0', '3', '1', '1', '1', '1', '0', '0', '-1', '', '', '0', '0', '0', '0', '0', '0', '0', ''),
('122256', '0', '110', '110', '0', '15', '110', '0', '100', '0', '1665', '0', '0', '1', '1.14286', '1.14286', '1', '0', '0', '0', '0', '1', '2000', '2000', '1', '33024', '34816', '0', '0', '0', '0', '0', '0', '0', '0', '0', '0', '0', '0', '0', '0', '0', '0', '0', '0', '0', '0', '0', '0', '0', '0', '0', '0', '0', '0', '0', '0', '', '0', '3', '1', '1', '1', '1', '0', '0', '-1', '', '', '0', '0', '0', '0', '0', '0', '0', ''),
('122390', '0', '110', '110', '0', '15', '110', '0', '100', '0', '1665', '0', '0', '1', '1.14286', '1.14286', '1', '0', '0', '0', '0', '1', '2000', '2000', '1', '33024', '34816', '0', '0', '0', '0', '0', '0', '0', '0', '0', '0', '0', '0', '0', '0', '0', '0', '0', '0', '0', '0', '0', '0', '0', '0', '0', '0', '0', '0', '0', '0', '', '0', '3', '1', '1', '1', '1', '0', '0', '-1', '', '', '0', '0', '0', '0', '0', '0', '0', ''),
('122580', '0', '110', '110', '0', '15', '110', '0', '100', '0', '90', '0', '0', '1', '1.14286', '1.14286', '1', '0', '0', '0', '0', '1', '2000', '2000', '2', '0', '2048', '0', '0', '0', '0', '0', '0', '0', '0', '0', '0', '0', '0', '0', '0', '0', '0', '0', '0', '0', '0', '0', '0', '0', '0', '0', '0', '0', '0', '0', '0', '', '0', '3', '1', '1', '1', '1', '0', '0', '-1', '', '', '0', '0', '0', '0', '0', '0', '0', ''),
('122597', '0', '110', '110', '0', '15', '110', '0', '100', '0', '90', '0', '0', '1', '1.14286', '1.14286', '1', '0', '0', '0', '0', '1', '2000', '2000', '2', '0', '2048', '0', '0', '0', '0', '0', '0', '0', '0', '0', '0', '0', '0', '0', '0', '0', '0', '0', '0', '0', '0', '0', '0', '0', '0', '0', '0', '0', '0', '0', '0', '', '0', '3', '1', '1', '1', '1', '0', '0', '-1', '', '', '0', '0', '0', '0', '0', '0', '0', ''),
('122603', '0', '110', '110', '0', '15', '110', '0', '100', '0', '90', '0', '0', '1', '1.14286', '1.14286', '1', '0', '0', '0', '0', '1', '2000', '2000', '2', '0', '2048', '0', '0', '0', '0', '0', '0', '0', '0', '0', '0', '0', '0', '0', '0', '0', '0', '0', '0', '0', '0', '0', '0', '0', '0', '0', '0', '0', '0', '0', '0', '', '0', '3', '1', '1', '1', '1', '0', '0', '-1', '', '', '0', '0', '0', '0', '0', '0', '0', ''),
('122609', '0', '110', '110', '0', '15', '110', '0', '100', '0', '16', '0', '0', '2', '1.85714', '1.14286', '1', '0', '0', '0', '0', '1', '2000', '2000', '2', '64', '2048', '0', '0', '0', '0', '0', '0', '0', '0', '0', '0', '0', '0', '0', '0', '0', '0', '0', '0', '0', '0', '0', '0', '0', '0', '0', '0', '0', '0', '0', '0', '', '0', '3', '1', '1', '1', '1', '0', '0', '-1', '', '', '0', '0', '0', '0', '0', '0', '0', ''),
('122660', '21131', '110', '110', '0', '15', '110', '0', '100', '0', '35', '1', '0', '1', '1.14286', '1.14286', '1', '0', '0', '0', '0', '1', '2000', '2000', '1', '33024', '34816', '0', '0', '0', '0', '0', '0', '0', '0', '0', '0', '0', '0', '0', '0', '0', '0', '0', '0', '0', '0', '0', '0', '0', '0', '0', '0', '0', '0', '0', '0', '', '0', '3', '1', '1', '1', '1', '0', '0', '-1', '', '', '0', '0', '0', '0', '0', '0', '0', ''),
('122816', '0', '110', '110', '0', '15', '110', '0', '100', '0', '35', '1', '0', '1', '1.14286', '1.14286', '1', '0', '0', '0', '0', '1', '2000', '2000', '8', '33587968', '2048', '0', '0', '0', '0', '0', '0', '0', '0', '0', '0', '0', '0', '0', '0', '0', '0', '0', '0', '0', '0', '0', '0', '0', '0', '0', '0', '0', '0', '0', '0', '', '0', '3', '1', '1', '1', '1', '0', '0', '-1', '', '', '0', '0', '0', '0', '0', '0', '0', ''),
('121946', '21116', '20', '110', '0', '15', '110', '0', '100', '0', '35', '1', '0', '1', '1.14286', '1.14286', '1', '0', '0', '0', '0', '1', '2000', '2000', '8', '256', '268437504', '0', '0', '0', '0', '0', '0', '0', '0', '0', '0', '0', '0', '0', '0', '0', '0', '0', '0', '0', '0', '0', '0', '0', '0', '0', '0', '0', '0', '0', '0', '', '0', '3', '1', '1', '1', '1', '0', '0', '-1', '', '', '0', '0', '0', '0', '0', '0', '0', ''),
('122859', '21116', '20', '110', '0', '15', '110', '0', '100', '0', '35', '1', '0', '1', '1.14286', '1.14286', '1', '0', '0', '0', '0', '1', '2000', '2000', '8', '256', '268437504', '0', '0', '0', '0', '0', '0', '0', '0', '0', '0', '0', '0', '0', '0', '0', '0', '0', '0', '0', '0', '0', '0', '0', '0', '0', '0', '0', '0', '0', '0', '', '0', '3', '1', '1', '1', '1', '0', '0', '-1', '', '', '0', '0', '0', '0', '0', '0', '0', '');

UPDATE `creature_template` SET `ScriptName`='npc_moonkin_hatchling' WHERE (`entry`='122138');
UPDATE `creature_template` SET `unit_flags`='393216', `ScriptName`='npc_training_dummy' WHERE (`entry`='122252');
UPDATE `creature_template` SET `ScriptName`='npc_moonkin_hatchling_lunar_strike' WHERE (`entry`='122139');
UPDATE `creature_template` SET `ScriptName`='npc_astralaire' WHERE (`entry`='122241');
UPDATE `creature_template` SET `ScriptName`='npc_makkaw' WHERE (`entry`='122134');
UPDATE `creature_template` SET `ScriptName`='npc_dramock' WHERE (`entry`='122390');
UPDATE `creature_template` SET `ScriptName`='npc_pewkew' WHERE (`entry`='122256');
UPDATE `creature_template` SET `ScriptName`='npc_clookle' WHERE (`entry`='122660');
UPDATE `creature_template` SET `InhabitType`='4', `ScriptName`='npc_moonkin_hatchling_pet' WHERE (`entry`='121946');
UPDATE `creature_template` SET `InhabitType`='4', `ScriptName`='npc_moonkin_hatchling_pet' WHERE (`entry`='122859');
UPDATE creature_template SET lootid = 122597, flags_extra = 512 WHERE entry = 122597;
UPDATE creature_template SET lootid = 122580, flags_extra = 512 WHERE entry = 122580;
UPDATE creature_template SET lootid = 122603, flags_extra = 512 WHERE entry = 122603;
UPDATE creature_template SET lootid = 122609, flags_extra = 512 WHERE entry = 122609;
UPDATE `gameobject_template` SET `Data1`='270942', `Data30`='0' WHERE (`entry`='270942');
UPDATE `gameobject_template` SET `Data1`='270943', `Data30`='0' WHERE (`entry`='270943');
UPDATE `gameobject_template` SET `Data1`='270944', `Data30`='0' WHERE (`entry`='270944');

DELETE FROM gossip_menu WHERE entry IN (21116,21131,21084,21082,21085,21088);
INSERT INTO `gossip_menu` (`Entry`, `TextID`, `FriendshipFactionID`) VALUES
(21116, 32025, 0),
(21116, 32027, 0),
(21116, 32026, 0),
(21116, 32013, 0),
(21116, 32004, 0),
(21131, 32029, 0), -- 122660
(21131, 32024, 0), -- 122660
(21084, 31958, 0), -- 122138
(21082, 31952, 0), -- 122134
(21088, 31968, 0), -- 122139
(21085, 31959, 0); -- 122241

DELETE FROM spell_group_stack_rules WHERE group_id = 1004;
INSERT INTO `spell_group_stack_rules` (`group_id`, `stack_rule`) VALUES
('1004', '1');

DELETE FROM spell_group WHERE id = 1004;
INSERT INTO `spell_group` (`id`, `spell_id`) VALUES
('1004', '244151'),
('1004', '244155'),
('1004', '244157'),
('1004', '244158'),
('1004', '243333');

REPLACE INTO `conditions` (`SourceTypeOrReferenceId`, `SourceGroup`, `SourceEntry`, `SourceId`, `ElseGroup`, `ConditionTypeOrReference`, `ConditionTarget`, `ConditionValue1`, `ConditionValue2`, `ConditionValue3`, `NegativeCondition`, `ErrorTextId`, `ScriptName`, `Comment`) VALUES
('14', '21116', '32004', '0', '0', '1', '0', '243333', '0', '0', '0', '0', '', 'true if player has aura'),
('14', '21116', '32027', '0', '0', '1', '0', '244155', '0', '0', '0', '0', '', 'true if player has aura'),
('14', '21116', '32025', '0', '0', '1', '0', '244158', '0', '0', '0', '0', '', 'true if player has aura'),
('14', '21116', '32013', '0', '0', '1', '0', '244157', '0', '0', '0', '0', '', 'true if player has aura'),
('14', '21116', '32026', '0', '0', '1', '0', '244151', '0', '0', '0', '0', '', 'true if player has aura'),
('14', '21131', '32029', '0', '0', '1', '0', '244157', '0', '0', '0', '0', '', 'true if player has aura'),
('14', '21131', '32029', '0', '1', '1', '0', '244158', '0', '0', '0', '0', '', 'true if player has aura'),
('14', '21131', '32024', '0', '0', '1', '0', '243333', '0', '0', '0', '0', '', 'true if player has aura'),
('14', '21131', '32024', '0', '1', '1', '0', '244151', '0', '0', '0', '0', '', 'true if player has aura'),
('14', '21131', '32024', '0', '2', '1', '0', '244155', '0', '0', '0', '0', '', 'true if player has aura'),
('30', '1', '150748', '0', '0', '1', '0', '244151', '0', '0', '0', '0', '', 'true if player has aura'),
('30', '1', '150747', '0', '0', '1', '0', '244151', '0', '0', '0', '0', '', 'true if player has aura'),
('30', '1', '150749', '0', '0', '1', '0', '244151', '0', '0', '0', '0', '', 'true if player has aura'),
('30', '1', '150748', '0', '0', '2', '0', '150748', '1', '0', '1', '0', '', 'true if player dont have this item'),
('30', '1', '150747', '0', '0', '2', '0', '150747', '1', '0', '1', '0', '', 'true if player dont have this item'),
('30', '1', '150749', '0', '0', '2', '0', '150749', '1', '0', '1', '0', '', 'true if player dont have this item'),
('30', '1', '150740', '0', '0', '1', '0', '244157', '0', '0', '0', '0', '', 'true if player has aura'),
('30', '1', '150740', '0', '0', '2', '0', '150740', '1', '0', '1', '0', '', 'true if player dont have this item'),
('30', '1', '150735', '0', '0', '1', '0', '244151', '0', '0', '0', '0', '', 'true if player has aura'),
('15', '21131', '0', '0', '0', '2', '0', '150750', '1', '0', '0', '0', '', 'true if player have this item'),
('15', '21131', '0', '0', '0', '1', '0', '244155', '0', '0', '0', '0', '', 'true if player have aura'),
('13', '1', '245342', '0', '0', '31', '0', '3', '121946', '0', '0', '0', '', 'to target'),
('13', '1', '245342', '0', '1', '31', '0', '3', '122859', '0', '0', '0', '', 'to target');

DELETE FROM spell_script_names WHERE spell_id IN (247428,247429,244188,244495);
INSERT INTO `spell_script_names` (`spell_id`, `ScriptName`) VALUES
('247428', 'spell_moonkin_hatchling_tracker'),
('247429', 'spell_item_beanie_boomie'),
('244188', 'spell_feed_moonkin_hatchling'),
('244495', 'spell_moonkissed_antidote');

DELETE FROM creature_template_addon WHERE entry IN (122134,122390);
INSERT INTO `creature_template_addon` (`entry`, `path_id`, `mount`, `bytes1`, `bytes2`, `emote`, `auras`) VALUES
('122134', '0', '0', '0', '1', '0', '247428 243333'),
('122390', '0', '0', '3', '1', '0', '243958');

DELETE FROM game_event WHERE eventEntry = 299;
INSERT INTO `game_event` (`eventEntry`, `start_time`, `end_time`, `occurence`, `length`, `holiday`, `description`, `world_event`) VALUES
('299', '2018-11-12 00:01:00', '2025-11-12 00:01:00', '525600', '1440', '694', 'Moonkin Festival', '0');

DELETE FROM creature WHERE id in (122138,122134,122241,122609,122603,122580,122597,122660,122390,122816,122139,122252,122256);
INSERT INTO `creature` (`id`, `map`, `zoneId`, `areaId`, `spawnMask`, `phaseMask`, `PhaseId`, `modelid`, `equipment_id`, `position_x`, `position_y`, `position_z`, `orientation`, `spawntimesecs`, `spawndist`, `currentwaypoint`, `curhealth`, `curmana`, `MovementType`, `npcflag`, `npcflag2`, `unit_flags`, `dynamicflags`, `AiID`, `MovementID`, `MeleeID`, `isActive`, `skipClone`, `personal_size`) VALUES
('122134', '1', '493', '493', '1', '1', '', '0', '0', '7534.61', '-2428.43', '454.869', '6.11215', '60', '0', '0', '0', '0', '0', '0', '0', '0', '0', '0', '0', '0', '0', '0', '0'),
('122138', '1', '493', '493', '1', '1', '', '0', '0', '7528.12', '-2420.04', '457.833', '3.3197', '60', '0', '0', '0', '0', '0', '0', '0', '0', '0', '0', '0', '0', '0', '0', '0'),
('122138', '1', '493', '493', '1', '1', '', '0', '0', '7527.42', '-2434.46', '457.067', '2.97269', '60', '0', '0', '0', '0', '0', '0', '0', '0', '0', '0', '0', '0', '0', '0', '0'),
('122138', '1', '493', '493', '1', '1', '', '0', '0', '7528.12', '-2424.81', '457.724', '3.12167', '60', '0', '0', '0', '0', '0', '0', '0', '0', '0', '0', '0', '0', '0', '0', '0'),
('122138', '1', '493', '493', '1', '1', '', '0', '0', '7524.23', '-2422.06', '458.542', '3.21268', '60', '0', '0', '0', '0', '0', '0', '0', '0', '0', '0', '0', '0', '0', '0', '0'),
('122138', '1', '493', '493', '1', '1', '', '0', '0', '7517.65', '-2433.58', '458.006', '2.85012', '60', '0', '0', '0', '0', '0', '0', '0', '0', '0', '0', '0', '0', '0', '0', '0'),
('122138', '1', '493', '493', '1', '1', '', '0', '0', '7522.31', '-2426.37', '458.608', '3.18301', '60', '0', '0', '0', '0', '0', '0', '0', '0', '0', '0', '0', '0', '0', '0', '0'),
('122138', '1', '493', '493', '1', '1', '', '0', '0', '7524.54', '-2432.95', '457.912', '3.01775', '60', '0', '0', '0', '0', '0', '0', '0', '0', '0', '0', '0', '0', '0', '0', '0'),
('122138', '1', '493', '493', '1', '1', '', '0', '0', '7524.92', '-2430.48', '458.083', '2.85012', '60', '0', '0', '0', '0', '0', '0', '0', '0', '0', '0', '0', '0', '0', '0', '0'),
('122138', '1', '493', '493', '1', '1', '', '0', '0', '7525.1', '-2427.16', '458.284', '3.00727', '60', '0', '0', '0', '0', '0', '0', '0', '0', '0', '0', '0', '0', '0', '0', '0'),
('122138', '1', '493', '493', '1', '1', '', '0', '0', '7527.87', '-2429.5', '457.401', '3.07345', '60', '0', '0', '0', '0', '0', '0', '0', '0', '0', '0', '0', '0', '0', '0', '0'),
('122138', '1', '493', '493', '1', '1', '', '0', '0', '7524.92', '-2425.12', '458.433', '3.03698', '60', '0', '0', '0', '0', '0', '0', '0', '0', '0', '0', '0', '0', '0', '0', '0'),
('122138', '1', '493', '493', '1', '1', '', '0', '0', '7518.43', '-2429.61', '458.355', '3.26045', '60', '0', '0', '0', '0', '0', '0', '0', '0', '0', '0', '0', '0', '0', '0', '0'),
('122138', '1', '493', '493', '1', '1', '', '0', '0', '7521.57', '-2432.5', '458.279', '2.82533', '60', '0', '0', '0', '0', '0', '0', '0', '0', '0', '0', '0', '0', '0', '0', '0'),
('122138', '1', '493', '493', '1', '1', '', '0', '0', '7519.43', '-2420.34', '458.587', '3.65731', '60', '0', '0', '0', '0', '0', '0', '0', '0', '0', '0', '0', '0', '0', '0', '0'),
('122138', '1', '493', '493', '1', '1', '', '0', '0', '7522.23', '-2429.49', '458.449', '3.09346', '60', '0', '0', '0', '0', '0', '0', '0', '0', '0', '0', '0', '0', '0', '0', '0'),
('122138', '1', '493', '493', '1', '1', '', '0', '0', '7521.81', '-2423.4', '458.721', '3.16008', '60', '0', '0', '0', '0', '0', '0', '0', '0', '0', '0', '0', '0', '0', '0', '0'),
('122138', '1', '493', '493', '1', '1', '', '0', '0', '7518.48', '-2425.47', '458.512', '3.71685', '60', '0', '0', '0', '0', '0', '0', '0', '0', '0', '0', '0', '0', '0', '0', '0'),
('122138', '1', '493', '493', '1', '1', '', '0', '0', '7515.73', '-2438.15', '457.335', '2.18512', '60', '0', '0', '0', '0', '0', '0', '0', '0', '0', '0', '0', '0', '0', '0', '0'),
('122138', '1', '493', '493', '1', '1', '', '0', '0', '7520.44', '-2437.41', '457.825', '2.85012', '60', '0', '0', '0', '0', '0', '0', '0', '0', '0', '0', '0', '0', '0', '0', '0'),
('122138', '1', '493', '493', '1', '1', '', '0', '0', '7523.49', '-2436.29', '457.693', '2.85012', '60', '0', '0', '0', '0', '0', '0', '0', '0', '0', '0', '0', '0', '0', '0', '0'),
('122138', '1', '493', '493', '1', '1', '', '0', '0', '7525.96', '-2438.76', '456.877', '2.85012', '60', '0', '0', '0', '0', '0', '0', '0', '0', '0', '0', '0', '0', '0', '0', '0'),
('122138', '1', '493', '493', '1', '1', '', '0', '0', '7521.62', '-2439.69', '457.465', '2.63518', '60', '0', '0', '0', '0', '0', '0', '0', '0', '0', '0', '0', '0', '0', '0', '0'),
('122138', '1', '493', '493', '1', '1', '', '0', '0', '7523.91', '-2443.02', '456.737', '2.85012', '60', '0', '0', '0', '0', '0', '0', '0', '0', '0', '0', '0', '0', '0', '0', '0'),
('122138', '1', '493', '493', '1', '1', '', '0', '0', '7412.35', '-2419.3', '460.596', '1.23924', '60', '0', '0', '0', '0', '0', '0', '0', '0', '0', '0', '0', '0', '0', '0', '0'),
('122138', '1', '493', '493', '1', '1', '', '0', '0', '7411.13', '-2411.05', '462.442', '5.81817', '60', '0', '0', '0', '0', '0', '0', '0', '0', '0', '0', '0', '0', '0', '0', '0'),
('122138', '1', '493', '493', '1', '1', '', '0', '0', '7412.24', '-2416.44', '461.369', '0.698891', '60', '0', '0', '0', '0', '0', '0', '0', '0', '0', '0', '0', '0', '0', '0', '0'),
('122138', '1', '493', '493', '1', '1', '', '0', '0', '7411.49', '-2413.2', '462.14', '0.0046877', '60', '0', '0', '0', '0', '0', '0', '0', '0', '0', '0', '0', '0', '0', '0', '0'),
('122138', '1', '493', '493', '1', '1', '', '0', '0', '7410.11', '-2415.66', '461.713', '0.55405', '60', '0', '0', '0', '0', '0', '0', '0', '0', '0', '0', '0', '0', '0', '0', '0'),
('122138', '1', '493', '493', '1', '1', '', '0', '0', '7413.43', '-2410.54', '462.163', '5.41866', '60', '0', '0', '0', '0', '0', '0', '0', '0', '0', '0', '0', '0', '0', '0', '0'),
('122138', '1', '493', '493', '1', '1', '', '0', '0', '7412.84', '-2414.24', '461.76', '0.287222', '60', '0', '0', '0', '0', '0', '0', '0', '0', '0', '0', '0', '0', '0', '0', '0'),
('122138', '1', '493', '493', '1', '1', '', '0', '0', '7413.47', '-2412.22', '462.029', '5.64689', '60', '0', '0', '0', '0', '0', '0', '0', '0', '0', '0', '0', '0', '0', '0', '0'),
('122138', '1', '493', '493', '1', '1', '', '0', '0', '7418.04', '-2413.92', '460.677', '3.00422', '60', '0', '0', '0', '0', '0', '0', '0', '0', '0', '0', '0', '0', '0', '0', '0'),
('122138', '1', '493', '493', '1', '1', '', '0', '0', '7417.09', '-2409.81', '461.451', '4.41956', '60', '0', '0', '0', '0', '0', '0', '0', '0', '0', '0', '0', '0', '0', '0', '0'),
('122138', '1', '493', '493', '1', '1', '', '0', '0', '7418.07', '-2417.77', '459.714', '2.08194', '60', '0', '0', '0', '0', '0', '0', '0', '0', '0', '0', '0', '0', '0', '0', '0'),
('122138', '1', '493', '493', '1', '1', '', '0', '0', '7414.85', '-2418.09', '460.494', '1.56732', '60', '0', '0', '0', '0', '0', '0', '0', '0', '0', '0', '0', '0', '0', '0', '0'),
('122138', '1', '493', '493', '1', '1', '', '0', '0', '7415.47', '-2410.98', '461.748', '4.76886', '60', '0', '0', '0', '0', '0', '0', '0', '0', '0', '0', '0', '0', '0', '0', '0'),
('122138', '1', '493', '493', '1', '1', '', '0', '0', '7415.15', '-2408.84', '461.928', '4.81269', '60', '0', '0', '0', '0', '0', '0', '0', '0', '0', '0', '0', '0', '0', '0', '0'),
('122138', '1', '493', '493', '1', '1', '', '0', '0', '7416.17', '-2416.76', '460.594', '1.99697', '60', '0', '0', '0', '0', '0', '0', '0', '0', '0', '0', '0', '0', '0', '0', '0'),
('122138', '1', '493', '493', '1', '1', '', '0', '0', '7414.09', '-2416.34', '461.077', '1.05619', '60', '0', '0', '0', '0', '0', '0', '0', '0', '0', '0', '0', '0', '0', '0', '0'),
('122138', '1', '493', '493', '1', '1', '', '0', '0', '7417.47', '-2411.68', '461.222', '3.78431', '60', '0', '0', '0', '0', '0', '0', '0', '0', '0', '0', '0', '0', '0', '0', '0'),
('122138', '1', '493', '493', '1', '1', '', '0', '0', '7416.47', '-2419.55', '459.725', '1.92115', '60', '0', '0', '0', '0', '0', '0', '0', '0', '0', '0', '0', '0', '0', '0', '0'),
('122138', '1', '493', '493', '1', '1', '', '0', '0', '7420.31', '-2410.15', '460.622', '3.95732', '60', '0', '0', '0', '0', '0', '0', '0', '0', '0', '0', '0', '0', '0', '0', '0'),
('122138', '1', '493', '493', '1', '1', '', '0', '0', '7419.69', '-2412.47', '460.468', '3.3398', '60', '0', '0', '0', '0', '0', '0', '0', '0', '0', '0', '0', '0', '0', '0', '0'),
('122138', '1', '493', '493', '1', '1', '', '0', '0', '7419.64', '-2415.53', '459.788', '2.78373', '60', '0', '0', '0', '0', '0', '0', '0', '0', '0', '0', '0', '0', '0', '0', '0'),
('122138', '1', '493', '493', '1', '1', '', '0', '0', '7421.76', '-2413.89', '459.345', '3.19757', '60', '0', '0', '0', '0', '0', '0', '0', '0', '0', '0', '0', '0', '0', '0', '0'),
('122138', '1', '493', '493', '1', '1', '', '0', '0', '7420.31', '-2417.78', '458.897', '2.3284', '60', '0', '0', '0', '0', '0', '0', '0', '0', '0', '0', '0', '0', '0', '0', '0'),
('122139', '1', '493', '493', '1', '1', '', '0', '0', '7462.73', '-2371.07', '460.842', '5.40238', '60', '0', '0', '0', '0', '0', '0', '0', '0', '0', '0', '0', '0', '0', '0', '0'),
('122139', '1', '493', '493', '1', '1', '', '0', '0', '7463.05', '-2366.94', '463.089', '0.0962703', '60', '0', '0', '0', '0', '0', '0', '0', '0', '0', '0', '0', '0', '0', '0', '0'),
('122139', '1', '493', '493', '1', '1', '', '0', '0', '7463.19', '-2364.6', '464.097', '2.44155', '60', '0', '0', '0', '0', '0', '0', '0', '0', '0', '0', '0', '0', '0', '0', '0'),
('122139', '1', '493', '493', '1', '1', '', '0', '0', '7466.26', '-2369.67', '461.064', '1.43031', '60', '0', '0', '0', '0', '0', '0', '0', '0', '0', '0', '0', '0', '0', '0', '0'),
('122139', '1', '493', '493', '1', '1', '', '0', '0', '7462.83', '-2362.86', '464.934', '2.41641', '60', '0', '0', '0', '0', '0', '0', '0', '0', '0', '0', '0', '0', '0', '0', '0'),
('122139', '1', '493', '493', '1', '1', '', '0', '0', '7465.52', '-2371.42', '459.919', '3.8517', '60', '0', '0', '0', '0', '0', '0', '0', '0', '0', '0', '0', '0', '0', '0', '0'),
('122139', '1', '493', '493', '1', '1', '', '0', '0', '7469.38', '-2368.26', '461.172', '2.58438', '60', '0', '0', '0', '0', '0', '0', '0', '0', '0', '0', '0', '0', '0', '0', '0'),
('122139', '1', '493', '493', '1', '1', '', '0', '0', '7466.38', '-2363.19', '464.471', '4.80463', '60', '0', '0', '0', '0', '0', '0', '0', '0', '0', '0', '0', '0', '0', '0', '0'),
('122139', '1', '493', '493', '1', '1', '', '0', '0', '7468.51', '-2363.53', '463.931', '4.17563', '60', '0', '0', '0', '0', '0', '0', '0', '0', '0', '0', '0', '0', '0', '0', '0'),
('122139', '1', '493', '493', '1', '1', '', '0', '0', '7468.47', '-2363.71', '463.971', '5.23723', '60', '0', '0', '0', '0', '0', '0', '0', '0', '0', '0', '0', '0', '0', '0', '0'),
('122139', '1', '493', '493', '1', '1', '', '0', '0', '7467.78', '-2363.28', '464.226', '4.39512', '60', '0', '0', '0', '0', '0', '0', '0', '0', '0', '0', '0', '0', '0', '0', '0'),
('122139', '1', '493', '493', '1', '1', '', '0', '0', '7465.74', '-2360.06', '465.595', '3.64234', '60', '0', '0', '0', '0', '0', '0', '0', '0', '0', '0', '0', '0', '0', '0', '0'),
('122139', '1', '493', '493', '1', '1', '', '0', '0', '7468.94', '-2363.74', '463.726', '4.04415', '60', '0', '0', '0', '0', '0', '0', '0', '0', '0', '0', '0', '0', '0', '0', '0'),
('122241', '1', '493', '493', '1', '1', '', '0', '0', '7513.17', '-2428.6', '457.836', '0', '60', '0', '0', '0', '0', '0', '0', '0', '0', '0', '0', '0', '0', '0', '0', '0'),
('122252', '1', '493', '493', '1', '1', '', '0', '0', '7466.69', '-2366.59', '462.969', '1.64814', '60', '0', '0', '0', '0', '0', '0', '0', '0', '0', '0', '0', '0', '0', '0', '0'),
('122256', '1', '493', '493', '1', '1', '', '0', '0', '7466.8', '-2359.8', '465.553', '4.76165', '60', '0', '0', '0', '0', '0', '0', '0', '0', '0', '0', '0', '0', '0', '0', '0'),
('122390', '1', '493', '493', '1', '1', '', '0', '0', '7415.42', '-2413.81', '461.363', '3.05377', '60', '0', '0', '0', '0', '0', '0', '0', '0', '0', '0', '0', '0', '0', '0', '0'),
('122580', '1', '493', '2363', '1', '1', '', '0', '0', '7625', '-3003.12', '476.504', '0.0781137', '60', '0', '0', '0', '0', '0', '0', '0', '0', '0', '0', '0', '0', '0', '0', '0'),
('122580', '1', '493', '493', '1', '1', '', '0', '0', '7404.17', '-2883.33', '470.789', '4.50389', '60', '0', '0', '0', '0', '0', '0', '0', '0', '0', '0', '0', '0', '0', '0', '0'),
('122580', '1', '493', '2363', '1', '1', '', '0', '0', '7633.82', '-2842.13', '455.651', '6.14998', '60', '0', '0', '0', '0', '0', '0', '0', '0', '0', '0', '0', '0', '0', '0', '0'),
('122580', '1', '493', '493', '1', '1', '', '0', '0', '7428.06', '-2868.15', '465.866', '5.94259', '60', '0', '0', '0', '0', '0', '0', '0', '0', '0', '0', '0', '0', '0', '0', '0'),
('122580', '1', '493', '656', '1', '1', '', '0', '0', '7533.99', '-2821.09', '452.542', '0.109579', '60', '0', '0', '0', '0', '0', '0', '0', '0', '0', '0', '0', '0', '0', '0', '0'),
('122580', '1', '493', '2363', '1', '1', '', '0', '0', '7694.6', '-2934.45', '464.66', '3.87796', '60', '0', '0', '0', '0', '0', '0', '0', '0', '0', '0', '0', '0', '0', '0', '0'),
('122580', '1', '493', '2363', '1', '1', '', '0', '0', '7586.78', '-2896.25', '463.05', '0.902421', '60', '0', '0', '0', '0', '0', '0', '0', '0', '0', '0', '0', '0', '0', '0', '0'),
('122580', '1', '493', '2363', '1', '1', '', '0', '0', '7579.78', '-2897.04', '461.399', '1.33413', '60', '0', '0', '0', '0', '0', '0', '0', '0', '0', '0', '0', '0', '0', '0', '0'),
('122580', '1', '493', '2363', '1', '1', '', '0', '0', '7662.2', '-2976.8', '466.158', '0.00390718', '60', '0', '0', '0', '0', '0', '0', '0', '0', '0', '0', '0', '0', '0', '0', '0'),
('122580', '1', '493', '2363', '1', '1', '', '0', '0', '7565.23', '-3033.18', '461.921', '1.24472', '60', '0', '0', '0', '0', '0', '0', '0', '0', '0', '0', '0', '0', '0', '0', '0'),
('122580', '1', '493', '2363', '1', '1', '', '0', '0', '7616.35', '-2942.27', '461.949', '5.58259', '60', '0', '0', '0', '0', '0', '0', '0', '0', '0', '0', '0', '0', '0', '0', '0'),
('122580', '1', '493', '2363', '1', '1', '', '0', '0', '7704.79', '-2882.12', '463.157', '4.18248', '60', '0', '0', '0', '0', '0', '0', '0', '0', '0', '0', '0', '0', '0', '0', '0'),
('122580', '1', '493', '2363', '1', '1', '', '0', '0', '7616.89', '-2933.2', '461.75', '0.567366', '60', '0', '0', '0', '0', '0', '0', '0', '0', '0', '0', '0', '0', '0', '0', '0'),
('122580', '1', '493', '2363', '1', '1', '', '0', '0', '7615.35', '-3003.99', '476.25', '3.77513', '60', '0', '0', '0', '0', '0', '0', '0', '0', '0', '0', '0', '0', '0', '0', '0'),
('122580', '1', '493', '2363', '1', '1', '', '0', '0', '7789.16', '-2908.91', '470.473', '1.19991', '60', '0', '0', '0', '0', '0', '0', '0', '0', '0', '0', '0', '0', '0', '0', '0'),
('122580', '1', '493', '656', '1', '1', '', '0', '0', '7800.08', '-2842.55', '459.787', '2.14913', '60', '0', '0', '0', '0', '0', '0', '0', '0', '0', '0', '0', '0', '0', '0', '0'),
('122580', '1', '493', '2363', '1', '1', '', '0', '0', '7579.4', '-2904.86', '461.237', '3.95237', '60', '0', '0', '0', '0', '0', '0', '0', '0', '0', '0', '0', '0', '0', '0', '0'),
('122580', '1', '493', '493', '1', '1', '', '0', '0', '7477.25', '-2841.58', '463.94', '0.418621', '60', '0', '0', '0', '0', '0', '0', '0', '0', '0', '0', '0', '0', '0', '0', '0'),
('122580', '1', '493', '2363', '1', '1', '', '0', '0', '7616.67', '-3000', '474.942', '2.06691', '60', '0', '0', '0', '0', '0', '0', '0', '0', '0', '0', '0', '0', '0', '0', '0'),
('122580', '1', '493', '2363', '1', '1', '', '0', '0', '7663.73', '-2938.81', '465.822', '4.34495', '60', '0', '0', '0', '0', '0', '0', '0', '0', '0', '0', '0', '0', '0', '0', '0'),
('122580', '1', '493', '2363', '1', '1', '', '0', '0', '7651.21', '-2892.83', '463.972', '5.66741', '60', '0', '0', '0', '0', '0', '0', '0', '0', '0', '0', '0', '0', '0', '0', '0'),
('122580', '1', '493', '656', '1', '1', '', '0', '0', '7490.19', '-2784.68', '460.245', '4.57229', '60', '0', '0', '0', '0', '0', '0', '0', '0', '0', '0', '0', '0', '0', '0', '0'),
('122580', '1', '493', '493', '1', '1', '', '0', '0', '7475.88', '-2861.42', '465.172', '1.15518', '60', '0', '0', '0', '0', '0', '0', '0', '0', '0', '0', '0', '0', '0', '0', '0'),
('122580', '1', '493', '2363', '1', '1', '', '0', '0', '7558.01', '-2996.7', '460.696', '0.421719', '60', '0', '0', '0', '0', '0', '0', '0', '0', '0', '0', '0', '0', '0', '0', '0'),
('122580', '1', '493', '2363', '1', '1', '', '0', '0', '7700.83', '-2904.21', '465.595', '2.75726', '60', '0', '0', '0', '0', '0', '0', '0', '0', '0', '0', '0', '0', '0', '0', '0'),
('122580', '1', '493', '2363', '1', '1', '', '0', '0', '7699.53', '-2929.98', '466.373', '1.08659', '60', '0', '0', '0', '0', '0', '0', '0', '0', '0', '0', '0', '0', '0', '0', '0'),
('122580', '1', '493', '656', '1', '1', '', '0', '0', '7631.86', '-2836.02', '454.141', '0.370614', '60', '0', '0', '0', '0', '0', '0', '0', '0', '0', '0', '0', '0', '0', '0', '0'),
('122580', '1', '493', '2363', '1', '1', '', '0', '0', '7786.95', '-2907.41', '469.668', '2.6007', '60', '0', '0', '0', '0', '0', '0', '0', '0', '0', '0', '0', '0', '0', '0', '0'),
('122580', '1', '493', '2363', '1', '1', '', '0', '0', '7647.6', '-2938.93', '462.526', '3.71079', '60', '0', '0', '0', '0', '0', '0', '0', '0', '0', '0', '0', '0', '0', '0', '0'),
('122580', '1', '493', '2363', '1', '1', '', '0', '0', '7505.88', '-2970.54', '467.919', '1.4921', '60', '0', '0', '0', '0', '0', '0', '0', '0', '0', '0', '0', '0', '0', '0', '0'),
('122580', '1', '493', '493', '1', '1', '', '0', '0', '7397.77', '-2875.25', '470.653', '3.17825', '60', '0', '0', '0', '0', '0', '0', '0', '0', '0', '0', '0', '0', '0', '0', '0'),
('122580', '1', '493', '493', '1', '1', '', '0', '0', '7393.21', '-2740.74', '459.724', '4.96371', '60', '0', '0', '0', '0', '0', '0', '0', '0', '0', '0', '0', '0', '0', '0', '0'),
('122580', '1', '493', '656', '1', '1', '', '0', '0', '7755.5', '-2792.52', '458.953', '1.71795', '60', '0', '0', '0', '0', '0', '0', '0', '0', '0', '0', '0', '0', '0', '0', '0'),
('122580', '1', '493', '656', '1', '1', '', '0', '0', '7805.25', '-2843.33', '459.44', '6.26438', '60', '0', '0', '0', '0', '0', '0', '0', '0', '0', '0', '0', '0', '0', '0', '0'),
('122580', '1', '493', '2363', '1', '1', '', '0', '0', '7721.35', '-2819.76', '460.999', '3.75288', '60', '0', '0', '0', '0', '0', '0', '0', '0', '0', '0', '0', '0', '0', '0', '0'),
('122580', '1', '493', '2363', '1', '1', '', '0', '0', '7752.88', '-2848.29', '463.834', '4.16242', '60', '0', '0', '0', '0', '0', '0', '0', '0', '0', '0', '0', '0', '0', '0', '0'),
('122580', '1', '493', '2363', '1', '1', '', '0', '0', '7790.21', '-2916.41', '474.318', '3.98088', '60', '0', '0', '0', '0', '0', '0', '0', '0', '0', '0', '0', '0', '0', '0', '0'),
('122580', '1', '493', '2363', '1', '1', '', '0', '0', '7591.01', '-3072.65', '462.996', '1.84896', '60', '0', '0', '0', '0', '0', '0', '0', '0', '0', '0', '0', '0', '0', '0', '0'),
('122580', '1', '493', '2363', '1', '1', '', '0', '0', '7564.56', '-3041.94', '464.051', '4.61769', '60', '0', '0', '0', '0', '0', '0', '0', '0', '0', '0', '0', '0', '0', '0', '0'),
('122580', '1', '493', '2363', '1', '1', '', '0', '0', '7561.47', '-2995.12', '460.119', '6.10949', '60', '0', '0', '0', '0', '0', '0', '0', '0', '0', '0', '0', '0', '0', '0', '0'),
('122580', '1', '493', '2363', '1', '1', '', '0', '0', '7725.5', '-2993.9', '464.752', '0.791932', '60', '0', '0', '0', '0', '0', '0', '0', '0', '0', '0', '0', '0', '0', '0', '0'),
('122580', '1', '493', '656', '1', '1', '', '0', '0', '7660.38', '-2830.92', '460.045', '1.83568', '60', '0', '0', '0', '0', '0', '0', '0', '0', '0', '0', '0', '0', '0', '0', '0'),
('122580', '1', '493', '493', '1', '1', '', '0', '0', '7434.28', '-2857.98', '466.242', '1.35255', '60', '0', '0', '0', '0', '0', '0', '0', '0', '0', '0', '0', '0', '0', '0', '0'),
('122580', '1', '493', '493', '1', '1', '', '0', '0', '7450.69', '-2784.63', '465.95', '5.54043', '60', '0', '0', '0', '0', '0', '0', '0', '0', '0', '0', '0', '0', '0', '0', '0'),
('122580', '1', '493', '493', '1', '1', '', '0', '0', '7411.25', '-2871.78', '467.017', '0.807431', '60', '0', '0', '0', '0', '0', '0', '0', '0', '0', '0', '0', '0', '0', '0', '0'),
('122580', '1', '493', '656', '1', '1', '', '0', '0', '7522.51', '-2817.05', '455.313', '2.30506', '60', '0', '0', '0', '0', '0', '0', '0', '0', '0', '0', '0', '0', '0', '0', '0'),
('122580', '1', '493', '493', '1', '1', '', '0', '0', '7420.16', '-2855.09', '467.451', '3.58256', '60', '0', '0', '0', '0', '0', '0', '0', '0', '0', '0', '0', '0', '0', '0', '0'),
('122580', '1', '493', '493', '1', '1', '', '0', '0', '7416.59', '-2854.06', '467.357', '5.23601', '60', '0', '0', '0', '0', '0', '0', '0', '0', '0', '0', '0', '0', '0', '0', '0'),
('122597', '1', '493', '2363', '1', '1', '', '0', '0', '7515.8', '-2877.49', '457.268', '4.12168', '60', '0', '0', '0', '0', '0', '0', '0', '0', '0', '0', '0', '0', '0', '0', '0'),
('122597', '1', '493', '2363', '1', '1', '', '0', '0', '7644.2', '-2893.37', '464.116', '2.38647', '60', '0', '0', '0', '0', '0', '0', '0', '0', '0', '0', '0', '0', '0', '0', '0'),
('122597', '1', '493', '2363', '1', '1', '', '0', '0', '7509.24', '-2966.91', '464.182', '0.657548', '60', '0', '0', '0', '0', '0', '0', '0', '0', '0', '0', '0', '0', '0', '0', '0'),
('122597', '1', '493', '656', '1', '1', '', '0', '0', '7589.27', '-2856.9', '458.311', '0.906583', '60', '0', '0', '0', '0', '0', '0', '0', '0', '0', '0', '0', '0', '0', '0', '0'),
('122597', '1', '493', '2363', '1', '1', '', '0', '0', '7646.23', '-2898.42', '463.15', '4.72507', '60', '0', '0', '0', '0', '0', '0', '0', '0', '0', '0', '0', '0', '0', '0', '0'),
('122597', '1', '493', '2363', '1', '1', '', '0', '0', '7714.11', '-2971.12', '466.415', '2.96124', '60', '0', '0', '0', '0', '0', '0', '0', '0', '0', '0', '0', '0', '0', '0', '0'),
('122597', '1', '493', '2363', '1', '1', '', '0', '0', '7713.28', '-2970.36', '466.268', '2.65129', '60', '0', '0', '0', '0', '0', '0', '0', '0', '0', '0', '0', '0', '0', '0', '0'),
('122597', '1', '493', '2363', '1', '1', '', '0', '0', '7750', '-2841.67', '462.803', '3.85785', '60', '0', '0', '0', '0', '0', '0', '0', '0', '0', '0', '0', '0', '0', '0', '0'),
('122597', '1', '493', '2363', '1', '1', '', '0', '0', '7721.98', '-2996.1', '464.512', '1.06519', '60', '0', '0', '0', '0', '0', '0', '0', '0', '0', '0', '0', '0', '0', '0', '0'),
('122597', '1', '493', '2363', '1', '1', '', '0', '0', '7739.58', '-2902.08', '468.879', '5.70295', '60', '0', '0', '0', '0', '0', '0', '0', '0', '0', '0', '0', '0', '0', '0', '0'),
('122597', '1', '493', '493', '1', '1', '', '0', '0', '7427.96', '-2844.86', '465.448', '1.874', '60', '0', '0', '0', '0', '0', '0', '0', '0', '0', '0', '0', '0', '0', '0', '0'),
('122597', '1', '493', '2363', '1', '1', '', '0', '0', '7446.51', '-2913.56', '477.053', '1.95221', '60', '0', '0', '0', '0', '0', '0', '0', '0', '0', '0', '0', '0', '0', '0', '0'),
('122597', '1', '493', '2363', '1', '1', '', '0', '0', '7556.28', '-2989.85', '460.535', '1.81854', '60', '0', '0', '0', '0', '0', '0', '0', '0', '0', '0', '0', '0', '0', '0', '0'),
('122597', '1', '493', '2363', '1', '1', '', '0', '0', '7506.7', '-2915.77', '463.93', '0.994102', '60', '0', '0', '0', '0', '0', '0', '0', '0', '0', '0', '0', '0', '0', '0', '0'),
('122597', '1', '493', '2363', '1', '1', '', '0', '0', '7728.04', '-2994.14', '465.863', '0.860051', '60', '0', '0', '0', '0', '0', '0', '0', '0', '0', '0', '0', '0', '0', '0', '0'),
('122597', '1', '493', '2363', '1', '1', '', '0', '0', '7717.93', '-2970.9', '466.77', '2.98479', '60', '0', '0', '0', '0', '0', '0', '0', '0', '0', '0', '0', '0', '0', '0', '0'),
('122597', '1', '493', '2363', '1', '1', '', '0', '0', '7695.5', '-2906.3', '464.385', '4.5148', '60', '0', '0', '0', '0', '0', '0', '0', '0', '0', '0', '0', '0', '0', '0', '0'),
('122597', '1', '493', '2363', '1', '1', '', '0', '0', '7665.56', '-2925.15', '465.095', '2.55318', '60', '0', '0', '0', '0', '0', '0', '0', '0', '0', '0', '0', '0', '0', '0', '0'),
('122597', '1', '493', '2363', '1', '1', '', '0', '0', '7661.82', '-2845.4', '461.453', '4.72361', '60', '0', '0', '0', '0', '0', '0', '0', '0', '0', '0', '0', '0', '0', '0', '0'),
('122597', '1', '493', '2363', '1', '1', '', '0', '0', '7568.16', '-2919.55', '465.101', '2.15055', '60', '0', '0', '0', '0', '0', '0', '0', '0', '0', '0', '0', '0', '0', '0', '0'),
('122597', '1', '493', '2363', '1', '1', '', '0', '0', '7726.33', '-2990.66', '465.759', '0.95794', '60', '0', '0', '0', '0', '0', '0', '0', '0', '0', '0', '0', '0', '0', '0', '0'),
('122597', '1', '493', '2363', '1', '1', '', '0', '0', '7667.1', '-2981.26', '465.374', '5.31978', '60', '0', '0', '0', '0', '0', '0', '0', '0', '0', '0', '0', '0', '0', '0', '0'),
('122597', '1', '493', '2363', '1', '1', '', '0', '0', '7716.67', '-2972.92', '466.262', '5.91733', '60', '0', '0', '0', '0', '0', '0', '0', '0', '0', '0', '0', '0', '0', '0', '0'),
('122597', '1', '493', '2363', '1', '1', '', '0', '0', '7716.63', '-2975.15', '466.116', '4.80006', '60', '0', '0', '0', '0', '0', '0', '0', '0', '0', '0', '0', '0', '0', '0', '0'),
('122597', '1', '493', '2363', '1', '1', '', '0', '0', '7675.44', '-2969.7', '464.317', '4.33852', '60', '0', '0', '0', '0', '0', '0', '0', '0', '0', '0', '0', '0', '0', '0', '0'),
('122597', '1', '493', '656', '1', '1', '', '0', '0', '7625.03', '-2837.38', '453.605', '4.45334', '60', '0', '0', '0', '0', '0', '0', '0', '0', '0', '0', '0', '0', '0', '0', '0'),
('122597', '1', '493', '2363', '1', '1', '', '0', '0', '7640.87', '-2913.53', '463.745', '3.15016', '60', '0', '0', '0', '0', '0', '0', '0', '0', '0', '0', '0', '0', '0', '0', '0'),
('122597', '1', '493', '2363', '1', '1', '', '0', '0', '7577.82', '-3009.51', '460.478', '0.911718', '60', '0', '0', '0', '0', '0', '0', '0', '0', '0', '0', '0', '0', '0', '0', '0'),
('122597', '1', '493', '2363', '1', '1', '', '0', '0', '7450', '-2911.46', '476.105', '0.541927', '60', '0', '0', '0', '0', '0', '0', '0', '0', '0', '0', '0', '0', '0', '0', '0'),
('122597', '1', '493', '2363', '1', '1', '', '0', '0', '7448.96', '-3008.33', '525.728', '2.65176', '60', '0', '0', '0', '0', '0', '0', '0', '0', '0', '0', '0', '0', '0', '0', '0'),
('122597', '1', '493', '493', '1', '1', '', '0', '0', '7397.91', '-2736.26', '458.467', '0.948418', '60', '0', '0', '0', '0', '0', '0', '0', '0', '0', '0', '0', '0', '0', '0', '0'),
('122597', '1', '493', '493', '1', '1', '', '0', '0', '7371.21', '-2787.64', '460.938', '1.07831', '60', '0', '0', '0', '0', '0', '0', '0', '0', '0', '0', '0', '0', '0', '0', '0'),
('122597', '1', '493', '493', '1', '1', '', '0', '0', '7429.88', '-2825.23', '464.388', '5.51566', '60', '0', '0', '0', '0', '0', '0', '0', '0', '0', '0', '0', '0', '0', '0', '0'),
('122597', '1', '493', '656', '1', '1', '', '0', '0', '7525.17', '-2865.82', '457.295', '0.623199', '60', '0', '0', '0', '0', '0', '0', '0', '0', '0', '0', '0', '0', '0', '0', '0'),
('122597', '1', '493', '656', '1', '1', '', '0', '0', '7675.39', '-2791.97', '459.885', '5.88246', '60', '0', '0', '0', '0', '0', '0', '0', '0', '0', '0', '0', '0', '0', '0', '0'),
('122597', '1', '493', '2363', '1', '1', '', '0', '0', '7591.69', '-2867.01', '461.719', '5.1732', '60', '0', '0', '0', '0', '0', '0', '0', '0', '0', '0', '0', '0', '0', '0', '0'),
('122597', '1', '493', '2363', '1', '1', '', '0', '0', '7701.63', '-2878.47', '461.605', '4.13052', '60', '0', '0', '0', '0', '0', '0', '0', '0', '0', '0', '0', '0', '0', '0', '0'),
('122597', '1', '493', '656', '1', '1', '', '0', '0', '7493.82', '-2774.33', '459.519', '0.982794', '60', '0', '0', '0', '0', '0', '0', '0', '0', '0', '0', '0', '0', '0', '0', '0'),
('122597', '1', '493', '2363', '1', '1', '', '0', '0', '7450.4', '-2917.12', '477.445', '5.42663', '60', '0', '0', '0', '0', '0', '0', '0', '0', '0', '0', '0', '0', '0', '0', '0'),
('122597', '1', '493', '2363', '1', '1', '', '0', '0', '7708.49', '-2878.61', '464.242', '6.12237', '60', '0', '0', '0', '0', '0', '0', '0', '0', '0', '0', '0', '0', '0', '0', '0'),
('122597', '1', '493', '2363', '1', '1', '', '0', '0', '7637.12', '-2936.36', '462.537', '0.058478', '60', '0', '0', '0', '0', '0', '0', '0', '0', '0', '0', '0', '0', '0', '0', '0'),
('122597', '1', '493', '2363', '1', '1', '', '0', '0', '7451.98', '-2906.35', '474.465', '1.00744', '60', '0', '0', '0', '0', '0', '0', '0', '0', '0', '0', '0', '0', '0', '0', '0'),
('122597', '1', '493', '493', '1', '1', '', '0', '0', '7472.92', '-2845.83', '465.677', '4.71434', '60', '0', '0', '0', '0', '0', '0', '0', '0', '0', '0', '0', '0', '0', '0', '0'),
('122597', '1', '493', '493', '1', '1', '', '0', '0', '7426.09', '-2820.64', '464.28', '2.76525', '60', '0', '0', '0', '0', '0', '0', '0', '0', '0', '0', '0', '0', '0', '0', '0'),
('122597', '1', '493', '2363', '1', '1', '', '0', '0', '7447.6', '-2883.99', '467.408', '1.52316', '60', '0', '0', '0', '0', '0', '0', '0', '0', '0', '0', '0', '0', '0', '0', '0'),
('122597', '1', '493', '493', '1', '1', '', '0', '0', '7370.85', '-2783.2', '461.124', '2.67538', '60', '0', '0', '0', '0', '0', '0', '0', '0', '0', '0', '0', '0', '0', '0', '0'),
('122597', '1', '493', '493', '1', '1', '', '0', '0', '7437.05', '-2866.42', '467.103', '5.30486', '60', '0', '0', '0', '0', '0', '0', '0', '0', '0', '0', '0', '0', '0', '0', '0'),
('122597', '1', '493', '493', '1', '1', '', '0', '0', '7462.36', '-2789.33', '462.733', '5.89499', '60', '0', '0', '0', '0', '0', '0', '0', '0', '0', '0', '0', '0', '0', '0', '0'),
('122597', '1', '493', '493', '1', '1', '', '0', '0', '7462.85', '-2794.71', '462.531', '5.98085', '60', '0', '0', '0', '0', '0', '0', '0', '0', '0', '0', '0', '0', '0', '0', '0'),
('122597', '1', '493', '493', '1', '1', '', '0', '0', '7410.01', '-2795.08', '464.214', '1.64263', '60', '0', '0', '0', '0', '0', '0', '0', '0', '0', '0', '0', '0', '0', '0', '0'),
('122603', '1', '493', '2363', '1', '1', '', '0', '0', '7591.44', '-3075.21', '463.42', '4.62483', '60', '0', '0', '0', '0', '0', '0', '0', '0', '0', '0', '0', '0', '0', '0', '0'),
('122603', '1', '493', '2363', '1', '1', '', '0', '0', '7445.74', '-2912.29', '476.565', '5.49779', '60', '0', '0', '0', '0', '0', '0', '0', '0', '0', '0', '0', '0', '0', '0', '0'),
('122603', '1', '493', '2363', '1', '1', '', '0', '0', '7578.65', '-2909.38', '460.987', '1.3252', '60', '0', '0', '0', '0', '0', '0', '0', '0', '0', '0', '0', '0', '0', '0', '0'),
('122603', '1', '493', '2363', '1', '1', '', '0', '0', '7500', '-2908.33', '463.617', '2.15054', '60', '0', '0', '0', '0', '0', '0', '0', '0', '0', '0', '0', '0', '0', '0', '0'),
('122603', '1', '493', '493', '1', '1', '', '0', '0', '7429.94', '-2821.69', '464.263', '1.21074', '60', '0', '0', '0', '0', '0', '0', '0', '0', '0', '0', '0', '0', '0', '0', '0'),
('122603', '1', '493', '2363', '1', '1', '', '0', '0', '7470.85', '-2870.29', '465.989', '6.06261', '60', '0', '0', '0', '0', '0', '0', '0', '0', '0', '0', '0', '0', '0', '0', '0'),
('122603', '1', '493', '2363', '1', '1', '', '0', '0', '7445.52', '-2911.96', '476.513', '3.35179', '60', '0', '0', '0', '0', '0', '0', '0', '0', '0', '0', '0', '0', '0', '0', '0'),
('122603', '1', '493', '2363', '1', '1', '', '0', '0', '7508.33', '-2907.29', '461.772', '0.926123', '60', '0', '0', '0', '0', '0', '0', '0', '0', '0', '0', '0', '0', '0', '0', '0'),
('122603', '1', '493', '2363', '1', '1', '', '0', '0', '7674.28', '-2936.46', '465.028', '3.33908', '60', '0', '0', '0', '0', '0', '0', '0', '0', '0', '0', '0', '0', '0', '0', '0'),
('122603', '1', '493', '2363', '1', '1', '', '0', '0', '7549.43', '-2995.95', '462.911', '3.05646', '60', '0', '0', '0', '0', '0', '0', '0', '0', '0', '0', '0', '0', '0', '0', '0'),
('122603', '1', '493', '2363', '1', '1', '', '0', '0', '7719.37', '-2996.52', '464.553', '4.10079', '60', '0', '0', '0', '0', '0', '0', '0', '0', '0', '0', '0', '0', '0', '0', '0'),
('122603', '1', '493', '2363', '1', '1', '', '0', '0', '7611.14', '-2937.58', '462.549', '0.143312', '60', '0', '0', '0', '0', '0', '0', '0', '0', '0', '0', '0', '0', '0', '0', '0'),
('122603', '1', '493', '2363', '1', '1', '', '0', '0', '7670.87', '-2929.42', '464.803', '3.28935', '60', '0', '0', '0', '0', '0', '0', '0', '0', '0', '0', '0', '0', '0', '0', '0'),
('122603', '1', '493', '2363', '1', '1', '', '0', '0', '7607.98', '-2937.6', '462.389', '2.4336', '60', '0', '0', '0', '0', '0', '0', '0', '0', '0', '0', '0', '0', '0', '0', '0'),
('122603', '1', '493', '2363', '1', '1', '', '0', '0', '7520.6', '-2873.05', '456.689', '5.00773', '60', '0', '0', '0', '0', '0', '0', '0', '0', '0', '0', '0', '0', '0', '0', '0'),
('122603', '1', '493', '493', '1', '1', '', '0', '0', '7429.57', '-2840.66', '464.848', '3.39941', '60', '0', '0', '0', '0', '0', '0', '0', '0', '0', '0', '0', '0', '0', '0', '0'),
('122603', '1', '493', '2363', '1', '1', '', '0', '0', '7509.16', '-2912.33', '462.72', '0.497058', '60', '0', '0', '0', '0', '0', '0', '0', '0', '0', '0', '0', '0', '0', '0', '0'),
('122603', '1', '493', '2363', '1', '1', '', '0', '0', '7450.99', '-2909.24', '475.329', '0.766741', '60', '0', '0', '0', '0', '0', '0', '0', '0', '0', '0', '0', '0', '0', '0', '0'),
('122603', '1', '493', '493', '1', '1', '', '0', '0', '7468.2', '-2859.49', '467.439', '4.31051', '60', '0', '0', '0', '0', '0', '0', '0', '0', '0', '0', '0', '0', '0', '0', '0'),
('122603', '1', '493', '656', '1', '1', '', '0', '0', '7624.49', '-2845.27', '456.85', '4.77688', '60', '0', '0', '0', '0', '0', '0', '0', '0', '0', '0', '0', '0', '0', '0', '0'),
('122603', '1', '493', '2363', '1', '1', '', '0', '0', '7667.93', '-2970.79', '465.181', '1.03303', '60', '0', '0', '0', '0', '0', '0', '0', '0', '0', '0', '0', '0', '0', '0', '0'),
('122603', '1', '493', '2363', '1', '1', '', '0', '0', '7625', '-3009.38', '478.942', '5.54874', '60', '0', '0', '0', '0', '0', '0', '0', '0', '0', '0', '0', '0', '0', '0', '0'),
('122603', '1', '493', '2363', '1', '1', '', '0', '0', '7583.18', '-2866.88', '461.446', '4.04115', '60', '0', '0', '0', '0', '0', '0', '0', '0', '0', '0', '0', '0', '0', '0', '0'),
('122603', '1', '493', '2363', '1', '1', '', '0', '0', '7557.44', '-3036.69', '462.652', '2.43891', '60', '0', '0', '0', '0', '0', '0', '0', '0', '0', '0', '0', '0', '0', '0', '0'),
('122603', '1', '493', '2363', '1', '1', '', '0', '0', '7722.32', '-2824.41', '461.469', '1.83271', '60', '0', '0', '0', '0', '0', '0', '0', '0', '0', '0', '0', '0', '0', '0', '0'),
('122603', '1', '493', '2363', '1', '1', '', '0', '0', '7758.55', '-2833.12', '461.05', '1.28794', '60', '0', '0', '0', '0', '0', '0', '0', '0', '0', '0', '0', '0', '0', '0', '0'),
('122603', '1', '493', '2363', '1', '1', '', '0', '0', '7684.81', '-2933.34', '463.814', '3.44476', '60', '0', '0', '0', '0', '0', '0', '0', '0', '0', '0', '0', '0', '0', '0', '0'),
('122603', '1', '493', '656', '1', '1', '', '0', '0', '7489.72', '-2779.96', '461.476', '1.93552', '60', '0', '0', '0', '0', '0', '0', '0', '0', '0', '0', '0', '0', '0', '0', '0'),
('122603', '1', '493', '656', '1', '1', '', '0', '0', '7527.37', '-2823.15', '456.097', '4.79987', '60', '0', '0', '0', '0', '0', '0', '0', '0', '0', '0', '0', '0', '0', '0', '0'),
('122603', '1', '493', '2363', '1', '1', '', '0', '0', '7681.38', '-2804.22', '461.102', '5.70086', '60', '0', '0', '0', '0', '0', '0', '0', '0', '0', '0', '0', '0', '0', '0', '0'),
('122603', '1', '493', '2363', '1', '1', '', '0', '0', '7759.46', '-2837.14', '462.069', '0.0306244', '60', '0', '0', '0', '0', '0', '0', '0', '0', '0', '0', '0', '0', '0', '0', '0'),
('122603', '1', '493', '2363', '1', '1', '', '0', '0', '7738.52', '-2900.12', '468.283', '3.14159', '60', '0', '0', '0', '0', '0', '0', '0', '0', '0', '0', '0', '0', '0', '0', '0'),
('122603', '1', '493', '2363', '1', '1', '', '0', '0', '7716.52', '-2995.78', '464.694', '3.61179', '60', '0', '0', '0', '0', '0', '0', '0', '0', '0', '0', '0', '0', '0', '0', '0'),
('122603', '1', '493', '2363', '1', '1', '', '0', '0', '7635.06', '-2909.54', '463.853', '4.6866', '60', '0', '0', '0', '0', '0', '0', '0', '0', '0', '0', '0', '0', '0', '0', '0'),
('122603', '1', '493', '2363', '1', '1', '', '0', '0', '7716.42', '-2970.53', '466.447', '2.27328', '60', '0', '0', '0', '0', '0', '0', '0', '0', '0', '0', '0', '0', '0', '0', '0'),
('122603', '1', '493', '2363', '1', '1', '', '0', '0', '7668.36', '-2926.38', '464.843', '2.41782', '60', '0', '0', '0', '0', '0', '0', '0', '0', '0', '0', '0', '0', '0', '0', '0'),
('122603', '1', '493', '2363', '1', '1', '', '0', '0', '7716.2', '-2888.53', '466.086', '2.89685', '60', '0', '0', '0', '0', '0', '0', '0', '0', '0', '0', '0', '0', '0', '0', '0'),
('122603', '1', '493', '493', '1', '1', '', '0', '0', '7408.17', '-2797.4', '464.089', '2.89235', '60', '0', '0', '0', '0', '0', '0', '0', '0', '0', '0', '0', '0', '0', '0', '0'),
('122603', '1', '493', '493', '1', '1', '', '0', '0', '7471.46', '-2837.71', '464.23', '3.97899', '60', '0', '0', '0', '0', '0', '0', '0', '0', '0', '0', '0', '0', '0', '0', '0'),
('122603', '1', '493', '656', '1', '1', '', '0', '0', '7517.16', '-2863.92', '458.597', '3.91137', '60', '0', '0', '0', '0', '0', '0', '0', '0', '0', '0', '0', '0', '0', '0', '0'),
('122603', '1', '493', '493', '1', '1', '', '0', '0', '7417.26', '-2868.08', '466.537', '3.70273', '60', '0', '0', '0', '0', '0', '0', '0', '0', '0', '0', '0', '0', '0', '0', '0'),
('122603', '1', '493', '2363', '1', '1', '', '0', '0', '7465.42', '-2878.51', '467.598', '3.06307', '60', '0', '0', '0', '0', '0', '0', '0', '0', '0', '0', '0', '0', '0', '0', '0'),
('122603', '1', '493', '493', '1', '1', '', '0', '0', '7458.19', '-2864.32', '468.921', '5.65309', '60', '0', '0', '0', '0', '0', '0', '0', '0', '0', '0', '0', '0', '0', '0', '0'),
('122603', '1', '493', '656', '1', '1', '', '0', '0', '7480.36', '-2781.4', '463.995', '2.20798', '60', '0', '0', '0', '0', '0', '0', '0', '0', '0', '0', '0', '0', '0', '0', '0'),
('122609', '1', '493', '2363', '1', '1', '', '0', '0', '7564.19', '-2951.13', '466.765', '1.47594', '60', '0', '0', '0', '0', '0', '0', '0', '0', '0', '0', '0', '0', '0', '0', '0'),
('122660', '1', '493', '2363', '1', '1', '', '0', '0', '7617.08', '-2957.47', '432.471', '5.48538', '60', '0', '0', '0', '0', '0', '0', '0', '0', '0', '0', '0', '0', '0', '0', '0'),
('122816', '1', '493', '493', '1', '1', '', '0', '0', '7416.49', '-2414.3', '461.055', '2.71028', '60', '0', '0', '0', '0', '0', '0', '0', '0', '0', '0', '0', '0', '0', '0', '0');

DELETE FROM gameobject WHERE id in (270942,270944,270943);
INSERT INTO `gameobject` (`id`, `map`, `zoneId`, `areaId`, `spawnMask`, `phaseMask`, `PhaseId`, `position_x`, `position_y`, `position_z`, `orientation`, `rotation0`, `rotation1`, `rotation2`, `rotation3`, `spawntimesecs`, `animprogress`, `AiID`, `state`, `isActive`, `personal_size`) VALUES
('270944', '1', '493', '493', '1', '1', '', '7398.91', '-2864.41', '468.021', '0', '0', '0', '0', '1', '30', '255', '0', '1', '0', '0'),
('270944', '1', '493', '493', '1', '1', '', '7399.48', '-2743.76', '460.88', '0', '0', '0', '0', '1', '30', '255', '0', '1', '0', '0'),
('270944', '1', '493', '493', '1', '1', '', '7434.5', '-2854.54', '465.963', '0', '0', '0', '0', '1', '30', '255', '0', '1', '0', '0'),
('270944', '1', '493', '2363', '1', '1', '', '7477.54', '-2876.06', '464.808', '0', '0', '0', '0', '1', '30', '255', '0', '1', '0', '0'),
('270944', '1', '493', '656', '1', '1', '', '7521.66', '-2820.13', '457.165', '0', '0', '0', '0', '1', '30', '255', '0', '1', '0', '0'),
('270944', '1', '493', '2363', '1', '1', '', '7577.46', '-2905.09', '461.176', '0', '0', '0', '0', '1', '30', '255', '0', '1', '0', '0'),
('270944', '1', '493', '2363', '1', '1', '', '7596.02', '-3069.38', '461.053', '0', '0', '0', '0', '1', '30', '255', '0', '1', '0', '0'),
('270944', '1', '493', '2363', '1', '1', '', '7599.02', '-2937.5', '460.117', '0', '0', '0', '0', '1', '30', '255', '0', '1', '0', '0'),
('270944', '1', '493', '2363', '1', '1', '', '7607.55', '-2998.37', '474.018', '4.25354', '-0', '-0', '-0.849387', '0.52777', '30', '255', '0', '1', '0', '0'),
('270944', '1', '493', '2363', '1', '1', '', '7616.89', '-2998.77', '474.499', '0', '0', '0', '0', '1', '30', '255', '0', '1', '0', '0'),
('270944', '1', '493', '2363', '1', '1', '', '7677.71', '-2922.55', '462.653', '0', '0', '0', '0', '1', '30', '255', '0', '1', '0', '0'),
('270944', '1', '493', '2363', '1', '1', '', '7797.58', '-2858.2', '462.732', '0', '0', '0', '0', '1', '30', '255', '0', '1', '0', '0'),
('270942', '1', '493', '493', '1', '1', '', '7410.76', '-2788.86', '464.648', '0', '0', '0', '0', '1', '30', '255', '0', '1', '0', '0'),
('270942', '1', '493', '493', '1', '1', '', '7464.25', '-2833.85', '463.663', '0', '0', '0', '0', '1', '30', '255', '0', '1', '0', '0'),
('270942', '1', '493', '656', '1', '1', '', '7579.15', '-2864.07', '460.481', '0', '0', '0', '0', '1', '30', '255', '0', '1', '0', '0'),
('270942', '1', '493', '2363', '1', '1', '', '7664.83', '-2841.88', '461.358', '0', '0', '0', '0', '1', '30', '255', '0', '1', '0', '0'),
('270942', '1', '493', '656', '1', '1', '', '7679.64', '-2791.4', '459.887', '0', '0', '0', '0', '1', '30', '255', '0', '1', '0', '0'),
('270942', '1', '493', '2363', '1', '1', '', '7697.1', '-2936.68', '465.125', '0', '0', '0', '0', '1', '30', '255', '0', '1', '0', '0'),
('270942', '1', '493', '2363', '1', '1', '', '7710.88', '-2972.75', '465.837', '0', '0', '0', '0', '1', '30', '255', '0', '1', '0', '0'),
('270942', '1', '493', '2363', '1', '1', '', '7727', '-2997.43', '465.49', '0', '0', '0', '0', '1', '30', '255', '0', '1', '0', '0'),
('270943', '1', '493', '493', '1', '1', '', '7375.75', '-2795.45', '461.635', '0', '0', '0', '0', '1', '30', '255', '0', '1', '0', '0'),
('270943', '1', '493', '2363', '1', '1', '', '7451', '-3021.28', '524.26', '0', '0', '0', '0', '1', '30', '255', '0', '1', '0', '0'),
('270943', '1', '493', '2363', '1', '1', '', '7453.62', '-2905.7', '474.032', '0', '0', '0', '0', '1', '30', '255', '0', '1', '0', '0'),
('270943', '1', '493', '656', '1', '1', '', '7489.16', '-2771.8', '462.717', '0', '0', '0', '0', '1', '30', '255', '0', '1', '0', '0'),
('270943', '1', '493', '2363', '1', '1', '', '7500.5', '-2917.43', '465.563', '0', '0', '0', '0', '1', '30', '255', '0', '1', '0', '0'),
('270943', '1', '493', '2363', '1', '1', '', '7553.69', '-3043.54', '463.39', '0', '0', '0', '0', '1', '30', '255', '0', '1', '0', '0'),
('270943', '1', '493', '2363', '1', '1', '', '7561.7', '-2986.38', '459.591', '0', '0', '0', '0', '1', '30', '255', '0', '1', '0', '0'),
('270943', '1', '493', '656', '1', '1', '', '7616.5', '-2844.16', '457.23', '0', '0', '0', '0', '1', '30', '255', '0', '1', '0', '0'),
('270943', '1', '493', '656', '1', '1', '', '7745.45', '-2795.88', '459.996', '0', '0', '0', '0', '1', '30', '255', '0', '1', '0', '0'),
('270943', '1', '493', '2363', '1', '1', '', '7760.89', '-2845.17', '464.51', '0', '0', '0', '0', '1', '30', '255', '0', '1', '0', '0'),
('270943', '1', '493', '2363', '1', '1', '', '7797.1', '-2920.86', '478.096', '0', '0', '0', '0', '1', '30', '255', '0', '1', '0', '0');

DELETE FROM game_event_gameobject WHERE eventEntry = 299;
DELETE FROM game_event_creature WHERE eventEntry = 299;
REPLACE INTO `game_event_gameobject` (`eventEntry`, `guid`) SELECT 299, guid FROM gameobject WHERE id IN (270942,270944,270943);
REPLACE INTO `game_event_creature` (`eventEntry`, `guid`) SELECT 299, guid FROM creature WHERE id IN (122138,122134,122241,122609,122603,122580,122597,122660,122390,122816,122139,122252,122256);