DELETE FROM `creature` WHERE guid BETWEEN 507000 AND 507622;
INSERT INTO `creature` (`guid`, `id`, `map`, `zoneId`, `areaId`, `spawnMask`, `phaseMask`, `PhaseId`, `modelid`, `equipment_id`, `position_x`, `position_y`, `position_z`, `orientation`, `spawntimesecs`, `spawndist`, `currentwaypoint`, `curhealth`, `curmana`, `MovementType`, `npcflag`, `npcflag2`, `unit_flags`, `dynamicflags`, `AiID`, `MovementID`, `MeleeID`, `isActive`, `skipClone`, `personal_size`) VALUES
('507000', '123934', '0', '6457', '133', '1', '1', '', '0', '0', '-5198.36', '527.691', '388.214', '1.13257', '120', '0', '0', '0', '0', '0', '0', '0', '0', '0', '0', '0', '0', '0', '0', '0'),
('507001', '123895', '0', '6457', '133', '1', '1', '', '0', '0', '-5178.82', '528.846', '389.719', '2.64011', '120', '0', '0', '0', '0', '0', '0', '0', '0', '0', '0', '0', '0', '0', '0', '0'),
('507002', '123939', '0', '6457', '133', '1', '1', '', '0', '0', '-5202.17', '528.665', '387.917', '0.827297', '120', '0', '0', '0', '0', '0', '0', '0', '0', '0', '0', '0', '0', '0', '0', '0'),
('507003', '123566', '0', '6457', '133', '1', '1', '', '0', '0', '-5189.17', '526.165', '388.285', '4.74833', '120', '0', '0', '0', '0', '0', '0', '0', '0', '0', '0', '0', '0', '0', '0', '0'),
('507004', '123935', '0', '6457', '133', '1', '1', '', '0', '0', '-5198.91', '528.425', '388.226', '0.451637', '120', '0', '0', '0', '0', '0', '0', '0', '0', '0', '0', '0', '0', '0', '0', '0'),
('507005', '124280', '0', '6457', '133', '1', '1', '', '0', '0', '-5176.77', '532.615', '391.399', '2.1993', '120', '0', '0', '0', '0', '0', '0', '0', '0', '0', '0', '0', '0', '0', '0', '0'),
('507006', '123905', '0', '6457', '133', '1', '1', '', '0', '0', '-5203.1', '529.106', '387.873', '0.896627', '120', '0', '0', '0', '0', '0', '0', '0', '0', '0', '0', '0', '0', '0', '0', '0'),
('507007', '123997', '0', '6457', '133', '1', '1', '', '0', '0', '-5194.28', '528.064', '388.642', '0.976981', '120', '0', '0', '0', '0', '0', '0', '0', '0', '0', '0', '0', '0', '0', '0', '0'),
('507008', '123908', '0', '6457', '133', '1', '1', '', '0', '0', '-5201.12', '528.163', '387.987', '1.10774', '120', '0', '0', '0', '0', '0', '0', '0', '0', '0', '0', '0', '0', '0', '0', '0'),
('507009', '123923', '0', '6457', '133', '1', '1', '', '0', '0', '-5197.5', '527.167', '388.271', '1.04043', '120', '0', '0', '0', '0', '0', '0', '0', '0', '0', '0', '0', '0', '0', '0', '0'),
('507010', '124740', '0', '6457', '133', '1', '1', '', '0', '0', '-5190.85', '529.604', '389.221', '2.2561', '120', '0', '0', '0', '0', '0', '0', '0', '0', '0', '0', '0', '0', '0', '0', '0'),
('507011', '123891', '0', '6457', '133', '1', '1', '', '0', '0', '-5179.45', '528.413', '389.515', '2.17019', '120', '0', '0', '0', '0', '0', '0', '0', '0', '0', '0', '0', '0', '0', '0', '0'),
('507012', '124005', '0', '6457', '133', '1', '1', '', '0', '0', '-5182.37', '528.809', '389.293', '2.16181', '120', '0', '0', '0', '0', '0', '0', '0', '0', '0', '0', '0', '0', '0', '0', '0'),
('507013', '124131', '0', '6457', '133', '1', '1', '', '0', '0', '-5170.21', '511.762', '392.796', '2.26687', '120', '0', '0', '0', '0', '0', '0', '0', '0', '0', '0', '0', '0', '0', '0', '0'),
('507014', '123979', '0', '6457', '133', '1', '1', '', '0', '0', '-5170.01', '513.411', '393.295', '2.99601', '120', '0', '0', '0', '0', '0', '0', '0', '0', '0', '0', '0', '0', '0', '0', '0'),
('507015', '124133', '0', '6457', '133', '1', '1', '', '0', '0', '-5170.76', '515.097', '393.031', '2.50817', '120', '0', '0', '0', '0', '0', '0', '0', '0', '0', '0', '0', '0', '0', '0', '0'),
('507016', '123998', '0', '6457', '133', '1', '1', '', '0', '0', '-5171.29', '486.698', '389.299', '2.35737', '120', '0', '0', '0', '0', '0', '0', '0', '0', '0', '0', '0', '0', '0', '0', '0'),
('507017', '123900', '0', '6457', '133', '1', '1', '', '0', '0', '-5188.83', '494.219', '388.196', '1.26267', '120', '0', '0', '0', '0', '0', '0', '0', '0', '0', '0', '0', '0', '0', '0', '0'),
('507018', '123999', '0', '6457', '133', '1', '1', '', '0', '0', '-5170.94', '489.026', '389.29', '2.59842', '120', '0', '0', '0', '0', '0', '0', '0', '0', '0', '0', '0', '0', '0', '0', '0'),
('507019', '123981', '0', '6457', '133', '1', '1', '', '0', '0', '-5171.93', '481.677', '389.197', '2.23075', '120', '0', '0', '0', '0', '0', '0', '0', '0', '0', '0', '0', '0', '0', '0', '0'),
('507020', '124740', '0', '6457', '133', '1', '1', '', '0', '0', '-5173.07', '485.727', '389.77', '2.2561', '120', '0', '0', '0', '0', '0', '0', '0', '0', '0', '0', '0', '0', '0', '0', '0'),
('507021', '124003', '0', '6457', '133', '1', '1', '', '0', '0', '-5172.96', '479.736', '389.036', '2.33689', '120', '0', '0', '0', '0', '0', '0', '0', '0', '0', '0', '0', '0', '0', '0', '0'),
('507022', '123412', '0', '6457', '133', '1', '1', '', '0', '0', '-5182.53', '462.951', '385.96', '4.29883', '120', '0', '0', '0', '0', '0', '0', '0', '0', '0', '0', '0', '0', '0', '0', '0'),
('507023', '123909', '0', '6457', '133', '1', '1', '', '0', '0', '-5247.08', '411.616', '391.678', '0.223823', '120', '0', '0', '0', '0', '0', '0', '0', '0', '0', '0', '0', '0', '0', '0', '0'),
('507024', '123925', '0', '6457', '133', '1', '1', '', '0', '0', '-5242.91', '397.476', '392.662', '1.4238', '120', '0', '0', '0', '0', '0', '0', '0', '0', '0', '0', '0', '0', '0', '0', '0'),
('507025', '123920', '0', '6457', '133', '1', '1', '', '0', '0', '-5238.88', '399.507', '392.523', '1.15136', '120', '0', '0', '0', '0', '0', '0', '0', '0', '0', '0', '0', '0', '0', '0', '0'),
('507026', '123954', '0', '6457', '133', '1', '1', '', '0', '0', '-5240.58', '398.024', '392.692', '1.4238', '120', '0', '0', '0', '0', '0', '0', '0', '0', '0', '0', '0', '0', '0', '0', '0'),
('507027', '123943', '0', '6457', '133', '1', '1', '', '0', '0', '-5241.4', '395.672', '393.043', '1.4238', '120', '0', '0', '0', '0', '0', '0', '0', '0', '0', '0', '0', '0', '0', '0', '0'),
('507028', '124023', '0', '6457', '133', '1', '1', '', '0', '0', '-5249.73', '410.311', '391.764', '0.021856', '120', '0', '0', '0', '0', '0', '0', '0', '0', '0', '0', '0', '0', '0', '0', '0'),
('507029', '123892', '0', '6457', '133', '1', '1', '', '0', '0', '-5250.96', '407.648', '391.923', '6.27233', '120', '0', '0', '0', '0', '0', '0', '0', '0', '0', '0', '0', '0', '0', '0', '0'),
('507030', '124740', '0', '6457', '133', '1', '1', '', '0', '0', '-5244.07', '402.552', '393.584', '2.2561', '120', '0', '0', '0', '0', '0', '0', '0', '0', '0', '0', '0', '0', '0', '0', '0'),
('507031', '123412', '0', '6457', '801', '1', '1', '', '0', '0', '-5413.55', '304.306', '393.139', '3.88121', '120', '0', '0', '0', '0', '0', '0', '0', '0', '0', '0', '0', '0', '0', '0', '0'),
('507032', '124740', '0', '6457', '801', '1', '1', '', '0', '0', '-5364.73', '311.42', '395.013', '2.2561', '120', '0', '0', '0', '0', '0', '0', '0', '0', '0', '0', '0', '0', '0', '0', '0'),
('507033', '123991', '0', '6457', '801', '1', '1', '', '0', '0', '-5364.33', '310.592', '394.24', '1.80247', '120', '0', '0', '0', '0', '0', '0', '0', '0', '0', '0', '0', '0', '0', '0', '0'),
('507034', '123994', '0', '6457', '801', '1', '1', '', '0', '0', '-5367.38', '307.575', '394.083', '1.72371', '120', '0', '0', '0', '0', '0', '0', '0', '0', '0', '0', '0', '0', '0', '0', '0'),
('507035', '123984', '0', '6457', '801', '1', '1', '', '0', '0', '-5360.98', '314.398', '394.254', '1.90024', '120', '0', '0', '0', '0', '0', '0', '0', '0', '0', '0', '0', '0', '0', '0', '0'),
('507036', '124005', '0', '6457', '801', '1', '1', '', '0', '0', '-5363.1', '311.7', '394.338', '1.90024', '120', '0', '0', '0', '0', '0', '0', '0', '0', '0', '0', '0', '0', '0', '0', '0'),
('507037', '123900', '0', '6457', '801', '1', '1', '', '0', '0', '-5429.7', '-341.269', '402.671', '0.991239', '120', '0', '0', '0', '0', '0', '0', '0', '0', '0', '0', '0', '0', '0', '0', '0'),
('507038', '124542', '0', '6457', '801', '1', '1', '', '0', '0', '-5411.3', '-339.076', '403.052', '1.92377', '120', '0', '0', '0', '0', '0', '0', '0', '0', '0', '0', '0', '0', '0', '0', '0'),
('507039', '124543', '0', '6457', '801', '1', '1', '', '0', '0', '-5409.96', '-338.227', '403.079', '2.14755', '120', '0', '0', '0', '0', '0', '0', '0', '0', '0', '0', '0', '0', '0', '0', '0'),
('507040', '123412', '0', '6457', '801', '1', '1', '', '0', '0', '-5435.62', '-451.26', '397.477', '1.29326', '120', '0', '0', '0', '0', '0', '0', '0', '0', '0', '0', '0', '0', '0', '0', '0'),
('507041', '124117', '0', '6457', '801', '1', '1', '', '0', '0', '-5426.09', '-401.953', '398.718', '1.76985', '120', '0', '0', '0', '0', '0', '0', '0', '0', '0', '0', '0', '0', '0', '0', '0'),
('507042', '124056', '0', '6457', '801', '1', '1', '', '0', '0', '-5439.54', '-401.248', '398.714', '1.13257', '120', '0', '0', '0', '0', '0', '0', '0', '0', '0', '0', '0', '0', '0', '0', '0'),
('507043', '123969', '0', '6457', '801', '1', '1', '', '0', '0', '-5427.26', '-404.295', '398.666', '1.98724', '120', '0', '0', '0', '0', '0', '0', '0', '0', '0', '0', '0', '0', '0', '0', '0'),
('507044', '123982', '0', '1', '0', '1', '1', '', '0', '0', '-5439.33', '-394.861', '398.714', '1.29915', '120', '0', '0', '0', '0', '0', '0', '0', '0', '0', '0', '0', '0', '0', '0', '0'),
('507045', '123412', '0', '1', '0', '1', '1', '', '0', '0', '-5400.41', '-515.892', '391.883', '2.94803', '120', '0', '0', '0', '0', '0', '0', '0', '0', '0', '0', '0', '0', '0', '0', '0'),
('507046', '124740', '0', '1', '0', '1', '1', '', '0', '0', '-5434.16', '-407.502', '399.434', '2.2561', '120', '0', '0', '0', '0', '0', '0', '0', '0', '0', '0', '0', '0', '0', '0', '0'),
('507047', '124134', '0', '1', '0', '1', '1', '', '0', '0', '-5439.98', '-412.116', '398.594', '1.29915', '120', '0', '0', '0', '0', '0', '0', '0', '0', '0', '0', '0', '0', '0', '0', '0'),
('507048', '124220', '0', '1', '0', '1', '1', '', '0', '0', '-5430.74', '-416.776', '397.76', '1.88798', '120', '0', '0', '0', '0', '0', '0', '0', '0', '0', '0', '0', '0', '0', '0', '0'),
('507049', '124050', '0', '1', '0', '1', '1', '', '0', '0', '-5440.3', '-414.833', '398.19', '1.09313', '120', '0', '0', '0', '0', '0', '0', '0', '0', '0', '0', '0', '0', '0', '0', '0'),
('507050', '123412', '0', '1', '131', '1', '1', '', '0', '0', '-5242.77', '-529.578', '388.531', '1.93245', '120', '0', '0', '0', '0', '0', '0', '0', '0', '0', '0', '0', '0', '0', '0', '0'),
('507051', '123907', '0', '1', '131', '1', '1', '', '0', '0', '-5275.25', '-516.255', '389.822', '2.62644', '120', '0', '0', '0', '0', '0', '0', '0', '0', '0', '0', '0', '0', '0', '0', '0'),
('507052', '124740', '0', '1', '131', '1', '1', '', '0', '0', '-5273.43', '-513.668', '390.635', '2.2561', '120', '0', '0', '0', '0', '0', '0', '0', '0', '0', '0', '0', '0', '0', '0', '0'),
('507053', '123902', '0', '1', '131', '1', '1', '', '0', '0', '-5273.79', '-514.384', '389.626', '2.82254', '120', '0', '0', '0', '0', '0', '0', '0', '0', '0', '0', '0', '0', '0', '0', '0'),
('507054', '123913', '0', '1', '131', '1', '1', '', '0', '0', '-5268.84', '-485.818', '387.615', '4.68212', '120', '0', '0', '0', '0', '0', '0', '0', '0', '0', '0', '0', '0', '0', '0', '0'),
('507055', '123905', '0', '1', '131', '1', '1', '', '0', '0', '-5275.1', '-515.304', '389.786', '3.05617', '120', '0', '0', '0', '0', '0', '0', '0', '0', '0', '0', '0', '0', '0', '0', '0'),
('507056', '123932', '0', '1', '131', '1', '1', '', '0', '0', '-5270.87', '-514.346', '389.143', '0.978918', '120', '0', '0', '0', '0', '0', '0', '0', '0', '0', '0', '0', '0', '0', '0', '0'),
('507057', '123941', '0', '1', '131', '1', '1', '', '0', '0', '-5272.37', '-514.945', '389.411', '3.03277', '120', '0', '0', '0', '0', '0', '0', '0', '0', '0', '0', '0', '0', '0', '0', '0'),
('507058', '123917', '0', '1', '131', '1', '1', '', '0', '0', '-5269.65', '-514.349', '388.953', '2.09028', '120', '0', '0', '0', '0', '0', '0', '0', '0', '0', '0', '0', '0', '0', '0', '0'),
('507059', '123933', '0', '1', '0', '1', '1', '', '0', '0', '-5251.21', '-490.879', '386.291', '3.77322', '120', '0', '0', '0', '0', '0', '0', '0', '0', '0', '0', '0', '0', '0', '0', '0'),
('507060', '123934', '0', '1', '0', '1', '1', '', '0', '0', '-5262.62', '-510.582', '386.853', '2.78799', '120', '0', '0', '0', '0', '0', '0', '0', '0', '0', '0', '0', '0', '0', '0', '0'),
('507061', '123897', '0', '1', '0', '1', '1', '', '0', '0', '-5259.52', '-485.924', '386.738', '4.41251', '120', '0', '0', '0', '0', '0', '0', '0', '0', '0', '0', '0', '0', '0', '0', '0'),
('507062', '124740', '0', '1', '0', '1', '1', '', '0', '0', '-5258.27', '-487.625', '386.595', '2.2561', '120', '0', '0', '0', '0', '0', '0', '0', '0', '0', '0', '0', '0', '0', '0', '0'),
('507063', '123963', '0', '1', '0', '1', '1', '', '0', '0', '-5258.67', '-482.281', '386.849', '4.50133', '120', '0', '0', '0', '0', '0', '0', '0', '0', '0', '0', '0', '0', '0', '0', '0'),
('507064', '123967', '0', '1', '0', '1', '1', '', '0', '0', '-5252.62', '-486.542', '386.428', '4.04379', '120', '0', '0', '0', '0', '0', '0', '0', '0', '0', '0', '0', '0', '0', '0', '0'),
('507065', '123986', '0', '1', '0', '1', '1', '', '0', '0', '-5246.04', '-497.72', '386.298', '3.42798', '120', '0', '0', '0', '0', '0', '0', '0', '0', '0', '0', '0', '0', '0', '0', '0'),
('507066', '123962', '0', '1', '0', '1', '1', '', '0', '0', '-5256.45', '-485.646', '386.545', '4.18554', '120', '0', '0', '0', '0', '0', '0', '0', '0', '0', '0', '0', '0', '0', '0', '0'),
('507067', '123942', '0', '1', '0', '1', '1', '', '0', '0', '-5248.35', '-490.993', '386.264', '3.54603', '120', '0', '0', '0', '0', '0', '0', '0', '0', '0', '0', '0', '0', '0', '0', '0'),
('507068', '124038', '0', '1', '0', '1', '1', '', '0', '0', '-5243.75', '-501.925', '386.648', '3.44447', '120', '0', '0', '0', '0', '0', '0', '0', '0', '0', '0', '0', '0', '0', '0', '0'),
('507069', '123924', '0', '1', '0', '1', '1', '', '0', '0', '-5267.25', '-485.708', '387.457', '4.64319', '120', '0', '0', '0', '0', '0', '0', '0', '0', '0', '0', '0', '0', '0', '0', '0'),
('507070', '123931', '0', '1', '0', '1', '1', '', '0', '0', '-5256.01', '-487.641', '386.509', '4.20448', '120', '0', '0', '0', '0', '0', '0', '0', '0', '0', '0', '0', '0', '0', '0', '0'),
('507071', '123936', '0', '1', '0', '1', '1', '', '0', '0', '-5253.72', '-485.911', '386.604', '4.50133', '120', '0', '0', '0', '0', '0', '0', '0', '0', '0', '0', '0', '0', '0', '0', '0'),
('507072', '123946', '0', '1', '0', '1', '1', '', '0', '0', '-5264.09', '-485.203', '387.137', '4.55426', '120', '0', '0', '0', '0', '0', '0', '0', '0', '0', '0', '0', '0', '0', '0', '0'),
('507073', '124010', '0', '1', '0', '1', '1', '', '0', '0', '-5252.88', '-490.519', '386.345', '3.60626', '120', '0', '0', '0', '0', '0', '0', '0', '0', '0', '0', '0', '0', '0', '0', '0'),
('507074', '123900', '0', '1', '0', '1', '1', '', '0', '0', '-5245.57', '-493.205', '386.281', '4.04379', '120', '0', '0', '0', '0', '0', '0', '0', '0', '0', '0', '0', '0', '0', '0', '0'),
('507075', '123898', '0', '1', '0', '1', '1', '', '0', '0', '-5246.61', '-496.462', '386.244', '4.20448', '120', '0', '0', '0', '0', '0', '0', '0', '0', '0', '0', '0', '0', '0', '0', '0'),
('507076', '123917', '0', '1', '0', '1', '1', '', '0', '0', '-5248.96', '-493.189', '386.211', '3.33581', '120', '0', '0', '0', '0', '0', '0', '0', '0', '0', '0', '0', '0', '0', '0', '0'),
('507077', '123952', '0', '1', '0', '1', '1', '', '0', '0', '-5258.6', '-486.639', '386.661', '3.74465', '120', '0', '0', '0', '0', '0', '0', '0', '0', '0', '0', '0', '0', '0', '0', '0'),
('507078', '123957', '0', '1', '0', '1', '1', '', '0', '0', '-5259.79', '-482.703', '386.845', '0.0388161', '120', '0', '0', '0', '0', '0', '0', '0', '0', '0', '0', '0', '0', '0', '0', '0'),
('507079', '123928', '0', '1', '0', '1', '1', '', '0', '0', '-5257.57', '-482.911', '386.665', '4.04379', '120', '0', '0', '0', '0', '0', '0', '0', '0', '0', '0', '0', '0', '0', '0', '0'),
('507080', '124007', '0', '1', '0', '1', '1', '', '0', '0', '-5263.11', '-486.092', '387.039', '4.31724', '120', '0', '0', '0', '0', '0', '0', '0', '0', '0', '0', '0', '0', '0', '0', '0'),
('507081', '123972', '0', '1', '0', '1', '1', '', '0', '0', '-5252.03', '-487.538', '386.415', '3.37593', '120', '0', '0', '0', '0', '0', '0', '0', '0', '0', '0', '0', '0', '0', '0', '0'),
('507082', '123935', '0', '1', '0', '1', '1', '', '0', '0', '-5243.23', '-503.005', '386.486', '3.44447', '120', '0', '0', '0', '0', '0', '0', '0', '0', '0', '0', '0', '0', '0', '0', '0'),
('507083', '124023', '0', '1', '0', '1', '1', '', '0', '0', '-5236.33', '-516.545', '386.653', '3.22363', '120', '0', '0', '0', '0', '0', '0', '0', '0', '0', '0', '0', '0', '0', '0', '0'),
('507084', '123419', '0', '1', '0', '1', '1', '', '0', '0', '-5244.98', '-494.201', '386.34', '3.37593', '120', '0', '0', '0', '0', '0', '0', '0', '0', '0', '0', '0', '0', '0', '0', '0'),
('507085', '123959', '0', '1', '0', '1', '1', '', '0', '0', '-5235.19', '-520.967', '387.126', '3.33335', '120', '0', '0', '0', '0', '0', '0', '0', '0', '0', '0', '0', '0', '0', '0', '0'),
('507086', '123936', '0', '1', '0', '1', '1', '', '0', '0', '-5236.1', '-518.401', '386.735', '2.87352', '120', '0', '0', '0', '0', '0', '0', '0', '0', '0', '0', '0', '0', '0', '0', '0'),
('507087', '124740', '0', '1', '0', '1', '1', '', '0', '0', '-5238.47', '-510.908', '386.523', '2.2561', '120', '0', '0', '0', '0', '0', '0', '0', '0', '0', '0', '0', '0', '0', '0', '0'),
('507088', '123891', '0', '1', '0', '1', '1', '', '0', '0', '-5235.28', '-514.984', '386.686', '3.32767', '120', '0', '0', '0', '0', '0', '0', '0', '0', '0', '0', '0', '0', '0', '0', '0'),
('507089', '123412', '0', '1', '0', '1', '1', '', '0', '0', '-5089.15', '-741.642', '470.874', '3.09454', '120', '0', '0', '0', '0', '0', '0', '0', '0', '0', '0', '0', '0', '0', '0', '0'),
('507091', '123412', '0', '1', '809', '1', '1', '', '0', '0', '-4983.55', '-891.911', '498.125', '4.53909', '120', '0', '0', '0', '0', '0', '0', '0', '0', '0', '0', '0', '0', '0', '0', '0'),
('507092', '124740', '0', '1', '809', '1', '1', '', '0', '0', '-5025.12', '-829.955', '499.17', '2.2561', '120', '0', '0', '0', '0', '0', '0', '0', '0', '0', '0', '0', '0', '0', '0', '0'),
('507093', '123923', '0', '1', '809', '1', '1', '', '0', '0', '-5019.22', '-845.585', '497.177', '1.75135', '120', '0', '0', '0', '0', '0', '0', '0', '0', '0', '0', '0', '0', '0', '0', '0'),
('507094', '123930', '0', '1', '809', '1', '1', '', '0', '0', '-5007.5', '-842.217', '498.411', '2.83051', '120', '0', '0', '0', '0', '0', '0', '0', '0', '0', '0', '0', '0', '0', '0', '0'),
('507095', '123956', '0', '1', '809', '1', '1', '', '0', '0', '-5017.28', '-850.616', '499.513', '1.639', '120', '0', '0', '0', '0', '0', '0', '0', '0', '0', '0', '0', '0', '0', '0', '0'),
('507096', '123979', '0', '1', '809', '1', '1', '', '0', '0', '-5015.32', '-849.807', '497.874', '1.37689', '120', '0', '0', '0', '0', '0', '0', '0', '0', '0', '0', '0', '0', '0', '0', '0'),
('507097', '123967', '0', '1', '809', '1', '1', '', '0', '0', '-5005.96', '-844.717', '498.274', '3.36754', '120', '0', '0', '0', '0', '0', '0', '0', '0', '0', '0', '0', '0', '0', '0', '0'),
('507098', '123925', '0', '1', '809', '1', '1', '', '0', '0', '-5014.82', '-851.116', '497.763', '1.46694', '120', '0', '0', '0', '0', '0', '0', '0', '0', '0', '0', '0', '0', '0', '0', '0'),
('507099', '123916', '0', '1', '809', '1', '1', '', '0', '0', '-5010.97', '-838.064', '497.079', '2.58924', '120', '0', '0', '0', '0', '0', '0', '0', '0', '0', '0', '0', '0', '0', '0', '0'),
('507100', '123972', '0', '1', '809', '1', '1', '', '0', '0', '-5016.21', '-848.587', '497.846', '1.63551', '120', '0', '0', '0', '0', '0', '0', '0', '0', '0', '0', '0', '0', '0', '0', '0'),
('507101', '123924', '0', '1', '809', '1', '1', '', '0', '0', '-5008.6', '-839.941', '498.216', '2.79639', '120', '0', '0', '0', '0', '0', '0', '0', '0', '0', '0', '0', '0', '0', '0', '0'),
('507102', '123950', '0', '1', '809', '1', '1', '', '0', '0', '-5010.19', '-840.214', '497.162', '2.48716', '120', '0', '0', '0', '0', '0', '0', '0', '0', '0', '0', '0', '0', '0', '0', '0'),
('507103', '123912', '0', '1', '809', '1', '1', '', '0', '0', '-5013.06', '-852.688', '497.425', '1.64265', '120', '0', '0', '0', '0', '0', '0', '0', '0', '0', '0', '0', '0', '0', '0', '0'),
('507104', '123968', '0', '1', '809', '1', '1', '', '0', '0', '-5002.43', '-848.859', '497.74', '3.06995', '120', '0', '0', '0', '0', '0', '0', '0', '0', '0', '0', '0', '0', '0', '0', '0'),
('507105', '124017', '0', '1', '809', '1', '1', '', '0', '0', '-4998.16', '-846.488', '501.743', '2.76752', '120', '0', '0', '0', '0', '0', '0', '0', '0', '0', '0', '0', '0', '0', '0', '0'),
('507106', '123419', '0', '1', '809', '1', '1', '', '0', '0', '-5017.42', '-847.283', '497.669', '1.8681', '120', '0', '0', '0', '0', '0', '0', '0', '0', '0', '0', '0', '0', '0', '0', '0'),
('507107', '123925', '0', '1', '809', '1', '1', '', '0', '0', '-5010.89', '-839.021', '497.1', '2.69526', '120', '0', '0', '0', '0', '0', '0', '0', '0', '0', '0', '0', '0', '0', '0', '0'),
('507108', '123927', '0', '1', '809', '1', '1', '', '0', '0', '-5004.51', '-846.807', '498.166', '3.06995', '120', '0', '0', '0', '0', '0', '0', '0', '0', '0', '0', '0', '0', '0', '0', '0'),
('507109', '123948', '0', '1', '809', '1', '1', '', '0', '0', '-5008.07', '-843.778', '497.742', '3.50688', '120', '0', '0', '0', '0', '0', '0', '0', '0', '0', '0', '0', '0', '0', '0', '0'),
('507110', '123920', '0', '1', '809', '1', '1', '', '0', '0', '-5009.29', '-841.701', '497.409', '2.82254', '120', '0', '0', '0', '0', '0', '0', '0', '0', '0', '0', '0', '0', '0', '0', '0'),
('507111', '123957', '0', '1', '809', '1', '1', '', '0', '0', '-5008.79', '-858.642', '498.09', '1.4309', '120', '0', '0', '0', '0', '0', '0', '0', '0', '0', '0', '0', '0', '0', '0', '0'),
('507112', '123905', '0', '1', '809', '1', '1', '', '0', '0', '-4999.54', '-868.743', '497.884', '1.4626', '120', '0', '0', '0', '0', '0', '0', '0', '0', '0', '0', '0', '0', '0', '0', '0'),
('507113', '123910', '0', '1', '809', '1', '1', '', '0', '0', '-4997.96', '-854.179', '497.511', '3.41761', '120', '0', '0', '0', '0', '0', '0', '0', '0', '0', '0', '0', '0', '0', '0', '0'),
('507114', '124740', '0', '1', '809', '1', '1', '', '0', '0', '-5005.31', '-853.238', '497.666', '2.2561', '120', '0', '0', '0', '0', '0', '0', '0', '0', '0', '0', '0', '0', '0', '0', '0'),
('507115', '123951', '0', '1', '809', '1', '1', '', '0', '0', '-4986.45', '-868.05', '497.578', '3.06995', '120', '0', '0', '0', '0', '0', '0', '0', '0', '0', '0', '0', '0', '0', '0', '0'),
('507116', '123914', '0', '1', '809', '1', '1', '', '0', '0', '-4990.82', '-863.276', '498.138', '3.06995', '120', '0', '0', '0', '0', '0', '0', '0', '0', '0', '0', '0', '0', '0', '0', '0'),
('507117', '123928', '0', '1', '809', '1', '1', '', '0', '0', '-4992.73', '-860.137', '498.464', '3.06995', '120', '0', '0', '0', '0', '0', '0', '0', '0', '0', '0', '0', '0', '0', '0', '0'),
('507118', '123897', '0', '1', '809', '1', '1', '', '0', '0', '-5000.99', '-866.764', '497.793', '2.03495', '120', '0', '0', '0', '0', '0', '0', '0', '0', '0', '0', '0', '0', '0', '0', '0'),
('507119', '123910', '0', '1', '809', '1', '1', '', '0', '0', '-5005.77', '-861.375', '497.749', '1.63551', '120', '0', '0', '0', '0', '0', '0', '0', '0', '0', '0', '0', '0', '0', '0', '0'),
('507120', '123973', '0', '1', '809', '1', '1', '', '0', '0', '-5000.02', '-851.481', '497.956', '3.06995', '120', '0', '0', '0', '0', '0', '0', '0', '0', '0', '0', '0', '0', '0', '0', '0'),
('507121', '123916', '0', '1', '809', '1', '1', '', '0', '0', '-5004.19', '-863.698', '497.591', '1.55432', '120', '0', '0', '0', '0', '0', '0', '0', '0', '0', '0', '0', '0', '0', '0', '0'),
('507122', '123978', '0', '1', '809', '1', '1', '', '0', '0', '-4995.15', '-873.221', '497.194', '1.63454', '120', '0', '0', '0', '0', '0', '0', '0', '0', '0', '0', '0', '0', '0', '0', '0'),
('507123', '123961', '0', '1', '809', '1', '1', '', '0', '0', '-5010.73', '-855.778', '497.717', '1.64265', '120', '0', '0', '0', '0', '0', '0', '0', '0', '0', '0', '0', '0', '0', '0', '0'),
('507124', '123926', '0', '1', '809', '1', '1', '', '0', '0', '-5002.42', '-865.731', '497.894', '1.18344', '120', '0', '0', '0', '0', '0', '0', '0', '0', '0', '0', '0', '0', '0', '0', '0'),
('507125', '123932', '0', '1', '809', '1', '1', '', '0', '0', '-4996.42', '-855.899', '497.794', '3.96768', '120', '0', '0', '0', '0', '0', '0', '0', '0', '0', '0', '0', '0', '0', '0', '0'),
('507126', '123959', '0', '1', '809', '1', '1', '', '0', '0', '-5009.55', '-856.613', '497.951', '1.64265', '120', '0', '0', '0', '0', '0', '0', '0', '0', '0', '0', '0', '0', '0', '0', '0'),
('507127', '123943', '0', '1', '809', '1', '1', '', '0', '0', '-4988.65', '-865.488', '497.892', '3.06995', '120', '0', '0', '0', '0', '0', '0', '0', '0', '0', '0', '0', '0', '0', '0', '0'),
('507128', '123920', '0', '1', '809', '1', '1', '', '0', '0', '-5006.98', '-860.071', '497.896', '1.8681', '120', '0', '0', '0', '0', '0', '0', '0', '0', '0', '0', '0', '0', '0', '0', '0'),
('507129', '123924', '0', '1', '809', '1', '1', '', '0', '0', '-4997.56', '-870.653', '497.8', '1.16227', '120', '0', '0', '0', '0', '0', '0', '0', '0', '0', '0', '0', '0', '0', '0', '0'),
('507130', '123926', '0', '1', '809', '1', '1', '', '0', '0', '-4998.52', '-853.332', '497.513', '3.39446', '120', '0', '0', '0', '0', '0', '0', '0', '0', '0', '0', '0', '0', '0', '0', '0'),
('507131', '123953', '0', '1', '809', '1', '1', '', '0', '0', '-5004.91', '-863.106', '497.611', '0.311705', '120', '0', '0', '0', '0', '0', '0', '0', '0', '0', '0', '0', '0', '0', '0', '0'),
('507132', '123942', '0', '1', '809', '1', '1', '', '0', '0', '-5007.63', '-859.189', '497.901', '1.18496', '120', '0', '0', '0', '0', '0', '0', '0', '0', '0', '0', '0', '0', '0', '0', '0'),
('507133', '123947', '0', '1', '809', '1', '1', '', '0', '0', '-4991.28', '-861.896', '498.604', '2.68883', '120', '0', '0', '0', '0', '0', '0', '0', '0', '0', '0', '0', '0', '0', '0', '0'),
('507134', '123963', '0', '1', '809', '1', '1', '', '0', '0', '-4995.1', '-857.43', '498.079', '3.06995', '120', '0', '0', '0', '0', '0', '0', '0', '0', '0', '0', '0', '0', '0', '0', '0'),
('507135', '124047', '0', '1', '809', '1', '1', '', '0', '0', '-5008.69', '-856.986', '497.813', '1.64265', '120', '0', '0', '0', '0', '0', '0', '0', '0', '0', '0', '0', '0', '0', '0', '0'),
('507136', '124740', '0', '1', '809', '1', '1', '', '0', '0', '-4988.14', '-873.922', '498.099', '2.2561', '120', '0', '0', '0', '0', '0', '0', '0', '0', '0', '0', '0', '0', '0', '0', '0'),
('507137', '123971', '0', '1', '809', '1', '1', '', '0', '0', '-4992.26', '-878.3', '497.481', '1.63454', '120', '0', '0', '0', '0', '0', '0', '0', '0', '0', '0', '0', '0', '0', '0', '0'),
('507138', '123965', '0', '1', '809', '1', '1', '', '0', '0', '-4983.18', '-875.922', '499.201', '2.29297', '120', '0', '0', '0', '0', '0', '0', '0', '0', '0', '0', '0', '0', '0', '0', '0'),
('507139', '123913', '0', '1', '809', '1', '1', '', '0', '0', '-4985.88', '-881.305', '501.034', '1.99445', '120', '0', '0', '0', '0', '0', '0', '0', '0', '0', '0', '0', '0', '0', '0', '0'),
('507140', '123922', '0', '1', '809', '1', '1', '', '0', '0', '-4979.4', '-873.74', '501.743', '2.83425', '120', '0', '0', '0', '0', '0', '0', '0', '0', '0', '0', '0', '0', '0', '0', '0'),
('507141', '123915', '0', '1', '809', '1', '1', '', '0', '0', '-4988.57', '-878.951', '498.382', '1.73497', '120', '0', '0', '0', '0', '0', '0', '0', '0', '0', '0', '0', '0', '0', '0', '0'),
('507142', '123955', '0', '1', '809', '1', '1', '', '0', '0', '-4983.23', '-874.774', '498.51', '2.13603', '120', '0', '0', '0', '0', '0', '0', '0', '0', '0', '0', '0', '0', '0', '0', '0'),
('507143', '123977', '0', '1', '809', '1', '1', '', '0', '0', '-4987.14', '-882.248', '501.857', '1.69895', '120', '0', '0', '0', '0', '0', '0', '0', '0', '0', '0', '0', '0', '0', '0', '0'),
('507144', '123917', '0', '1', '809', '1', '1', '', '0', '0', '-4983.3', '-871.167', '497.638', '2.68883', '120', '0', '0', '0', '0', '0', '0', '0', '0', '0', '0', '0', '0', '0', '0', '0'),
('507145', '123908', '0', '1', '809', '1', '1', '', '0', '0', '-4980.24', '-877.087', '501.857', '2.31526', '120', '0', '0', '0', '0', '0', '0', '0', '0', '0', '0', '0', '0', '0', '0', '0'),
('507146', '124054', '0', '1537', '0', '1', '1', '', '0', '0', '-4983.34', '-951.875', '501.743', '2.8744', '120', '0', '0', '0', '0', '0', '0', '0', '0', '0', '0', '0', '0', '0', '0', '0'),
('507147', '123992', '0', '1537', '0', '1', '1', '', '0', '0', '-4983.1', '-953.741', '501.743', '2.81211', '120', '0', '0', '0', '0', '0', '0', '0', '0', '0', '0', '0', '0', '0', '0', '0'),
('507148', '123899', '0', '1537', '0', '1', '1', '', '0', '0', '-4983.29', '-956.391', '501.743', '2.7705', '120', '0', '0', '0', '0', '0', '0', '0', '0', '0', '0', '0', '0', '0', '0', '0'),
('507149', '124008', '0', '1537', '0', '1', '1', '', '0', '0', '-4983.24', '-959.198', '501.743', '2.35581', '120', '0', '0', '0', '0', '0', '0', '0', '0', '0', '0', '0', '0', '0', '0', '0'),
('507150', '124740', '0', '1537', '0', '1', '1', '', '0', '0', '-4984.58', '-965.273', '502.521', '2.2561', '120', '0', '0', '0', '0', '0', '0', '0', '0', '0', '0', '0', '0', '0', '0', '0'),
('507151', '124061', '0', '1537', '0', '1', '1', '', '0', '0', '-4984.82', '-967.618', '501.743', '2.14614', '120', '0', '0', '0', '0', '0', '0', '0', '0', '0', '0', '0', '0', '0', '0', '0'),
('507152', '123904', '0', '1537', '0', '1', '1', '', '0', '0', '-4985.5', '-970.358', '501.743', '2.16615', '120', '0', '0', '0', '0', '0', '0', '0', '0', '0', '0', '0', '0', '0', '0', '0'),
('507153', '124059', '0', '1537', '0', '1', '1', '', '0', '0', '-4984.96', '-968.993', '501.743', '2.30491', '120', '0', '0', '0', '0', '0', '0', '0', '0', '0', '0', '0', '0', '0', '0', '0'),
('507154', '124049', '0', '1537', '0', '1', '1', '', '0', '0', '-4986.05', '-972.696', '501.743', '2.16253', '120', '0', '0', '0', '0', '0', '0', '0', '0', '0', '0', '0', '0', '0', '0', '0'),
('507160', '124220', '0', '1537', '5719', '1', '1', '', '0', '0', '-4976.19', '-1190.28', '501.747', '1.8385', '120', '0', '0', '0', '0', '0', '0', '0', '0', '0', '0', '0', '0', '0', '0', '0'),
('507161', '123933', '0', '1537', '5719', '1', '1', '', '0', '0', '-4966.06', '-1185.77', '501.743', '2.89455', '120', '0', '0', '0', '0', '0', '0', '0', '0', '0', '0', '0', '0', '0', '0', '0'),
('507162', '124119', '0', '1537', '5719', '1', '1', '', '0', '0', '-4966.44', '-1183.9', '501.743', '2.89455', '120', '0', '0', '0', '0', '0', '0', '0', '0', '0', '0', '0', '0', '0', '0', '0'),
('507163', '123891', '0', '1537', '5719', '1', '1', '', '0', '0', '-4967.11', '-1180.34', '501.743', '3.09075', '120', '0', '0', '0', '0', '0', '0', '0', '0', '0', '0', '0', '0', '0', '0', '0'),
('507164', '124131', '0', '1537', '5719', '1', '1', '', '0', '0', '-4967.21', '-1182.09', '501.743', '3.09075', '120', '0', '0', '0', '0', '0', '0', '0', '0', '0', '0', '0', '0', '0', '0', '0'),
('507165', '124233', '0', '1537', '5719', '1', '1', '', '0', '0', '-4977.78', '-1189.66', '501.748', '2.10337', '120', '0', '0', '0', '0', '0', '0', '0', '0', '0', '0', '0', '0', '0', '0', '0'),
('507166', '124215', '0', '1537', '5719', '1', '1', '', '0', '0', '-4967.16', '-1179.51', '501.743', '2.64045', '120', '0', '0', '0', '0', '0', '0', '0', '0', '0', '0', '0', '0', '0', '0', '0'),
('507167', '124740', '0', '1537', '5719', '1', '1', '', '0', '0', '-4974.6', '-1184.17', '497.604', '2.29608', '120', '0', '0', '0', '0', '0', '0', '0', '0', '0', '0', '0', '0', '0', '0', '0'),
('507168', '124144', '0', '1537', '5719', '1', '1', '', '0', '0', '-4966.72', '-1183.09', '501.743', '3.09075', '120', '0', '0', '0', '0', '0', '0', '0', '0', '0', '0', '0', '0', '0', '0', '0'),
('507169', '124008', '0', '1537', '5719', '1', '1', '', '0', '0', '-4974.78', '-1190.92', '501.746', '1.41767', '120', '0', '0', '0', '0', '0', '0', '0', '0', '0', '0', '0', '0', '0', '0', '0'),
('507170', '124148', '0', '1537', '5719', '1', '1', '', '0', '0', '-4973.5', '-1191.52', '501.746', '1.99957', '120', '0', '0', '0', '0', '0', '0', '0', '0', '0', '0', '0', '0', '0', '0', '0'),
('507171', '123419', '0', '1537', '5719', '1', '1', '', '0', '0', '-4979.86', '-1198.48', '507.376', '2.1919', '120', '0', '0', '0', '0', '0', '0', '0', '0', '0', '0', '0', '0', '0', '0', '0'),
('507172', '123914', '0', '1537', '5719', '1', '1', '', '0', '0', '-4969.94', '-1193.22', '501.743', '2.3815', '120', '0', '0', '0', '0', '0', '0', '0', '0', '0', '0', '0', '0', '0', '0', '0'),
('507173', '123900', '0', '1537', '5719', '1', '1', '', '0', '0', '-4971.78', '-1192.21', '501.746', '1.6488', '120', '0', '0', '0', '0', '0', '0', '0', '0', '0', '0', '0', '0', '0', '0', '0'),
('507174', '123412', '0', '1537', '5719', '1', '1', '', '0', '0', '-4914.12', '-1245.9', '497.541', '5.81768', '120', '0', '0', '0', '0', '0', '0', '0', '0', '0', '0', '0', '0', '0', '0', '0'),
('507175', '123412', '0', '1537', '5719', '1', '1', '', '0', '0', '-4833.91', '-1285.71', '497.583', '4.55648', '120', '0', '0', '0', '0', '0', '0', '0', '0', '0', '0', '0', '0', '0', '0', '0'),
('507176', '124057', '0', '1537', '5343', '1', '1', '', '0', '0', '-4911.02', '-1242.97', '501.951', '2.95696', '120', '0', '0', '0', '0', '0', '0', '0', '0', '0', '0', '0', '0', '0', '0', '0'),
('507177', '123908', '0', '1537', '5343', '1', '1', '', '0', '0', '-4914.77', '-1249.67', '501.951', '2.52781', '120', '0', '0', '0', '0', '0', '0', '0', '0', '0', '0', '0', '0', '0', '0', '0'),
('507178', '124064', '0', '1537', '5343', '1', '1', '', '0', '0', '-4909.92', '-1243.86', '501.951', '2.95696', '120', '0', '0', '0', '0', '0', '0', '0', '0', '0', '0', '0', '0', '0', '0', '0'),
('507179', '124193', '0', '1537', '5343', '1', '1', '', '0', '0', '-4827.27', '-1273.88', '501.951', '3.55353', '120', '0', '0', '0', '0', '0', '0', '0', '0', '0', '0', '0', '0', '0', '0', '0'),
('507180', '124121', '0', '1537', '5343', '1', '1', '', '0', '0', '-4835.38', '-1262.05', '501.951', '3.65864', '120', '0', '0', '0', '0', '0', '0', '0', '0', '0', '0', '0', '0', '0', '0', '0'),
('507181', '123959', '0', '1537', '5343', '1', '1', '', '0', '0', '-4841.48', '-1283.36', '501.951', '1.92981', '120', '0', '0', '0', '0', '0', '0', '0', '0', '0', '0', '0', '0', '0', '0', '0'),
('507182', '123938', '0', '1537', '5343', '1', '1', '', '0', '0', '-4827.38', '-1268.97', '501.951', '3.55353', '120', '0', '0', '0', '0', '0', '0', '0', '0', '0', '0', '0', '0', '0', '0', '0'),
('507183', '124005', '0', '1537', '5343', '1', '1', '', '0', '0', '-4831.95', '-1264.91', '501.951', '3.55353', '120', '0', '0', '0', '0', '0', '0', '0', '0', '0', '0', '0', '0', '0', '0', '0'),
('507184', '124010', '0', '1537', '5343', '1', '1', '', '0', '0', '-4828.04', '-1272', '501.951', '3.20952', '120', '0', '0', '0', '0', '0', '0', '0', '0', '0', '0', '0', '0', '0', '0', '0'),
('507185', '124740', '0', '1537', '5343', '1', '1', '', '0', '0', '-4834.34', '-1278.53', '502.988', '2.2561', '120', '0', '0', '0', '0', '0', '0', '0', '0', '0', '0', '0', '0', '0', '0', '0'),
('507186', '123973', '0', '1537', '5343', '1', '1', '', '0', '0', '-4827.64', '-1274.82', '501.951', '2.59781', '120', '0', '0', '0', '0', '0', '0', '0', '0', '0', '0', '0', '0', '0', '0', '0'),
('507187', '124246', '0', '1537', '5343', '1', '1', '', '0', '0', '-4827.68', '-1280.24', '501.951', '3.01024', '120', '0', '0', '0', '0', '0', '0', '0', '0', '0', '0', '0', '0', '0', '0', '0'),
('507188', '123913', '0', '1537', '5343', '1', '1', '', '0', '0', '-4827.72', '-1281.48', '501.951', '2.53131', '120', '0', '0', '0', '0', '0', '0', '0', '0', '0', '0', '0', '0', '0', '0', '0'),
('507189', '123602', '0', '1537', '5343', '1', '1', '', '0', '0', '-4827.49', '-1283.42', '501.951', '2.64114', '120', '0', '0', '0', '0', '0', '0', '0', '0', '0', '0', '0', '0', '0', '0', '0'),
('507190', '124011', '369', '2257', '2257', '3', '1', '', '0', '0', '29.4051', '3.92999', '-4.21402', '0.704491', '7200', '0', '0', '0', '0', '0', '0', '0', '0', '0', '0', '0', '0', '0', '0', '0'),
('507191', '123983', '369', '2257', '2257', '3', '1', '', '0', '0', '21.0525', '15.8524', '-2.85583', '5.58125', '7200', '0', '0', '0', '0', '0', '0', '0', '0', '0', '0', '0', '0', '0', '0', '0'),
('507192', '123412', '369', '2257', '2257', '3', '1', '', '0', '0', '28.2326', '9.71316', '-7.75985', '0.0498192', '7200', '0', '0', '0', '0', '0', '0', '0', '0', '0', '0', '0', '0', '0', '0', '0'),
('507193', '123932', '369', '2257', '2257', '3', '1', '', '0', '0', '-24.5839', '-0.405009', '-4.21404', '3.07', '7200', '0', '0', '0', '0', '0', '0', '0', '0', '0', '0', '0', '0', '0', '0', '0'),
('507194', '124138', '369', '2257', '2257', '3', '1', '', '0', '0', '-24.6367', '-1.11498', '-4.21404', '2.81893', '7200', '0', '0', '0', '0', '0', '0', '0', '0', '0', '0', '0', '0', '0', '0', '0'),
('507195', '125000', '369', '2257', '2257', '3', '1', '', '0', '0', '-24.9627', '8.87143', '-4.21404', '6.14614', '7200', '0', '0', '0', '0', '0', '0', '0', '0', '0', '0', '0', '0', '0', '0', '0'),
('507196', '123988', '369', '2257', '2257', '3', '1', '', '0', '0', '-25.2274', '11.1044', '-4.21403', '0.400111', '7200', '0', '0', '0', '0', '0', '0', '0', '0', '0', '0', '0', '0', '0', '0', '0'),
('507197', '124014', '369', '2257', '2257', '3', '1', '', '0', '0', '-26.0555', '1.70203', '-4.21404', '3.99206', '7200', '0', '0', '0', '0', '0', '0', '0', '0', '0', '0', '0', '0', '0', '0', '0'),
('507198', '124123', '369', '2257', '2257', '3', '1', '', '0', '0', '-26.8805', '7.67249', '-4.21404', '5.04528', '7200', '0', '0', '0', '0', '0', '0', '0', '0', '0', '0', '0', '0', '0', '0', '0'),
('507199', '124151', '369', '2257', '2257', '3', '1', '', '0', '0', '-25.6468', '-3.27981', '-4.21404', '2.0779', '7200', '0', '0', '0', '0', '0', '0', '0', '0', '0', '0', '0', '0', '0', '0', '0'),
('507200', '124200', '369', '2257', '2257', '3', '1', '', '0', '0', '-28.2742', '1.75386', '-4.21404', '5.17078', '7200', '0', '0', '0', '0', '0', '0', '0', '0', '0', '0', '0', '0', '0', '0', '0'),
('507201', '124146', '369', '2257', '2257', '3', '1', '', '0', '0', '-28.2545', '-2.21921', '-4.21404', '2.09768', '7200', '0', '0', '0', '0', '0', '0', '0', '0', '0', '0', '0', '0', '0', '0', '0'),
('507202', '124147', '369', '2257', '2257', '3', '1', '', '0', '0', '-28.451', '10.9808', '-4.21403', '3.27503', '7200', '0', '0', '0', '0', '0', '0', '0', '0', '0', '0', '0', '0', '0', '0', '0'),
('507203', '123903', '369', '2257', '2257', '3', '1', '', '0', '0', '-27.5684', '-0.698485', '-4.21404', '0.561386', '7200', '0', '0', '0', '0', '0', '0', '0', '0', '0', '0', '0', '0', '0', '0', '0'),
('507204', '123971', '369', '2257', '2257', '3', '1', '', '0', '0', '-29.3379', '0.666897', '-4.21404', '5.86305', '7200', '0', '0', '0', '0', '0', '0', '0', '0', '0', '0', '0', '0', '0', '0', '0'),
('507205', '124740', '369', '2257', '2257', '3', '1', '', '0', '0', '-27.958', '-0.710409', '-4.21404', '0', '7200', '0', '0', '0', '0', '0', '0', '0', '0', '0', '0', '0', '0', '0', '0', '0'),
('507206', '124057', '369', '2257', '2257', '3', '1', '', '0', '0', '-28.2789', '9.68754', '-4.21404', '3.70283', '7200', '0', '0', '0', '0', '0', '0', '0', '0', '0', '0', '0', '0', '0', '0', '0'),
('507207', '123980', '369', '2257', '2257', '3', '1', '', '0', '0', '-29.9724', '-2.73279', '-4.21347', '0.714912', '7200', '0', '0', '0', '0', '0', '0', '0', '0', '0', '0', '0', '0', '0', '0', '0'),
('507208', '124061', '369', '2257', '2257', '3', '1', '', '0', '0', '-30.1716', '-0.724308', '-4.21355', '0.197798', '7200', '0', '0', '0', '0', '0', '0', '0', '0', '0', '0', '0', '0', '0', '0', '0'),
('507209', '123412', '369', '2257', '2257', '3', '1', '', '0', '0', '29.913', '2489.88', '-7.63912', '0.0498192', '7200', '0', '0', '0', '0', '0', '0', '0', '0', '0', '0', '0', '0', '0', '0', '0'),
('507210', '123956', '369', '2257', '2257', '3', '1', '', '0', '0', '22.8001', '2490.11', '-4.2098', '3.03559', '7200', '0', '0', '0', '0', '0', '0', '0', '0', '0', '0', '0', '0', '0', '0', '0'),
('507211', '123912', '369', '2257', '2257', '3', '1', '', '0', '0', '28.2937', '2484.39', '-4.21385', '2.5883', '7200', '0', '0', '0', '0', '0', '0', '0', '0', '0', '0', '0', '0', '0', '0', '0'),
('507212', '123990', '369', '2257', '2257', '3', '1', '', '0', '0', '39.221', '2495.59', '-4.21372', '3.50211', '7200', '0', '0', '0', '0', '0', '0', '0', '0', '0', '0', '0', '0', '0', '0', '0'),
('507213', '124054', '369', '2257', '2257', '3', '1', '', '0', '0', '40.4215', '2485.47', '-4.21376', '2.93305', '7200', '0', '0', '0', '0', '0', '0', '0', '0', '0', '0', '0', '0', '0', '0', '0'),
('507214', '123412', '0', '1519', '5150', '1', '1', '', '0', '0', '-8425.85', '568.337', '89.5898', '6.20753', '120', '0', '0', '0', '0', '0', '0', '0', '0', '0', '0', '0', '0', '0', '0', '0'),
('507215', '124006', '0', '1519', '5150', '1', '1', '', '0', '0', '-8454.48', '586.847', '94.6927', '5.41995', '120', '0', '0', '0', '0', '0', '0', '0', '0', '0', '0', '0', '0', '0', '0', '0'),
('507216', '123988', '0', '1519', '5150', '1', '1', '', '0', '0', '-8440.12', '586.122', '94.37', '4.92647', '120', '0', '0', '0', '0', '0', '0', '0', '0', '0', '0', '0', '0', '0', '0', '0'),
('507217', '123991', '0', '1519', '5150', '1', '1', '', '0', '0', '-8448.81', '587.245', '94.6605', '4.68239', '120', '0', '0', '0', '0', '0', '0', '0', '0', '0', '0', '0', '0', '0', '0', '0'),
('507218', '124013', '0', '1519', '5150', '1', '1', '', '0', '0', '-8445.12', '587.33', '94.5659', '4.7953', '120', '0', '0', '0', '0', '0', '0', '0', '0', '0', '0', '0', '0', '0', '0', '0'),
('507219', '124740', '0', '1519', '5150', '1', '1', '', '0', '0', '-8446.93', '585.865', '94.88', '0', '120', '0', '0', '0', '0', '0', '0', '0', '0', '0', '0', '0', '0', '0', '0', '0'),
('507220', '123987', '0', '1519', '5150', '1', '1', '', '0', '0', '-8543.49', '499.748', '98.8679', '1.29793', '120', '0', '0', '0', '0', '0', '0', '0', '0', '0', '0', '0', '0', '0', '0', '0'),
('507221', '123999', '0', '1519', '5150', '1', '1', '', '0', '0', '-8540.14', '499.948', '98.9612', '1.16779', '120', '0', '0', '0', '0', '0', '0', '0', '0', '0', '0', '0', '0', '0', '0', '0'),
('507222', '123974', '0', '1519', '5150', '1', '1', '', '0', '0', '-8572.42', '543.743', '101.872', '4.82624', '120', '0', '0', '0', '0', '0', '0', '0', '0', '0', '0', '0', '0', '0', '0', '0'),
('507223', '124081', '0', '1519', '5150', '1', '1', '', '0', '0', '-8546.96', '499.549', '98.893', '0.97643', '120', '0', '0', '0', '0', '0', '0', '0', '0', '0', '0', '0', '0', '0', '0', '0'),
('507224', '124048', '0', '1519', '5150', '1', '1', '', '0', '0', '-8577.23', '534.134', '102.124', '5.65771', '120', '0', '0', '0', '0', '0', '0', '0', '0', '0', '0', '0', '0', '0', '0', '0'),
('507225', '123981', '0', '1519', '5150', '1', '1', '', '0', '0', '-8577.99', '545.115', '102.221', '4.89469', '120', '0', '0', '0', '0', '0', '0', '0', '0', '0', '0', '0', '0', '0', '0', '0'),
('507226', '124080', '0', '1519', '5150', '1', '1', '', '0', '0', '-8545.98', '499.332', '98.9797', '0.935908', '120', '0', '0', '0', '0', '0', '0', '0', '0', '0', '0', '0', '0', '0', '0', '0'),
('507227', '123912', '0', '1519', '5150', '1', '1', '', '0', '0', '-8583.21', '544.924', '101.931', '5.19566', '120', '0', '0', '0', '0', '0', '0', '0', '0', '0', '0', '0', '0', '0', '0', '0'),
('507228', '123936', '0', '1519', '5150', '1', '1', '', '0', '0', '-8611.83', '510.851', '103.726', '1.07904', '120', '0', '0', '0', '0', '0', '0', '0', '0', '0', '0', '0', '0', '0', '0', '0'),
('507229', '124472', '0', '1519', '5150', '1', '1', '', '0', '0', '-8614.27', '510.903', '103.777', '1.07904', '120', '0', '0', '0', '0', '0', '0', '0', '0', '0', '0', '0', '0', '0', '0', '0'),
('507230', '124082', '0', '1519', '5150', '1', '1', '', '0', '0', '-8614.94', '511.655', '103.794', '1.07904', '120', '0', '0', '0', '0', '0', '0', '0', '0', '0', '0', '0', '0', '0', '0', '0'),
('507231', '123897', '0', '1519', '0', '1', '1', '', '0', '0', '-8714.74', '517.68', '97.1157', '0.814126', '120', '0', '0', '0', '0', '0', '0', '0', '0', '0', '0', '0', '0', '0', '0', '0'),
('507232', '123982', '0', '1519', '0', '1', '1', '', '0', '0', '-8711.23', '517.668', '97.5042', '1.0804', '120', '0', '0', '0', '0', '0', '0', '0', '0', '0', '0', '0', '0', '0', '0', '0'),
('507233', '123984', '0', '1519', '0', '1', '1', '', '0', '0', '-8717.77', '519.778', '97.2512', '0.569985', '120', '0', '0', '0', '0', '0', '0', '0', '0', '0', '0', '0', '0', '0', '0', '0'),
('507234', '123412', '0', '1519', '5149', '1', '1', '', '0', '0', '-8822.28', '615.802', '93.6264', '5.87166', '120', '0', '0', '0', '0', '0', '0', '0', '0', '0', '0', '0', '0', '0', '0', '0'),
('507235', '123965', '0', '1519', '5149', '1', '1', '', '0', '0', '-8733.19', '576.979', '97.5777', '4.10924', '120', '0', '0', '0', '0', '0', '0', '0', '0', '0', '0', '0', '0', '0', '0', '0'),
('507236', '123985', '0', '1519', '5149', '1', '1', '', '0', '0', '-8734.29', '579.747', '97.7294', '3.69959', '120', '0', '0', '0', '0', '0', '0', '0', '0', '0', '0', '0', '0', '0', '0', '0'),
('507237', '124740', '0', '1519', '5149', '1', '1', '', '0', '0', '-8735.3', '573.797', '98.2406', '0', '120', '0', '0', '0', '0', '0', '0', '0', '0', '0', '0', '0', '0', '0', '0', '0'),
('507238', '124061', '0', '1519', '5149', '1', '1', '', '0', '0', '-8732.8', '575.321', '97.4153', '3.97074', '120', '0', '0', '0', '0', '0', '0', '0', '0', '0', '0', '0', '0', '0', '0', '0'),
('507239', '123892', '0', '1519', '5149', '1', '1', '', '0', '0', '-8750.04', '564.34', '97.5245', '5.41548', '120', '0', '0', '0', '0', '0', '0', '0', '0', '0', '0', '0', '0', '0', '0', '0'),
('507240', '123989', '0', '1519', '5149', '1', '1', '', '0', '0', '-8751.02', '559.375', '97.526', '5.80937', '120', '0', '0', '0', '0', '0', '0', '0', '0', '0', '0', '0', '0', '0', '0', '0'),
('507241', '123938', '0', '1519', '5149', '1', '1', '', '0', '0', '-8732.57', '572.96', '97.3375', '3.46217', '120', '0', '0', '0', '0', '0', '0', '0', '0', '0', '0', '0', '0', '0', '0', '0'),
('507242', '123905', '0', '1519', '5149', '1', '1', '', '0', '0', '-8733.59', '571.097', '97.3635', '3.90484', '120', '0', '0', '0', '0', '0', '0', '0', '0', '0', '0', '0', '0', '0', '0', '0'),
('507243', '124017', '0', '1519', '5390', '1', '1', '', '0', '0', '-8789.72', '583.335', '100.589', '0.952684', '120', '0', '0', '0', '0', '0', '0', '0', '0', '0', '0', '0', '0', '0', '0', '0'),
('507244', '123419', '0', '1519', '5390', '1', '1', '', '0', '0', '-8790.33', '585.269', '97.8875', '1.04257', '120', '0', '0', '0', '0', '0', '0', '0', '0', '0', '0', '0', '0', '0', '0', '0'),
('507245', '123992', '0', '1519', '5390', '1', '1', '', '0', '0', '-8794.47', '585.182', '97.4843', '1.04257', '120', '0', '0', '0', '0', '0', '0', '0', '0', '0', '0', '0', '0', '0', '0', '0'),
('507246', '124080', '0', '1519', '5390', '1', '1', '', '0', '0', '-8792.28', '585.156', '97.7561', '0.978139', '120', '0', '0', '0', '0', '0', '0', '0', '0', '0', '0', '0', '0', '0', '0', '0'),
('507247', '123896', '0', '1519', '5390', '1', '1', '', '0', '0', '-8793.93', '583.163', '97.583', '1.1859', '120', '0', '0', '0', '0', '0', '0', '0', '0', '0', '0', '0', '0', '0', '0', '0'),
('507248', '123953', '0', '1519', '5390', '1', '1', '', '0', '0', '-8796.23', '586.036', '97.4562', '1.09706', '120', '0', '0', '0', '0', '0', '0', '0', '0', '0', '0', '0', '0', '0', '0', '0'),
('507249', '123933', '0', '1519', '5390', '1', '1', '', '0', '0', '-8796.33', '584.154', '97.2646', '0.941599', '120', '0', '0', '0', '0', '0', '0', '0', '0', '0', '0', '0', '0', '0', '0', '0'),
('507250', '124740', '0', '1519', '5390', '1', '1', '', '0', '0', '-8796.32', '587.314', '98.4382', '0', '120', '0', '0', '0', '0', '0', '0', '0', '0', '0', '0', '0', '0', '0', '0', '0'),
('507251', '123973', '0', '1519', '5390', '1', '1', '', '0', '0', '-8767.18', '611.358', '97.8204', '4.87493', '120', '0', '0', '0', '0', '0', '0', '0', '0', '0', '0', '0', '0', '0', '0', '0'),
('507252', '123930', '0', '1519', '5390', '1', '1', '', '0', '0', '-8796.21', '585.094', '97.3199', '0.652055', '120', '0', '0', '0', '0', '0', '0', '0', '0', '0', '0', '0', '0', '0', '0', '0'),
('507253', '123948', '0', '1519', '5390', '1', '1', '', '0', '0', '-8797.83', '587.042', '97.5064', '0.60332', '120', '0', '0', '0', '0', '0', '0', '0', '0', '0', '0', '0', '0', '0', '0', '0'),
('507254', '123958', '0', '1519', '5390', '1', '1', '', '0', '0', '-8771.75', '612.099', '97.9064', '5.35233', '120', '0', '0', '0', '0', '0', '0', '0', '0', '0', '0', '0', '0', '0', '0', '0'),
('507255', '124058', '0', '1519', '5390', '1', '1', '', '0', '0', '-8801.89', '589.596', '97.6402', '0.60332', '120', '0', '0', '0', '0', '0', '0', '0', '0', '0', '0', '0', '0', '0', '0', '0'),
('507256', '123924', '0', '1519', '5390', '1', '1', '', '0', '0', '-8801.55', '588.08', '97.3926', '6.03075', '120', '0', '0', '0', '0', '0', '0', '0', '0', '0', '0', '0', '0', '0', '0', '0'),
('507257', '124059', '0', '1519', '5390', '1', '1', '', '0', '0', '-8798.36', '587.602', '97.5552', '0.60332', '120', '0', '0', '0', '0', '0', '0', '0', '0', '0', '0', '0', '0', '0', '0', '0'),
('507258', '124092', '0', '1519', '5390', '1', '1', '', '0', '0', '-8799.05', '588.08', '97.5742', '0.671916', '120', '0', '0', '0', '0', '0', '0', '0', '0', '0', '0', '0', '0', '0', '0', '0'),
('507259', '123978', '0', '1519', '5390', '1', '1', '', '0', '0', '-8769.5', '612.401', '97.815', '5.09094', '120', '0', '0', '0', '0', '0', '0', '0', '0', '0', '0', '0', '0', '0', '0', '0'),
('507260', '123959', '0', '1519', '5390', '1', '1', '', '0', '0', '-8798.58', '585.976', '97.3642', '0.652055', '120', '0', '0', '0', '0', '0', '0', '0', '0', '0', '0', '0', '0', '0', '0', '0'),
('507261', '123962', '0', '1519', '5390', '1', '1', '', '0', '0', '-8799.77', '585.861', '97.2875', '0.652055', '120', '0', '0', '0', '0', '0', '0', '0', '0', '0', '0', '0', '0', '0', '0', '0'),
('507262', '124004', '0', '1519', '5390', '1', '1', '', '0', '0', '-8801.25', '587.326', '97.423', '0.730381', '120', '0', '0', '0', '0', '0', '0', '0', '0', '0', '0', '0', '0', '0', '0', '0'),
('507263', '124049', '0', '1519', '5390', '1', '1', '', '0', '0', '-8805.24', '591.627', '97.3012', '0.242048', '120', '0', '0', '0', '0', '0', '0', '0', '0', '0', '0', '0', '0', '0', '0', '0'),
('507264', '123966', '0', '1519', '5390', '1', '1', '', '0', '0', '-8804.08', '590.483', '97.4113', '0.871811', '120', '0', '0', '0', '0', '0', '0', '0', '0', '0', '0', '0', '0', '0', '0', '0'),
('507265', '124023', '0', '1519', '5390', '1', '1', '', '0', '0', '-8808.84', '591.536', '97.1892', '0.970087', '120', '0', '0', '0', '0', '0', '0', '0', '0', '0', '0', '0', '0', '0', '0', '0'),
('507266', '123972', '0', '1519', '5390', '1', '1', '', '0', '0', '-8804.78', '590.911', '97.4199', '0.578901', '120', '0', '0', '0', '0', '0', '0', '0', '0', '0', '0', '0', '0', '0', '0', '0'),
('507267', '123894', '0', '1519', '5390', '1', '1', '', '0', '0', '-8811.66', '596.085', '97.1892', '0.451624', '120', '0', '0', '0', '0', '0', '0', '0', '0', '0', '0', '0', '0', '0', '0', '0'),
('507268', '124740', '0', '1519', '5390', '1', '1', '', '0', '0', '-8808.16', '595.894', '98.1904', '0', '120', '0', '0', '0', '0', '0', '0', '0', '0', '0', '0', '0', '0', '0', '0', '0'),
('507269', '123915', '0', '1519', '5390', '1', '1', '', '0', '0', '-8809.06', '595.017', '97.315', '0.60332', '120', '0', '0', '0', '0', '0', '0', '0', '0', '0', '0', '0', '0', '0', '0', '0'),
('507270', '124050', '0', '1519', '5390', '1', '1', '', '0', '0', '-8810.09', '595.891', '97.2407', '0.472529', '120', '0', '0', '0', '0', '0', '0', '0', '0', '0', '0', '0', '0', '0', '0', '0'),
('507271', '123955', '0', '1519', '5390', '1', '1', '', '0', '0', '-8809.96', '592.712', '97.2656', '0.190668', '120', '0', '0', '0', '0', '0', '0', '0', '0', '0', '0', '0', '0', '0', '0', '0'),
('507272', '123898', '0', '1519', '5390', '1', '1', '', '0', '0', '-8809.78', '591.915', '97.1806', '0.510322', '120', '0', '0', '0', '0', '0', '0', '0', '0', '0', '0', '0', '0', '0', '0', '0'),
('507273', '123944', '0', '1519', '5390', '1', '1', '', '0', '0', '-8811.44', '597.135', '97.148', '0.132084', '120', '0', '0', '0', '0', '0', '0', '0', '0', '0', '0', '0', '0', '0', '0', '0'),
('507274', '123949', '0', '1519', '5390', '1', '1', '', '0', '0', '-8812.22', '597.932', '97.0556', '0.20308', '120', '0', '0', '0', '0', '0', '0', '0', '0', '0', '0', '0', '0', '0', '0', '0'),
('507275', '123970', '0', '1519', '5390', '1', '1', '', '0', '0', '-8808.35', '593.608', '97.2186', '0.60332', '120', '0', '0', '0', '0', '0', '0', '0', '0', '0', '0', '0', '0', '0', '0', '0'),
('507276', '124134', '0', '1519', '5390', '1', '1', '', '0', '0', '-8824', '625.222', '94.4288', '5.33885', '120', '0', '0', '0', '0', '0', '0', '0', '0', '0', '0', '0', '0', '0', '0', '0'),
('507277', '124143', '0', '1519', '5390', '1', '1', '', '0', '0', '-8835.32', '625.519', '94.1224', '5.71992', '120', '0', '0', '0', '0', '0', '0', '0', '0', '0', '0', '0', '0', '0', '0', '0'),
('507278', '124148', '0', '1519', '5390', '1', '1', '', '0', '0', '-8830.59', '626.484', '94.3172', '4.79653', '120', '0', '0', '0', '0', '0', '0', '0', '0', '0', '0', '0', '0', '0', '0', '0'),
('507279', '124740', '0', '1519', '5390', '1', '1', '', '0', '0', '-8832.04', '625.085', '95.1821', '0', '120', '0', '0', '0', '0', '0', '0', '0', '0', '0', '0', '0', '0', '0', '0', '0'),
('507280', '123983', '0', '1519', '5390', '1', '1', '', '0', '0', '-8840.12', '622.434', '93.5837', '4.88873', '120', '0', '0', '0', '0', '0', '0', '0', '0', '0', '0', '0', '0', '0', '0', '0'),
('507281', '123412', '0', '1519', '1617', '1', '1', '', '0', '0', '-9142.32', '376.083', '89.582', '0.714789', '120', '0', '0', '0', '0', '0', '0', '0', '0', '0', '0', '0', '0', '0', '0', '0'),
('507282', '124740', '0', '1519', '1617', '1', '1', '', '0', '0', '-9085.06', '401', '94.2903', '0', '120', '0', '0', '0', '0', '0', '0', '0', '0', '0', '0', '0', '0', '0', '0', '0'),
('507283', '124139', '0', '1519', '1617', '1', '1', '', '0', '0', '-9078.22', '402.333', '93.1841', '1.85968', '120', '0', '0', '0', '0', '0', '0', '0', '0', '0', '0', '0', '0', '0', '0', '0'),
('507284', '124129', '0', '1519', '1617', '1', '1', '', '0', '0', '-9077.43', '402.674', '93.2663', '2.20939', '120', '0', '0', '0', '0', '0', '0', '0', '0', '0', '0', '0', '0', '0', '0', '0'),
('507285', '124130', '0', '1519', '1617', '1', '1', '', '0', '0', '-9094.12', '429.625', '92.9958', '5.80363', '120', '0', '0', '0', '0', '0', '0', '0', '0', '0', '0', '0', '0', '0', '0', '0'),
('507286', '123968', '0', '1519', '1617', '1', '1', '', '0', '0', '-9099.37', '424.59', '92.6438', '0.227015', '120', '0', '0', '0', '0', '0', '0', '0', '0', '0', '0', '0', '0', '0', '0', '0'),
('507287', '123969', '0', '1519', '1617', '1', '1', '', '0', '0', '-9098.85', '425.648', '92.7297', '0.104528', '120', '0', '0', '0', '0', '0', '0', '0', '0', '0', '0', '0', '0', '0', '0', '0'),
('507288', '124123', '0', '1519', '1617', '1', '1', '', '0', '0', '-9081.41', '398.573', '93.6644', '1.46999', '120', '0', '0', '0', '0', '0', '0', '0', '0', '0', '0', '0', '0', '0', '0', '0'),
('507289', '124144', '0', '1519', '1617', '1', '1', '', '0', '0', '-9075.95', '405.604', '92.9364', '1.55477', '120', '0', '0', '0', '0', '0', '0', '0', '0', '0', '0', '0', '0', '0', '0', '0'),
('507290', '124133', '0', '1519', '1617', '1', '1', '', '0', '0', '-9095.51', '428.91', '92.9377', '6.10497', '120', '0', '0', '0', '0', '0', '0', '0', '0', '0', '0', '0', '0', '0', '0', '0'),
('507291', '124740', '0', '1519', '1617', '1', '1', '', '0', '0', '-9097.07', '426.528', '93.5633', '0', '120', '0', '0', '0', '0', '0', '0', '0', '0', '0', '0', '0', '0', '0', '0', '0'),
('507292', '123967', '0', '1519', '1617', '1', '1', '', '0', '0', '-9099.9', '425.366', '92.8177', '5.96108', '120', '0', '0', '0', '0', '0', '0', '0', '0', '0', '0', '0', '0', '0', '0', '0'),
('507293', '124128', '0', '1519', '1617', '1', '1', '', '0', '0', '-9079.82', '399.571', '93.6252', '2.48374', '120', '0', '0', '0', '0', '0', '0', '0', '0', '0', '0', '0', '0', '0', '0', '0'),
('507294', '124132', '0', '1519', '1617', '1', '1', '', '0', '0', '-9079.67', '401.389', '93.3474', '1.27569', '120', '0', '0', '0', '0', '0', '0', '0', '0', '0', '0', '0', '0', '0', '0', '0'),
('507295', '123971', '0', '1519', '1617', '1', '1', '', '0', '0', '-9080.54', '398.816', '93.656', '2.30348', '120', '0', '0', '0', '0', '0', '0', '0', '0', '0', '0', '0', '0', '0', '0', '0'),
('507296', '124142', '0', '1519', '1617', '1', '1', '', '0', '0', '-9093.28', '398.427', '93.1607', '1.27569', '120', '0', '0', '0', '0', '0', '0', '0', '0', '0', '0', '0', '0', '0', '0', '0'),
('507297', '124118', '0', '1519', '1617', '1', '1', '', '0', '0', '-9085.31', '396.599', '93.6517', '1.61108', '120', '0', '0', '0', '0', '0', '0', '0', '0', '0', '0', '0', '0', '0', '0', '0'),
('507298', '123920', '0', '1519', '1617', '1', '1', '', '0', '0', '-9105.33', '415.913', '92.837', '0.227015', '120', '0', '0', '0', '0', '0', '0', '0', '0', '0', '0', '0', '0', '0', '0', '0'),
('507299', '123926', '0', '1519', '1617', '1', '1', '', '0', '0', '-9096.9', '399.726', '92.7152', '1.27569', '120', '0', '0', '0', '0', '0', '0', '0', '0', '0', '0', '0', '0', '0', '0', '0'),
('507300', '124138', '0', '1519', '1617', '1', '1', '', '0', '0', '-9089.53', '396.012', '93.5191', '1.84407', '120', '0', '0', '0', '0', '0', '0', '0', '0', '0', '0', '0', '0', '0', '0', '0'),
('507301', '123892', '0', '1519', '1617', '1', '1', '', '0', '0', '-9090.4', '396.174', '93.4265', '1.25149', '120', '0', '0', '0', '0', '0', '0', '0', '0', '0', '0', '0', '0', '0', '0', '0'),
('507302', '123953', '0', '1519', '1617', '1', '1', '', '0', '0', '-9105', '416.917', '92.8438', '5.92764', '120', '0', '0', '0', '0', '0', '0', '0', '0', '0', '0', '0', '0', '0', '0', '0'),
('507303', '123976', '0', '1519', '1617', '1', '1', '', '0', '0', '-9083.52', '398.67', '93.6765', '1.77773', '120', '0', '0', '0', '0', '0', '0', '0', '0', '0', '0', '0', '0', '0', '0', '0'),
('507304', '123899', '0', '1519', '1617', '1', '1', '', '0', '0', '-9090.87', '398.413', '93.5004', '1.09863', '120', '0', '0', '0', '0', '0', '0', '0', '0', '0', '0', '0', '0', '0', '0', '0'),
('507305', '124057', '0', '1519', '1617', '1', '1', '', '0', '0', '-9086.31', '396.802', '93.6575', '1.32813', '120', '0', '0', '0', '0', '0', '0', '0', '0', '0', '0', '0', '0', '0', '0', '0'),
('507306', '123412', '0', '12', '0', '1', '1', '', '0', '0', '-9501.66', '41.6528', '54.0552', '1.00999', '120', '0', '0', '0', '0', '0', '0', '0', '0', '0', '0', '0', '0', '0', '0', '0'),
('507307', '124151', '0', '12', '0', '1', '1', '', '0', '0', '-9484.65', '70.099', '56.4614', '5.534', '120', '0', '0', '0', '0', '0', '0', '0', '0', '0', '0', '0', '0', '0', '0', '0'),
('507308', '124120', '0', '12', '0', '1', '1', '', '0', '0', '-9480.74', '70.4323', '56.5796', '5.1672', '120', '0', '0', '0', '0', '0', '0', '0', '0', '0', '0', '0', '0', '0', '0', '0'),
('507309', '124124', '0', '12', '0', '1', '1', '', '0', '0', '-9487.46', '68.408', '56.2448', '6.12894', '120', '0', '0', '0', '0', '0', '0', '0', '0', '0', '0', '0', '0', '0', '0', '0'),
('507310', '123957', '0', '12', '0', '1', '1', '', '0', '0', '-9486.91', '68.9635', '56.2636', '5.2225', '120', '0', '0', '0', '0', '0', '0', '0', '0', '0', '0', '0', '0', '0', '0', '0'),
('507311', '124740', '0', '12', '0', '1', '1', '', '0', '0', '-9484.03', '68.0799', '57.142', '0', '120', '0', '0', '0', '0', '0', '0', '0', '0', '0', '0', '0', '0', '0', '0', '0'),
('507312', '124056', '0', '12', '0', '1', '1', '', '0', '0', '-9490.15', '67.2726', '56.0597', '4.98288', '120', '0', '0', '0', '0', '0', '0', '0', '0', '0', '0', '0', '0', '0', '0', '0'),
('507313', '124116', '0', '12', '0', '1', '1', '', '0', '0', '-9491.27', '67.5087', '56.2616', '5.65404', '120', '0', '0', '0', '0', '0', '0', '0', '0', '0', '0', '0', '0', '0', '0', '0'),
('507314', '124147', '0', '12', '0', '1', '1', '', '0', '0', '-9494.23', '63.7934', '56.2764', '5.29222', '120', '0', '0', '0', '0', '0', '0', '0', '0', '0', '0', '0', '0', '0', '0', '0'),
('507315', '124143', '0', '12', '87', '1', '1', '', '0', '0', '-9500.36', '59.6892', '56.6783', '6.06325', '120', '0', '0', '0', '0', '0', '0', '0', '0', '0', '0', '0', '0', '0', '0', '0'),
('507316', '124740', '0', '12', '87', '1', '1', '', '0', '0', '-9499.48', '56.4879', '57.2513', '0', '120', '0', '0', '0', '0', '0', '0', '0', '0', '0', '0', '0', '0', '0', '0', '0'),
('507317', '124114', '0', '12', '87', '1', '1', '', '0', '0', '-9499.59', '57.9688', '56.563', '6.2318', '120', '0', '0', '0', '0', '0', '0', '0', '0', '0', '0', '0', '0', '0', '0', '0'),
('507318', '123902', '0', '12', '87', '1', '1', '', '0', '0', '-9501.56', '54.8889', '56.7666', '0.347846', '120', '0', '0', '0', '0', '0', '0', '0', '0', '0', '0', '0', '0', '0', '0', '0'),
('507319', '123602', '0', '12', '87', '1', '1', '', '0', '0', '-9501.91', '56.7917', '56.8854', '6.18121', '120', '0', '0', '0', '0', '0', '0', '0', '0', '0', '0', '0', '0', '0', '0', '0'),
('507320', '123907', '0', '12', '87', '1', '1', '', '0', '0', '-9503.95', '51.3368', '56.9728', '0.495753', '120', '0', '0', '0', '0', '0', '0', '0', '0', '0', '0', '0', '0', '0', '0', '0'),
('507321', '123412', '0', '12', '87', '1', '1', '', '0', '0', '-9618.92', '-299.352', '57.1018', '1.37567', '120', '0', '0', '0', '0', '0', '0', '0', '0', '0', '0', '0', '0', '0', '0', '0'),
('507322', '123412', '0', '12', '0', '1', '1', '', '0', '0', '-9636.69', '-812.566', '42.7252', '2.2001', '120', '0', '0', '0', '0', '0', '0', '0', '0', '0', '0', '0', '0', '0', '0', '0'),
('507323', '124121', '0', '12', '0', '1', '1', '', '0', '0', '-9633.11', '-1006.72', '43.0124', '0.959231', '120', '0', '0', '0', '0', '0', '0', '0', '0', '0', '0', '0', '0', '0', '0', '0'),
('507324', '124146', '0', '12', '0', '1', '1', '', '0', '0', '-9620.82', '-1002.74', '42.3815', '1.66453', '120', '0', '0', '0', '0', '0', '0', '0', '0', '0', '0', '0', '0', '0', '0', '0'),
('507325', '123979', '0', '12', '0', '1', '1', '', '0', '0', '-9618.93', '-1000.89', '42.7574', '1.96945', '120', '0', '0', '0', '0', '0', '0', '0', '0', '0', '0', '0', '0', '0', '0', '0'),
('507326', '124220', '0', '12', '0', '1', '1', '', '0', '0', '-9623.69', '-1005.12', '42.2508', '1.59613', '120', '0', '0', '0', '0', '0', '0', '0', '0', '0', '0', '0', '0', '0', '0', '0'),
('507327', '124233', '0', '12', '0', '1', '1', '', '0', '0', '-9618.28', '-1000.41', '42.9132', '1.96945', '120', '0', '0', '0', '0', '0', '0', '0', '0', '0', '0', '0', '0', '0', '0', '0'),
('507328', '124740', '0', '12', '0', '1', '1', '', '0', '0', '-9626.18', '-1000.42', '43.236', '0', '120', '0', '0', '0', '0', '0', '0', '0', '0', '0', '0', '0', '0', '0', '0', '0'),
('507329', '124245', '0', '12', '0', '1', '1', '', '0', '0', '-9634.12', '-1006.39', '43.0846', '0.7499', '120', '0', '0', '0', '0', '0', '0', '0', '0', '0', '0', '0', '0', '0', '0', '0'),
('507330', '123946', '0', '12', '0', '1', '1', '', '0', '0', '-9628.59', '-987.809', '43.896', '1.10029', '120', '0', '0', '0', '0', '0', '0', '0', '0', '0', '0', '0', '0', '0', '0', '0'),
('507331', '124141', '0', '12', '0', '1', '1', '', '0', '0', '-9626.5', '-1006.14', '42.4479', '1.39195', '120', '0', '0', '0', '0', '0', '0', '0', '0', '0', '0', '0', '0', '0', '0', '0'),
('507332', '124251', '0', '12', '0', '1', '1', '', '0', '0', '-9655.03', '-1005.88', '43.706', '0.725202', '120', '0', '0', '0', '0', '0', '0', '0', '0', '0', '0', '0', '0', '0', '0', '0'),
('507333', '124117', '0', '12', '0', '1', '1', '', '0', '0', '-9672.54', '-994.007', '43.9548', '6.06792', '120', '0', '0', '0', '0', '0', '0', '0', '0', '0', '0', '0', '0', '0', '0', '0'),
('507334', '124740', '0', '12', '0', '1', '1', '', '0', '0', '-9664.04', '-998.799', '44.6659', '0', '120', '0', '0', '0', '0', '0', '0', '0', '0', '0', '0', '0', '0', '0', '0', '0'),
('507335', '123412', '0', '12', '0', '1', '1', '', '0', '0', '-9921.23', '-1024.79', '22.4165', '3.09785', '120', '0', '0', '0', '0', '0', '0', '0', '0', '0', '0', '0', '0', '0', '0', '0'),
('507336', '123412', '0', '12', '62', '1', '1', '', '0', '0', '-9994.94', '-1015.64', '22.343', '6.09857', '120', '0', '0', '0', '0', '0', '0', '0', '0', '0', '0', '0', '0', '0', '0', '0'),
('507337', '124008', '0', '12', '62', '1', '1', '', '0', '0', '-9994.64', '-1022.06', '24.3909', '0.28296', '120', '0', '0', '0', '0', '0', '0', '0', '0', '0', '0', '0', '0', '0', '0', '0'),
('507338', '123412', '0', '12', '62', '1', '1', '', '0', '0', '-10100.1', '-1095.54', '32.2177', '0.617223', '120', '0', '0', '0', '0', '0', '0', '0', '0', '0', '0', '0', '0', '0', '0', '0'),
('507339', '123412', '0', '12', '62', '1', '1', '', '0', '0', '-9921.23', '-1024.79', '22.4165', '3.09785', '120', '0', '0', '0', '0', '0', '0', '0', '0', '0', '0', '0', '0', '0', '0', '0'),
('507340', '123412', '0', '10', '799', '1', '1', '', '0', '0', '-10227.5', '-1152.64', '21.1295', '0.123484', '120', '0', '0', '0', '0', '0', '0', '0', '0', '0', '0', '0', '0', '0', '0', '0'),
('507341', '123412', '0', '10', '242', '1', '1', '', '0', '0', '-10331.6', '-1121.86', '21.6521', '6.01889', '120', '0', '0', '0', '0', '0', '0', '0', '0', '0', '0', '0', '0', '0', '0', '0'),
('507342', '123949', '0', '10', '42', '1', '1', '', '0', '0', '-10563.3', '-1185.5', '28.0566', '0.28296', '120', '0', '0', '0', '0', '0', '0', '0', '0', '0', '0', '0', '0', '0', '0', '0'),
('507343', '123970', '0', '10', '42', '1', '1', '', '0', '0', '-10557.1', '-1187.38', '28.0562', '0.28296', '120', '0', '0', '0', '0', '0', '0', '0', '0', '0', '0', '0', '0', '0', '0', '0'),
('507344', '124012', '0', '10', '42', '1', '1', '', '0', '0', '-10567.1', '-1183.71', '28.0917', '0.28296', '120', '0', '0', '0', '0', '0', '0', '0', '0', '0', '0', '0', '0', '0', '0', '0'),
('507345', '123412', '0', '10', '42', '1', '1', '', '0', '0', '-10635.7', '-1187.23', '23.376', '0.139603', '120', '0', '0', '0', '0', '0', '0', '0', '0', '0', '0', '0', '0', '0', '0', '0'),
('507346', '124740', '0', '10', '42', '1', '1', '', '0', '0', '-10559.5', '-1182.18', '29.0502', '0', '120', '0', '0', '0', '0', '0', '0', '0', '0', '0', '0', '0', '0', '0', '0', '0'),
('507347', '124061', '0', '10', '42', '1', '1', '', '0', '0', '-10553', '-1188.5', '28.0326', '0.28296', '120', '0', '0', '0', '0', '0', '0', '0', '0', '0', '0', '0', '0', '0', '0', '0'),
('507348', '124126', '0', '10', '42', '1', '1', '', '0', '0', '-10565.8', '-1175.94', '28.0904', '6.01786', '120', '0', '0', '0', '0', '0', '0', '0', '0', '0', '0', '0', '0', '0', '0', '0'),
('507349', '124153', '0', '10', '42', '1', '1', '', '0', '0', '-10558.5', '-1176.67', '27.9981', '5.64165', '120', '0', '0', '0', '0', '0', '0', '0', '0', '0', '0', '0', '0', '0', '0', '0'),
('507350', '124127', '0', '10', '42', '1', '1', '', '0', '0', '-10555.1', '-1187.84', '28.0556', '0.28296', '120', '0', '0', '0', '0', '0', '0', '0', '0', '0', '0', '0', '0', '0', '0', '0'),
('507351', '124129', '0', '10', '42', '1', '1', '', '0', '0', '-10562.2', '-1186.06', '28.042', '0.28296', '120', '0', '0', '0', '0', '0', '0', '0', '0', '0', '0', '0', '0', '0', '0', '0'),
('507352', '124049', '0', '10', '42', '1', '1', '', '0', '0', '-10568', '-1176.28', '28.1274', '5.84097', '120', '0', '0', '0', '0', '0', '0', '0', '0', '0', '0', '0', '0', '0', '0', '0'),
('507353', '123994', '0', '10', '0', '1', '1', '', '0', '0', '-10906.7', '-740.611', '55.0685', '6.25215', '120', '0', '0', '0', '0', '0', '0', '0', '0', '0', '0', '0', '0', '0', '0', '0'),
('507354', '123997', '0', '10', '0', '1', '1', '', '0', '0', '-10907.7', '-737.346', '55.1573', '5.94968', '120', '0', '0', '0', '0', '0', '0', '0', '0', '0', '0', '0', '0', '0', '0', '0'),
('507355', '124000', '0', '10', '0', '1', '1', '', '0', '0', '-10909.2', '-734.406', '55.0578', '5.48756', '120', '0', '0', '0', '0', '0', '0', '0', '0', '0', '0', '0', '0', '0', '0', '0'),
('507356', '124011', '0', '10', '0', '1', '1', '', '0', '0', '-10902.3', '-724.99', '54.7347', '4.82765', '120', '0', '0', '0', '0', '0', '0', '0', '0', '0', '0', '0', '0', '0', '0', '0'),
('507357', '123412', '0', '10', '0', '1', '1', '', '0', '0', '-10956.8', '-639.821', '50.281', '5.15636', '120', '0', '0', '0', '0', '0', '0', '0', '0', '0', '0', '0', '0', '0', '0', '0'),
('507358', '123412', '0', '10', '0', '1', '1', '', '0', '0', '-10959.8', '-360.946', '36.7021', '0.0256175', '120', '0', '0', '0', '0', '0', '0', '0', '0', '0', '0', '0', '0', '0', '0', '0'),
('507359', '124220', '0', '10', '0', '1', '1', '', '0', '0', '-10912.1', '-386.429', '40.617', '4.91753', '120', '0', '0', '0', '0', '0', '0', '0', '0', '0', '0', '0', '0', '0', '0', '0'),
('507360', '123962', '0', '10', '0', '1', '1', '', '0', '0', '-10907.5', '-369.818', '39.8823', '4.93392', '120', '0', '0', '0', '0', '0', '0', '0', '0', '0', '0', '0', '0', '0', '0', '0'),
('507361', '123984', '0', '10', '0', '1', '1', '', '0', '0', '-10905.9', '-370.922', '39.8802', '4.1424', '120', '0', '0', '0', '0', '0', '0', '0', '0', '0', '0', '0', '0', '0', '0', '0'),
('507362', '124740', '0', '10', '0', '1', '1', '', '0', '0', '-10903.2', '-374.283', '40.9829', '0', '120', '0', '0', '0', '0', '0', '0', '0', '0', '0', '0', '0', '0', '0', '0', '0'),
('507363', '124192', '0', '10', '0', '1', '1', '', '0', '0', '-10901.3', '-374.793', '39.8443', '4.05698', '120', '0', '0', '0', '0', '0', '0', '0', '0', '0', '0', '0', '0', '0', '0', '0'),
('507364', '126990', '0', '10', '0', '1', '1', '', '0', '0', '-10896.5', '-380.016', '40.1891', '4.42551', '120', '0', '0', '0', '0', '0', '0', '0', '0', '0', '0', '0', '0', '0', '0', '0'),
('507365', '124125', '0', '10', '0', '1', '1', '', '0', '0', '-10900.7', '-375.266', '39.8441', '4.27059', '120', '0', '0', '0', '0', '0', '0', '0', '0', '0', '0', '0', '0', '0', '0', '0'),
('507366', '123931', '0', '33', '33', '1', '1', '', '0', '0', '-11384.3', '-287.807', '60.1678', '4.19782', '120', '0', '0', '0', '0', '0', '0', '0', '0', '0', '0', '0', '0', '0', '0', '0'),
('507367', '123969', '0', '33', '33', '1', '1', '', '0', '0', '-11391.2', '-283.766', '59.0303', '5.14165', '120', '0', '0', '0', '0', '0', '0', '0', '0', '0', '0', '0', '0', '0', '0', '0'),
('507368', '124054', '0', '33', '33', '1', '1', '', '0', '0', '-11396.2', '-294.13', '59.8265', '5.64082', '120', '0', '0', '0', '0', '0', '0', '0', '0', '0', '0', '0', '0', '0', '0', '0'),
('507369', '124146', '0', '33', '33', '1', '1', '', '0', '0', '-11392.5', '-282.871', '58.8476', '4.8245', '120', '0', '0', '0', '0', '0', '0', '0', '0', '0', '0', '0', '0', '0', '0', '0'),
('507370', '123985', '0', '33', '33', '1', '1', '', '0', '0', '-11396.7', '-292.898', '59.536', '5.84475', '120', '0', '0', '0', '0', '0', '0', '0', '0', '0', '0', '0', '0', '0', '0', '0'),
('507371', '123419', '0', '33', '33', '1', '1', '', '0', '0', '-11397.8', '-291.24', '58.8966', '0.330992', '120', '0', '0', '0', '0', '0', '0', '0', '0', '0', '0', '0', '0', '0', '0', '0'),
('507372', '124125', '0', '33', '33', '1', '1', '', '0', '0', '-11387.2', '-287.684', '59.673', '4.48632', '120', '0', '0', '0', '0', '0', '0', '0', '0', '0', '0', '0', '0', '0', '0', '0'),
('507373', '124142', '0', '33', '33', '1', '1', '', '0', '0', '-11388.9', '-284.839', '59.3601', '4.99404', '120', '0', '0', '0', '0', '0', '0', '0', '0', '0', '0', '0', '0', '0', '0', '0'),
('507374', '124740', '0', '33', '33', '1', '1', '', '0', '0', '-11389.7', '-293.918', '54.0458', '0', '120', '0', '0', '0', '0', '0', '0', '0', '0', '0', '0', '0', '0', '0', '0', '0'),
('507375', '124196', '0', '33', '33', '1', '1', '', '0', '0', '-11389.9', '-284.743', '59.2338', '4.86634', '120', '0', '0', '0', '0', '0', '0', '0', '0', '0', '0', '0', '0', '0', '0', '0'),
('507376', '124144', '0', '33', '33', '1', '1', '', '0', '0', '-11394.5', '-282.405', '58.7425', '5.02038', '120', '0', '0', '0', '0', '0', '0', '0', '0', '0', '0', '0', '0', '0', '0', '0'),
('507377', '123972', '0', '33', '33', '1', '1', '', '0', '0', '-11400.1', '-278.858', '57.7712', '4.94366', '120', '0', '0', '0', '0', '0', '0', '0', '0', '0', '0', '0', '0', '0', '0', '0'),
('507378', '123905', '0', '33', '33', '1', '1', '', '0', '0', '-11376.2', '-273.174', '64.2187', '4.12747', '120', '0', '0', '0', '0', '0', '0', '0', '0', '0', '0', '0', '0', '0', '0', '0'),
('507379', '124603', '0', '33', '33', '1', '1', '', '0', '0', '-11403', '-277.67', '57.983', '5.25275', '120', '0', '0', '0', '0', '0', '0', '0', '0', '0', '0', '0', '0', '0', '0', '0'),
('507380', '124604', '0', '33', '33', '1', '1', '', '0', '0', '-11402.2', '-277.627', '58.0669', '4.88082', '120', '0', '0', '0', '0', '0', '0', '0', '0', '0', '0', '0', '0', '0', '0', '0'),
('507381', '123412', '0', '33', '33', '1', '1', '', '0', '0', '-11411.9', '-286.766', '54.0097', '2.94672', '120', '0', '0', '0', '0', '0', '0', '0', '0', '0', '0', '0', '0', '0', '0', '0'),
('507382', '124740', '0', '33', '33', '1', '1', '', '0', '0', '-11404.1', '-281.866', '55.0709', '0', '120', '0', '0', '0', '0', '0', '0', '0', '0', '0', '0', '0', '0', '0', '0', '0'),
('507383', '123908', '0', '33', '33', '1', '1', '', '0', '0', '-11405', '-277.536', '57.8382', '5.38186', '120', '0', '0', '0', '0', '0', '0', '0', '0', '0', '0', '0', '0', '0', '0', '0'),
('507384', '124017', '0', '33', '33', '1', '1', '', '0', '0', '-11398.8', '-269.295', '64.0913', '5.30308', '120', '0', '0', '0', '0', '0', '0', '0', '0', '0', '0', '0', '0', '0', '0', '0'),
('507385', '124133', '0', '33', '33', '1', '1', '', '0', '0', '-11401.7', '-276.191', '58.8698', '5.01311', '120', '0', '0', '0', '0', '0', '0', '0', '0', '0', '0', '0', '0', '0', '0', '0'),
('507386', '123904', '0', '33', '33', '1', '1', '', '0', '0', '-11401.2', '-275', '59.5087', '5.01311', '120', '0', '0', '0', '0', '0', '0', '0', '0', '0', '0', '0', '0', '0', '0', '0'),
('507387', '124260', '0', '33', '33', '1', '1', '', '0', '0', '-11407.6', '-276.964', '57.8599', '5.84514', '120', '0', '0', '0', '0', '0', '0', '0', '0', '0', '0', '0', '0', '0', '0', '0'),
('507388', '123412', '0', '33', '33', '1', '1', '', '0', '0', '-11858.1', '-41.9757', '38.5897', '6.24484', '120', '0', '0', '0', '0', '0', '0', '0', '0', '0', '0', '0', '0', '0', '0', '0'),
('507389', '123412', '0', '33', '33', '1', '1', '', '0', '0', '-12294.5', '-582.788', '27.8223', '3.27195', '120', '0', '0', '0', '0', '0', '0', '0', '0', '0', '0', '0', '0', '0', '0', '0'),
('507390', '123918', '0', '33', '33', '1', '1', '', '0', '0', '-12816.4', '-379.365', '14.217', '0.226268', '120', '0', '0', '0', '0', '0', '0', '0', '0', '0', '0', '0', '0', '0', '0', '0'),
('507391', '124740', '0', '33', '33', '1', '1', '', '0', '0', '-12823.1', '-372.576', '16.4821', '0', '120', '0', '0', '0', '0', '0', '0', '0', '0', '0', '0', '0', '0', '0', '0', '0'),
('507392', '123975', '0', '33', '33', '1', '1', '', '0', '0', '-12817', '-367.201', '16.4184', '5.95194', '120', '0', '0', '0', '0', '0', '0', '0', '0', '0', '0', '0', '0', '0', '0', '0'),
('507393', '124122', '0', '33', '33', '1', '1', '', '0', '0', '-12822.6', '-378.106', '14.7421', '0.137277', '120', '0', '0', '0', '0', '0', '0', '0', '0', '0', '0', '0', '0', '0', '0', '0'),
('507394', '123965', '0', '33', '33', '1', '1', '', '0', '0', '-12833.3', '-376.129', '15.389', '0.1004', '120', '0', '0', '0', '0', '0', '0', '0', '0', '0', '0', '0', '0', '0', '0', '0'),
('507395', '123602', '0', '33', '33', '1', '1', '', '0', '0', '-12815.2', '-368.469', '15.8936', '5.49921', '120', '0', '0', '0', '0', '0', '0', '0', '0', '0', '0', '0', '0', '0', '0', '0'),
('507396', '123919', '0', '33', '33', '1', '1', '', '0', '0', '-12817.1', '-368.444', '16.1875', '5.69337', '120', '0', '0', '0', '0', '0', '0', '0', '0', '0', '0', '0', '0', '0', '0', '0'),
('507397', '124193', '0', '33', '33', '1', '1', '', '0', '0', '-12823.4', '-367.819', '16.8622', '5.26758', '120', '0', '0', '0', '0', '0', '0', '0', '0', '0', '0', '0', '0', '0', '0', '0'),
('507398', '124197', '0', '33', '33', '1', '1', '', '0', '0', '-12827.5', '-378.41', '14.8455', '0.29188', '120', '0', '0', '0', '0', '0', '0', '0', '0', '0', '0', '0', '0', '0', '0', '0'),
('507399', '123412', '0', '33', '33', '1', '1', '', '0', '0', '-12945.2', '-391.326', '17.2073', '3.26733', '120', '0', '0', '0', '0', '0', '0', '0', '0', '0', '0', '0', '0', '0', '0', '0'),
('507400', '124129', '0', '33', '33', '1', '1', '', '0', '0', '-12821.5', '-368.267', '16.6059', '5.90438', '120', '0', '0', '0', '0', '0', '0', '0', '0', '0', '0', '0', '0', '0', '0', '0'),
('507401', '124203', '0', '33', '33', '1', '1', '', '0', '0', '-12829.9', '-367.502', '17.5642', '5.62635', '120', '0', '0', '0', '0', '0', '0', '0', '0', '0', '0', '0', '0', '0', '0', '0'),
('507402', '124202', '0', '33', '33', '1', '1', '', '0', '0', '-12818.9', '-367.517', '16.6233', '5.7206', '120', '0', '0', '0', '0', '0', '0', '0', '0', '0', '0', '0', '0', '0', '0', '0'),
('507403', '124116', '0', '33', '33', '1', '1', '', '0', '0', '-12829.6', '-377.538', '15.1424', '0.206278', '120', '0', '0', '0', '0', '0', '0', '0', '0', '0', '0', '0', '0', '0', '0', '0'),
('507404', '124205', '0', '33', '33', '1', '1', '', '0', '0', '-12819.6', '-378.222', '14.5608', '0.570944', '120', '0', '0', '0', '0', '0', '0', '0', '0', '0', '0', '0', '0', '0', '0', '0'),
('507405', '124199', '0', '33', '33', '1', '1', '', '0', '0', '-12825.6', '-368.312', '17.0451', '5.63375', '120', '0', '0', '0', '0', '0', '0', '0', '0', '0', '0', '0', '0', '0', '0', '0'),
('507406', '123986', '0', '33', '0', '1', '1', '', '0', '0', '-13020.2', '-385.411', '29.8374', '0.135163', '120', '0', '0', '0', '0', '0', '0', '0', '0', '0', '0', '0', '0', '0', '0', '0'),
('507407', '123987', '0', '33', '0', '1', '1', '', '0', '0', '-13013.8', '-391.41', '30.3202', '6.18488', '120', '0', '0', '0', '0', '0', '0', '0', '0', '0', '0', '0', '0', '0', '0', '0'),
('507408', '124005', '0', '33', '0', '1', '1', '', '0', '0', '-13017.4', '-388.627', '29.9935', '0.20736', '120', '0', '0', '0', '0', '0', '0', '0', '0', '0', '0', '0', '0', '0', '0', '0'),
('507409', '123412', '0', '33', '0', '1', '1', '', '0', '0', '-13188.4', '-271.946', '11.145', '1.84338', '120', '0', '0', '0', '0', '0', '0', '0', '0', '0', '0', '0', '0', '0', '0', '0'),
('507410', '124014', '0', '5287', '1577', '1', '1', '', '0', '0', '-13240', '-84.4288', '19.3822', '4.22706', '120', '0', '0', '0', '0', '0', '0', '0', '0', '0', '0', '0', '0', '0', '0', '0'),
('507411', '123977', '0', '5287', '1577', '1', '1', '', '0', '0', '-13266.3', '-102.413', '20.9759', '5.4862', '120', '0', '0', '0', '0', '0', '0', '0', '0', '0', '0', '0', '0', '0', '0', '0'),
('507412', '123412', '0', '5287', '1577', '1', '1', '', '0', '0', '-13347.3', '77.1753', '19.6307', '3.0251', '120', '0', '0', '0', '0', '0', '0', '0', '0', '0', '0', '0', '0', '0', '0', '0'),
('507413', '123412', '0', '5287', '1577', '1', '1', '', '0', '0', '-14214.6', '240.286', '18.1514', '2.93453', '120', '0', '0', '0', '0', '0', '0', '0', '0', '0', '0', '0', '0', '0', '0', '0'),
('507414', '123419', '0', '5287', '1577', '1', '1', '', '0', '0', '-14247.1', '260.339', '25.3664', '5.64529', '120', '0', '0', '0', '0', '0', '0', '0', '0', '0', '0', '0', '0', '0', '0', '0'),
('507415', '123568', '0', '5287', '1577', '1', '1', '', '0', '0', '-14438.1', '522.55', '20.8713', '1.53172', '120', '0', '0', '0', '0', '0', '0', '0', '0', '0', '0', '0', '0', '0', '0', '0'),
('507416', '123968', '0', '5287', '1577', '1', '1', '', '0', '0', '-14234.9', '327.214', '24.9931', '4.22706', '120', '0', '0', '0', '0', '0', '0', '0', '0', '0', '0', '0', '0', '0', '0', '0'),
('507417', '123938', '0', '5287', '1577', '1', '1', '', '0', '0', '-14236', '327.08', '24.7674', '4.22706', '120', '0', '0', '0', '0', '0', '0', '0', '0', '0', '0', '0', '0', '0', '0', '0'),
('507418', '123913', '0', '5287', '1577', '1', '1', '', '0', '0', '-14237.4', '330.307', '24.349', '4.22706', '120', '0', '0', '0', '0', '0', '0', '0', '0', '0', '0', '0', '0', '0', '0', '0'),
('507419', '124197', '0', '5287', '1577', '1', '1', '', '0', '0', '-14237', '323.326', '25.4896', '4.22706', '120', '0', '0', '0', '0', '0', '0', '0', '0', '0', '0', '0', '0', '0', '0', '0'),
('507420', '123974', '0', '5287', '1577', '1', '1', '', '0', '0', '-14237.8', '327.686', '24.5885', '4.22706', '120', '0', '0', '0', '0', '0', '0', '0', '0', '0', '0', '0', '0', '0', '0', '0'),
('507421', '123911', '0', '5287', '1577', '1', '1', '', '0', '0', '-14242.3', '335.285', '23.767', '4.22706', '120', '0', '0', '0', '0', '0', '0', '0', '0', '0', '0', '0', '0', '0', '0', '0'),
('507422', '123919', '0', '5287', '1577', '1', '1', '', '0', '0', '-14253.9', '327.681', '34.1663', '4.4885', '120', '0', '0', '0', '0', '0', '0', '0', '0', '0', '0', '0', '0', '0', '0', '0'),
('507423', '123979', '0', '5287', '1577', '1', '1', '', '0', '0', '-14241.2', '337.59', '24.1026', '4.22706', '120', '0', '0', '0', '0', '0', '0', '0', '0', '0', '0', '0', '0', '0', '0', '0'),
('507424', '123944', '0', '5287', '1577', '1', '1', '', '0', '0', '-14239.6', '332.639', '24.0394', '4.22706', '120', '0', '0', '0', '0', '0', '0', '0', '0', '0', '0', '0', '0', '0', '0', '0'),
('507425', '123956', '0', '5287', '1577', '1', '1', '', '0', '0', '-14248.8', '328.887', '38', '4.83313', '120', '0', '0', '0', '0', '0', '0', '0', '0', '0', '0', '0', '0', '0', '0', '0'),
('507426', '124203', '0', '5287', '1577', '1', '1', '', '0', '0', '-14250.2', '327.858', '36.6324', '4.83313', '120', '0', '0', '0', '0', '0', '0', '0', '0', '0', '0', '0', '0', '0', '0', '0'),
('507427', '124198', '0', '5287', '1577', '1', '1', '', '0', '0', '-14256.5', '328.089', '25.9679', '4.7352', '120', '0', '0', '0', '0', '0', '0', '0', '0', '0', '0', '0', '0', '0', '0', '0'),
('507428', '124204', '0', '5287', '1577', '1', '1', '', '0', '0', '-14262', '321.476', '27.6875', '4.83313', '120', '0', '0', '0', '0', '0', '0', '0', '0', '0', '0', '0', '0', '0', '0', '0'),
('507429', '123899', '0', '5287', '1577', '1', '1', '', '0', '0', '-14262', '318.597', '28.305', '5.12015', '120', '0', '0', '0', '0', '0', '0', '0', '0', '0', '0', '0', '0', '0', '0', '0'),
('507430', '123419', '0', '5287', '1577', '1', '1', '', '0', '0', '-14255.1', '330.212', '25.444', '5.03718', '120', '0', '0', '0', '0', '0', '0', '0', '0', '0', '0', '0', '0', '0', '0', '0'),
('507431', '124740', '0', '5287', '1577', '1', '1', '', '0', '0', '-14245.5', '326.856', '26.2862', '0', '120', '0', '0', '0', '0', '0', '0', '0', '0', '0', '0', '0', '0', '0', '0', '0'),
('507432', '124140', '0', '5287', '1577', '1', '1', '', '0', '0', '-14260.8', '324.198', '27.0095', '4.83313', '120', '0', '0', '0', '0', '0', '0', '0', '0', '0', '0', '0', '0', '0', '0', '0'),
('507433', '124123', '0', '5287', '1577', '1', '1', '', '0', '0', '-14238.8', '330.759', '24.2499', '4.22706', '120', '0', '0', '0', '0', '0', '0', '0', '0', '0', '0', '0', '0', '0', '0', '0'),
('507434', '123975', '0', '5287', '1577', '1', '1', '', '0', '0', '-14245.2', '331.868', '38', '4.83313', '120', '0', '0', '0', '0', '0', '0', '0', '0', '0', '0', '0', '0', '0', '0', '0'),
('507435', '124200', '0', '5287', '1577', '1', '1', '', '0', '0', '-14252.7', '327.248', '34.8945', '4.83313', '120', '0', '0', '0', '0', '0', '0', '0', '0', '0', '0', '0', '0', '0', '0', '0'),
('507436', '124119', '0', '5287', '1577', '1', '1', '', '0', '0', '-14240.3', '335.859', '24.0556', '4.22706', '120', '0', '0', '0', '0', '0', '0', '0', '0', '0', '0', '0', '0', '0', '0', '0'),
('507437', '123960', '0', '5287', '1577', '1', '1', '', '0', '0', '-14268.3', '355.231', '32.7811', '5.12015', '120', '0', '0', '0', '0', '0', '0', '0', '0', '0', '0', '0', '0', '0', '0', '0'),
('507438', '123962', '0', '5287', '1577', '1', '1', '', '0', '0', '-14276.9', '354.323', '33.0322', '6.25711', '120', '0', '0', '0', '0', '0', '0', '0', '0', '0', '0', '0', '0', '0', '0', '0'),
('507439', '124740', '0', '5287', '1577', '1', '1', '', '0', '0', '-14274.4', '357.299', '33.9741', '0', '120', '0', '0', '0', '0', '0', '0', '0', '0', '0', '0', '0', '0', '0', '0', '0'),
('507440', '124192', '0', '5287', '1577', '1', '1', '', '0', '0', '-14271.8', '359.896', '33.2414', '4.16372', '120', '0', '0', '0', '0', '0', '0', '0', '0', '0', '0', '0', '0', '0', '0', '0'),
('507441', '124124', '0', '5287', '1577', '1', '1', '', '0', '0', '-14279.2', '360.075', '33.3892', '6.25711', '120', '0', '0', '0', '0', '0', '0', '0', '0', '0', '0', '0', '0', '0', '0', '0'),
('507442', '124196', '0', '5287', '1577', '1', '1', '', '0', '0', '-14273.9', '349.375', '32.7982', '6.25711', '120', '0', '0', '0', '0', '0', '0', '0', '0', '0', '0', '0', '0', '0', '0', '0'),
('507443', '124200', '0', '5287', '1577', '1', '1', '', '0', '0', '-14271', '425.512', '35.6209', '4.53807', '120', '0', '0', '0', '0', '0', '0', '0', '0', '0', '0', '0', '0', '0', '0', '0'),
('507444', '124215', '0', '5287', '1577', '1', '1', '', '0', '0', '-14284.1', '388.019', '35.9743', '5.29714', '120', '0', '0', '0', '0', '0', '0', '0', '0', '0', '0', '0', '0', '0', '0', '0'),
('507445', '124047', '0', '5287', '1577', '1', '1', '', '0', '0', '-14267.6', '416.545', '36.6257', '4.16327', '120', '0', '0', '0', '0', '0', '0', '0', '0', '0', '0', '0', '0', '0', '0', '0'),
('507446', '123993', '0', '5287', '1577', '1', '1', '', '0', '0', '-14277.5', '411.026', '37.4031', '5.97792', '120', '0', '0', '0', '0', '0', '0', '0', '0', '0', '0', '0', '0', '0', '0', '0'),
('507447', '123979', '0', '5287', '1577', '1', '1', '', '0', '0', '-14280.4', '420.934', '36.1585', '5.6909', '120', '0', '0', '0', '0', '0', '0', '0', '0', '0', '0', '0', '0', '0', '0', '0'),
('507448', '123961', '0', '5287', '1577', '1', '1', '', '0', '0', '-14277.8', '416.014', '37.1541', '5.69868', '120', '0', '0', '0', '0', '0', '0', '0', '0', '0', '0', '0', '0', '0', '0', '0'),
('507449', '123917', '0', '5287', '1577', '1', '1', '', '0', '0', '-14267.9', '418.217', '36.4991', '4.51765', '120', '0', '0', '0', '0', '0', '0', '0', '0', '0', '0', '0', '0', '0', '0', '0'),
('507450', '124119', '0', '5287', '1577', '1', '1', '', '0', '0', '-14283.1', '391.3', '36.2868', '5.48511', '120', '0', '0', '0', '0', '0', '0', '0', '0', '0', '0', '0', '0', '0', '0', '0'),
('507451', '123894', '0', '5287', '1577', '1', '1', '', '0', '0', '-14267.9', '410.649', '36.9168', '3.53812', '120', '0', '0', '0', '0', '0', '0', '0', '0', '0', '0', '0', '0', '0', '0', '0'),
('507452', '124058', '0', '5287', '1577', '1', '1', '', '0', '0', '-14274.8', '389.373', '36.5073', '4.21047', '120', '0', '0', '0', '0', '0', '0', '0', '0', '0', '0', '0', '0', '0', '0', '0'),
('507453', '124130', '0', '5287', '1577', '1', '1', '', '0', '0', '-14284.5', '386.71', '35.9079', '4.78665', '120', '0', '0', '0', '0', '0', '0', '0', '0', '0', '0', '0', '0', '0', '0', '0'),
('507454', '123943', '0', '5287', '1577', '1', '1', '', '0', '0', '-14283.8', '377.773', '34.9283', '5.42942', '120', '0', '0', '0', '0', '0', '0', '0', '0', '0', '0', '0', '0', '0', '0', '0'),
('507455', '124205', '0', '5287', '1577', '1', '1', '', '0', '0', '-14283.4', '388.96', '36.0904', '5.22582', '120', '0', '0', '0', '0', '0', '0', '0', '0', '0', '0', '0', '0', '0', '0', '0'),
('507456', '124740', '0', '5287', '1577', '1', '1', '', '0', '0', '-14272', '413.121', '37.9367', '0', '120', '0', '0', '0', '0', '0', '0', '0', '0', '0', '0', '0', '0', '0', '0', '0'),
('507457', '123932', '0', '5287', '1577', '1', '1', '', '0', '0', '-14271.7', '426.476', '35.5345', '4.71669', '120', '0', '0', '0', '0', '0', '0', '0', '0', '0', '0', '0', '0', '0', '0', '0'),
('507458', '123602', '0', '5287', '1577', '1', '1', '', '0', '0', '-14280.1', '365.017', '33.7721', '5.24591', '120', '0', '0', '0', '0', '0', '0', '0', '0', '0', '0', '0', '0', '0', '0', '0'),
('507459', '124740', '0', '5287', '1577', '1', '1', '', '0', '0', '-14279.3', '388.641', '37.0709', '0', '120', '0', '0', '0', '0', '0', '0', '0', '0', '0', '0', '0', '0', '0', '0', '0'),
('507460', '123957', '0', '5287', '1577', '1', '1', '', '0', '0', '-14268.3', '419.335', '36.4416', '4.51765', '120', '0', '0', '0', '0', '0', '0', '0', '0', '0', '0', '0', '0', '0', '0', '0'),
('507461', '124125', '0', '5287', '1577', '1', '1', '', '0', '0', '-14279.4', '399.932', '37.0261', '4.74942', '120', '0', '0', '0', '0', '0', '0', '0', '0', '0', '0', '0', '0', '0', '0', '0'),
('507462', '124127', '0', '5287', '1577', '1', '1', '', '0', '0', '-14275.2', '385.241', '36.1436', '4.40048', '120', '0', '0', '0', '0', '0', '0', '0', '0', '0', '0', '0', '0', '0', '0', '0'),
('507463', '124115', '0', '5287', '1577', '1', '1', '', '0', '0', '-14268.4', '406.736', '36.8952', '3.83824', '120', '0', '0', '0', '0', '0', '0', '0', '0', '0', '0', '0', '0', '0', '0', '0'),
('507464', '123947', '0', '5287', '1577', '1', '1', '', '0', '0', '-14274.7', '429.71', '35.0314', '4.56113', '120', '0', '0', '0', '0', '0', '0', '0', '0', '0', '0', '0', '0', '0', '0', '0'),
('507465', '123963', '0', '5287', '1577', '1', '1', '', '0', '0', '-14284.9', '425.016', '34.7126', '0.260436', '120', '0', '0', '0', '0', '0', '0', '0', '0', '0', '0', '0', '0', '0', '0', '0'),
('507466', '124092', '0', '5287', '1577', '1', '1', '', '0', '0', '-14297', '429.045', '32.2198', '0.103247', '120', '0', '0', '0', '0', '0', '0', '0', '0', '0', '0', '0', '0', '0', '0', '0'),
('507467', '124128', '0', '5287', '1577', '1', '1', '', '0', '0', '-14279.2', '433.651', '34.4585', '5.02228', '120', '0', '0', '0', '0', '0', '0', '0', '0', '0', '0', '0', '0', '0', '0', '0'),
('507468', '124038', '0', '5287', '1577', '1', '1', '', '0', '0', '-14289.1', '426.851', '33.6515', '0.103247', '120', '0', '0', '0', '0', '0', '0', '0', '0', '0', '0', '0', '0', '0', '0', '0'),
('507469', '124740', '0', '5287', '1577', '1', '1', '', '0', '0', '-14286.7', '431.84', '34.3663', '0', '120', '0', '0', '0', '0', '0', '0', '0', '0', '0', '0', '0', '0', '0', '0', '0'),
('507470', '123908', '0', '5287', '1577', '1', '1', '', '0', '0', '-14283.1', '436.062', '33.7617', '5.1765', '120', '0', '0', '0', '0', '0', '0', '0', '0', '0', '0', '0', '0', '0', '0', '0'),
('507471', '123969', '0', '5287', '35', '1', '1', '', '0', '0', '-14288.8', '437.964', '32.9291', '5.48304', '120', '0', '0', '0', '0', '0', '0', '0', '0', '0', '0', '0', '0', '0', '0', '0'),
('507472', '124009', '0', '5287', '35', '1', '1', '', '0', '0', '-14296', '438.842', '32.8333', '5.51822', '120', '0', '0', '0', '0', '0', '0', '0', '0', '0', '0', '0', '0', '0', '0', '0'),
('507473', '124014', '0', '5287', '35', '1', '1', '', '0', '0', '-14319.7', '435.168', '22.673', '0.806222', '120', '0', '0', '0', '0', '0', '0', '0', '0', '0', '0', '0', '0', '0', '0', '0'),
('507474', '124081', '0', '5287', '35', '1', '1', '', '0', '0', '-14327.3', '457.311', '8.00719', '1.67911', '120', '0', '0', '0', '0', '0', '0', '0', '0', '0', '0', '0', '0', '0', '0', '0'),
('507475', '124121', '0', '5287', '35', '1', '1', '', '0', '0', '-14315.8', '452.113', '23.6637', '4.83519', '120', '0', '0', '0', '0', '0', '0', '0', '0', '0', '0', '0', '0', '0', '0', '0'),
('507476', '123977', '0', '5287', '35', '1', '1', '', '0', '0', '-14325.7', '438.569', '22.4123', '0.248692', '120', '0', '0', '0', '0', '0', '0', '0', '0', '0', '0', '0', '0', '0', '0', '0'),
('507477', '124204', '0', '5287', '35', '1', '1', '', '0', '0', '-14342.1', '440.09', '7.53461', '1.31712', '120', '0', '0', '0', '0', '0', '0', '0', '0', '0', '0', '0', '0', '0', '0', '0'),
('507478', '123946', '0', '5287', '35', '1', '1', '', '0', '0', '-14313.4', '466.67', '21.0906', '4.18782', '120', '0', '0', '0', '0', '0', '0', '0', '0', '0', '0', '0', '0', '0', '0', '0'),
('507479', '123965', '0', '5287', '35', '1', '1', '', '0', '0', '-14326.4', '439.257', '22.3205', '0.516', '120', '0', '0', '0', '0', '0', '0', '0', '0', '0', '0', '0', '0', '0', '0', '0'),
('507480', '124740', '0', '5287', '35', '1', '1', '', '0', '0', '-14338.4', '453.54', '8.5003', '0', '120', '0', '0', '0', '0', '0', '0', '0', '0', '0', '0', '0', '0', '0', '0', '0'),
('507481', '124118', '0', '5287', '35', '1', '1', '', '0', '0', '-14323.5', '454.99', '23.4614', '5.69752', '120', '0', '0', '0', '0', '0', '0', '0', '0', '0', '0', '0', '0', '0', '0', '0'),
('507482', '123897', '0', '5287', '35', '1', '1', '', '0', '0', '-14329', '456.797', '7.98214', '1.46356', '120', '0', '0', '0', '0', '0', '0', '0', '0', '0', '0', '0', '0', '0', '0', '0'),
('507483', '123602', '0', '5287', '35', '1', '1', '', '0', '0', '-14344.2', '439.667', '7.52504', '1.31712', '120', '0', '0', '0', '0', '0', '0', '0', '0', '0', '0', '0', '0', '0', '0', '0'),
('507484', '124220', '0', '5287', '35', '1', '1', '', '0', '0', '-14327.8', '456.28', '9.63425', '1.67911', '120', '0', '0', '0', '0', '0', '0', '0', '0', '0', '0', '0', '0', '0', '0', '0'),
('507485', '124193', '0', '5287', '35', '1', '1', '', '0', '0', '-14312', '447.488', '23.6221', '5.45301', '120', '0', '0', '0', '0', '0', '0', '0', '0', '0', '0', '0', '0', '0', '0', '0'),
('507486', '124120', '0', '5287', '35', '1', '1', '', '0', '0', '-14316.7', '453.061', '23.5924', '5.42361', '120', '0', '0', '0', '0', '0', '0', '0', '0', '0', '0', '0', '0', '0', '0', '0'),
('507487', '124740', '0', '5287', '35', '1', '1', '', '0', '0', '-14321.8', '444.627', '24.0374', '0', '120', '0', '0', '0', '0', '0', '0', '0', '0', '0', '0', '0', '0', '0', '0', '0'),
('507488', '124205', '0', '5287', '35', '1', '1', '', '0', '0', '-14343.3', '440.2', '7.52934', '1.31712', '120', '0', '0', '0', '0', '0', '0', '0', '0', '0', '0', '0', '0', '0', '0', '0'),
('507489', '124017', '0', '5287', '35', '1', '1', '', '0', '0', '-14326.6', '437.691', '25.5276', '0.287971', '120', '0', '0', '0', '0', '0', '0', '0', '0', '0', '0', '0', '0', '0', '0', '0'),
('507490', '123922', '0', '5287', '35', '1', '1', '', '0', '0', '-14357.9', '439.845', '7.46041', '0.336652', '120', '0', '0', '0', '0', '0', '0', '0', '0', '0', '0', '0', '0', '0', '0', '0'),
('507491', '124060', '0', '5287', '35', '1', '1', '', '0', '0', '-14328.8', '473.024', '8.62614', '0.578525', '120', '0', '0', '0', '0', '0', '0', '0', '0', '0', '0', '0', '0', '0', '0', '0'),
('507492', '124002', '0', '5287', '35', '1', '1', '', '0', '0', '-14330.9', '468.983', '8.56151', '0.699397', '120', '0', '0', '0', '0', '0', '0', '0', '0', '0', '0', '0', '0', '0', '0', '0'),
('507493', '123979', '0', '5287', '35', '1', '1', '', '0', '0', '-14360', '439.009', '7.50116', '0.184656', '120', '0', '0', '0', '0', '0', '0', '0', '0', '0', '0', '0', '0', '0', '0', '0'),
('507494', '123928', '0', '5287', '35', '1', '1', '', '0', '0', '-14314.8', '482.519', '15.6339', '4.66129', '120', '0', '0', '0', '0', '0', '0', '0', '0', '0', '0', '0', '0', '0', '0', '0'),
('507495', '123990', '0', '5287', '35', '1', '1', '', '0', '0', '-14312.7', '486.318', '8.69505', '1.53662', '120', '0', '0', '0', '0', '0', '0', '0', '0', '0', '0', '0', '0', '0', '0', '0'),
('507496', '124197', '0', '5287', '35', '1', '1', '', '0', '0', '-14320.6', '487.698', '11.6048', '1.00363', '120', '0', '0', '0', '0', '0', '0', '0', '0', '0', '0', '0', '0', '0', '0', '0'),
('507497', '124740', '0', '5287', '35', '1', '1', '', '0', '0', '-14318.1', '489.481', '9.36347', '0', '120', '0', '0', '0', '0', '0', '0', '0', '0', '0', '0', '0', '0', '0', '0', '0'),
('507498', '123952', '0', '5287', '35', '1', '1', '', '0', '0', '-14318.5', '496.255', '8.67101', '0.574144', '120', '0', '0', '0', '0', '0', '0', '0', '0', '0', '0', '0', '0', '0', '0', '0'),
('507499', '123919', '0', '5287', '35', '1', '1', '', '0', '0', '-14301.6', '492.533', '14.7304', '3.8713', '120', '0', '0', '0', '0', '0', '0', '0', '0', '0', '0', '0', '0', '0', '0', '0'),
('507500', '123926', '0', '5287', '35', '1', '1', '', '0', '0', '-14294', '517.361', '9.0384', '3.3316', '120', '0', '0', '0', '0', '0', '0', '0', '0', '0', '0', '0', '0', '0', '0', '0'),
('507501', '124219', '0', '5287', '35', '1', '1', '', '0', '0', '-14315.8', '503.571', '8.68492', '6.22674', '120', '0', '0', '0', '0', '0', '0', '0', '0', '0', '0', '0', '0', '0', '0', '0'),
('507502', '124056', '0', '5287', '35', '1', '1', '', '0', '0', '-14294.5', '517.969', '9.03884', '5.03436', '120', '0', '0', '0', '0', '0', '0', '0', '0', '0', '0', '0', '0', '0', '0', '0'),
('507503', '123989', '0', '5287', '35', '1', '1', '', '0', '0', '-14293.1', '521.075', '13.0728', '3.95129', '120', '0', '0', '0', '0', '0', '0', '0', '0', '0', '0', '0', '0', '0', '0', '0'),
('507504', '123918', '0', '5287', '35', '1', '1', '', '0', '0', '-14387.4', '428.3', '7.45091', '5.51822', '120', '0', '0', '0', '0', '0', '0', '0', '0', '0', '0', '0', '0', '0', '0', '0'),
('507505', '124740', '0', '5287', '35', '1', '1', '', '0', '0', '-14299.4', '518.066', '9.31856', '0', '120', '0', '0', '0', '0', '0', '0', '0', '0', '0', '0', '0', '0', '0', '0', '0'),
('507507', '124064', '0', '5287', '35', '1', '1', '', '0', '0', '-14306', '519.649', '8.74705', '4.91488', '120', '0', '0', '0', '0', '0', '0', '0', '0', '0', '0', '0', '0', '0', '0', '0'),
('507508', '124222', '0', '5287', '35', '1', '1', '', '0', '0', '-14373.3', '434.879', '7.64056', '1.89617', '120', '0', '0', '0', '0', '0', '0', '0', '0', '0', '0', '0', '0', '0', '0', '0'),
('507509', '124219', '0', '5287', '35', '1', '1', '', '0', '0', '-14380.5', '442.021', '0.200821', '0.397957', '120', '0', '0', '0', '0', '0', '0', '0', '0', '0', '0', '0', '0', '0', '0', '0'),
('507510', '124008', '0', '5287', '35', '1', '1', '', '0', '0', '-14304.6', '520.028', '8.75171', '4.26303', '120', '0', '0', '0', '0', '0', '0', '0', '0', '0', '0', '0', '0', '0', '0', '0'),
('507511', '124221', '0', '5287', '35', '1', '1', '', '0', '0', '-14379.6', '442.79', '0.200821', '4.53555', '120', '0', '0', '0', '0', '0', '0', '0', '0', '0', '0', '0', '0', '0', '0', '0'),
('507512', '124118', '0', '5287', '35', '1', '1', '', '0', '0', '-14389.9', '419.595', '7.4693', '1.28217', '120', '0', '0', '0', '0', '0', '0', '0', '0', '0', '0', '0', '0', '0', '0', '0'),
('507513', '124129', '0', '5287', '35', '1', '1', '', '0', '0', '-14311.3', '514.927', '8.71183', '6.22674', '120', '0', '0', '0', '0', '0', '0', '0', '0', '0', '0', '0', '0', '0', '0', '0'),
('507514', '124001', '0', '5287', '35', '1', '1', '', '0', '0', '-14391.8', '418.625', '7.64194', '1.40002', '120', '0', '0', '0', '0', '0', '0', '0', '0', '0', '0', '0', '0', '0', '0', '0'),
('507515', '124740', '0', '5287', '35', '1', '1', '', '0', '0', '-14397', '422.488', '8.42458', '0', '120', '0', '0', '0', '0', '0', '0', '0', '0', '0', '0', '0', '0', '0', '0', '0'),
('507516', '123959', '0', '5287', '35', '1', '1', '', '0', '0', '-14392.4', '427.851', '7.52948', '6.07142', '120', '0', '0', '0', '0', '0', '0', '0', '0', '0', '0', '0', '0', '0', '0', '0'),
('507517', '123966', '0', '5287', '35', '1', '1', '', '0', '0', '-14401.5', '415.297', '8.13105', '0.851531', '120', '0', '0', '0', '0', '0', '0', '0', '0', '0', '0', '0', '0', '0', '0', '0'),
('507518', '124233', '0', '5287', '35', '1', '1', '', '0', '0', '-14414.7', '438.858', '10.8123', '4.95452', '120', '0', '0', '0', '0', '0', '0', '0', '0', '0', '0', '0', '0', '0', '0', '0'),
('507519', '124123', '0', '5287', '35', '1', '1', '', '0', '0', '-14403.1', '415.988', '8.30068', '0.600152', '120', '0', '0', '0', '0', '0', '0', '0', '0', '0', '0', '0', '0', '0', '0', '0'),
('507520', '123941', '0', '5287', '35', '1', '1', '', '0', '0', '-14406.7', '415.641', '22.5292', '3.33511', '120', '0', '0', '0', '0', '0', '0', '0', '0', '0', '0', '0', '0', '0', '0', '0'),
('507521', '124219', '0', '5287', '35', '1', '1', '', '0', '0', '-14421', '449.576', '16.1621', '5.21626', '120', '0', '0', '0', '0', '0', '0', '0', '0', '0', '0', '0', '0', '0', '0', '0'),
('507522', '124237', '0', '5287', '35', '1', '1', '', '0', '0', '-14419.8', '431.901', '9.05219', '5.75389', '120', '0', '0', '0', '0', '0', '0', '0', '0', '0', '0', '0', '0', '0', '0', '0'),
('507523', '123999', '0', '5287', '35', '1', '1', '', '0', '0', '-14420.5', '426.217', '9.1058', '6.25399', '120', '0', '0', '0', '0', '0', '0', '0', '0', '0', '0', '0', '0', '0', '0', '0'),
('507524', '123973', '0', '5287', '35', '1', '1', '', '0', '0', '-14419.9', '425.252', '9.08675', '0.0387852', '120', '0', '0', '0', '0', '0', '0', '0', '0', '0', '0', '0', '0', '0', '0', '0'),
('507525', '124231', '0', '5287', '35', '1', '1', '', '0', '0', '-14420', '430.828', '9.06113', '5.83619', '120', '0', '0', '0', '0', '0', '0', '0', '0', '0', '0', '0', '0', '0', '0', '0'),
('507526', '124740', '0', '5287', '35', '1', '1', '', '0', '0', '-14418.8', '428.496', '9.4156', '0', '120', '0', '0', '0', '0', '0', '0', '0', '0', '0', '0', '0', '0', '0', '0', '0'),
('507527', '124221', '0', '5287', '35', '1', '1', '', '0', '0', '-14429.8', '455.363', '15.4275', '4.95452', '120', '0', '0', '0', '0', '0', '0', '0', '0', '0', '0', '0', '0', '0', '0', '0'),
('507528', '124234', '0', '5287', '35', '1', '1', '', '0', '0', '-14431.2', '446.439', '15.561', '6.12865', '120', '0', '0', '0', '0', '0', '0', '0', '0', '0', '0', '0', '0', '0', '0', '0'),
('507529', '123419', '0', '5287', '35', '1', '1', '', '0', '0', '-14434.8', '457.95', '19.3215', '4.91484', '120', '0', '0', '0', '0', '0', '0', '0', '0', '0', '0', '0', '0', '0', '0', '0'),
('507530', '123915', '0', '5287', '35', '1', '1', '', '0', '0', '-14442.1', '452.045', '15.4727', '6.21871', '120', '0', '0', '0', '0', '0', '0', '0', '0', '0', '0', '0', '0', '0', '0', '0'),
('507531', '124057', '0', '5287', '35', '1', '1', '', '0', '0', '-14439.6', '448.024', '15.4933', '6.12865', '120', '0', '0', '0', '0', '0', '0', '0', '0', '0', '0', '0', '0', '0', '0', '0'),
('507532', '123967', '0', '5287', '35', '1', '1', '', '0', '0', '-14440.8', '448.877', '15.4827', '0.0733903', '120', '0', '0', '0', '0', '0', '0', '0', '0', '0', '0', '0', '0', '0', '0', '0'),
('507533', '124114', '0', '5287', '35', '1', '1', '', '0', '0', '-14441.8', '450.12', '16.8179', '6.11815', '120', '0', '0', '0', '0', '0', '0', '0', '0', '0', '0', '0', '0', '0', '0', '0'),
('507534', '123903', '0', '5287', '35', '1', '1', '', '0', '0', '-14448.9', '460.132', '15.4988', '5.9432', '120', '0', '0', '0', '0', '0', '0', '0', '0', '0', '0', '0', '0', '0', '0', '0'),
('507535', '124141', '0', '5287', '35', '1', '1', '', '0', '0', '-14441.9', '487.25', '24.0413', '2.49219', '120', '0', '0', '0', '0', '0', '0', '0', '0', '0', '0', '0', '0', '0', '0', '0'),
('507536', '124740', '0', '5287', '35', '1', '1', '', '0', '0', '-14449.9', '474.068', '15.7585', '0', '120', '0', '0', '0', '0', '0', '0', '0', '0', '0', '0', '0', '0', '0', '0', '0'),
('507537', '124117', '0', '5287', '35', '1', '1', '', '0', '0', '-14450.6', '465.054', '15.3783', '5.9432', '120', '0', '0', '0', '0', '0', '0', '0', '0', '0', '0', '0', '0', '0', '0', '0'),
('507538', '124142', '0', '5287', '35', '1', '1', '', '0', '0', '-14441.6', '491.236', '28.8361', '2.26156', '120', '0', '0', '0', '0', '0', '0', '0', '0', '0', '0', '0', '0', '0', '0', '0'),
('507539', '124246', '0', '5287', '35', '1', '1', '', '0', '0', '-14438.7', '496.802', '28.2319', '3.23048', '120', '0', '0', '0', '0', '0', '0', '0', '0', '0', '0', '0', '0', '0', '0', '0'),
('507540', '124050', '0', '5287', '35', '1', '1', '', '0', '0', '-14440.7', '493.431', '29.8185', '2.87921', '120', '0', '0', '0', '0', '0', '0', '0', '0', '0', '0', '0', '0', '0', '0', '0'),
('507541', '123904', '0', '5287', '35', '1', '1', '', '0', '0', '-14451.4', '478.983', '15.1649', '4.81285', '120', '0', '0', '0', '0', '0', '0', '0', '0', '0', '0', '0', '0', '0', '0', '0'),
('507542', '123996', '0', '5287', '35', '1', '1', '', '0', '0', '-14452', '482.34', '17.5627', '5.17852', '120', '0', '0', '0', '0', '0', '0', '0', '0', '0', '0', '0', '0', '0', '0', '0'),
('507543', '124235', '0', '5287', '35', '1', '1', '', '0', '0', '-14452.3', '478.97', '15.1459', '4.91484', '120', '0', '0', '0', '0', '0', '0', '0', '0', '0', '0', '0', '0', '0', '0', '0'),
('507544', '123419', '0', '5287', '35', '1', '1', '', '0', '0', '-14459.4', '481.535', '15.0038', '4.73222', '120', '0', '0', '0', '0', '0', '0', '0', '0', '0', '0', '0', '0', '0', '0', '0'),
('507545', '124234', '0', '5287', '35', '1', '1', '', '0', '0', '-14455.5', '479.102', '15.092', '5.12307', '120', '0', '0', '0', '0', '0', '0', '0', '0', '0', '0', '0', '0', '0', '0', '0'),
('507546', '123977', '0', '5287', '35', '1', '1', '', '0', '0', '-14454.1', '488.095', '15.2049', '1.12027', '120', '0', '0', '0', '0', '0', '0', '0', '0', '0', '0', '0', '0', '0', '0', '0'),
('507547', '124200', '0', '5287', '35', '1', '1', '', '0', '0', '-14448.8', '495.792', '21.8535', '3.96329', '120', '0', '0', '0', '0', '0', '0', '0', '0', '0', '0', '0', '0', '0', '0', '0'),
('507548', '123419', '0', '5287', '35', '1', '1', '', '0', '0', '-14448.7', '494.285', '17.1381', '3.30979', '120', '0', '0', '0', '0', '0', '0', '0', '0', '0', '0', '0', '0', '0', '0', '0'),
('507549', '124236', '0', '5287', '35', '1', '1', '', '0', '0', '-14440.3', '504.102', '26.6685', '3.72951', '120', '0', '0', '0', '0', '0', '0', '0', '0', '0', '0', '0', '0', '0', '0', '0'),
('507550', '123983', '0', '5287', '35', '1', '1', '', '0', '0', '-14447.9', '491.766', '28.7927', '2.10925', '120', '0', '0', '0', '0', '0', '0', '0', '0', '0', '0', '0', '0', '0', '0', '0'),
('507551', '123905', '0', '5287', '35', '1', '1', '', '0', '0', '-14453.6', '488.601', '15.2049', '3.55185', '120', '0', '0', '0', '0', '0', '0', '0', '0', '0', '0', '0', '0', '0', '0', '0'),
('507552', '124198', '0', '5287', '35', '1', '1', '', '0', '0', '-14463.2', '476.502', '15.0384', '6.02751', '120', '0', '0', '0', '0', '0', '0', '0', '0', '0', '0', '0', '0', '0', '0', '0'),
('507553', '123994', '0', '5287', '35', '1', '1', '', '0', '0', '-14453.1', '494.021', '21.8249', '4.76368', '120', '0', '0', '0', '0', '0', '0', '0', '0', '0', '0', '0', '0', '0', '0', '0'),
('507554', '123943', '0', '5287', '35', '1', '1', '', '0', '0', '-14438.3', '508.227', '26.2146', '3.91574', '120', '0', '0', '0', '0', '0', '0', '0', '0', '0', '0', '0', '0', '0', '0', '0'),
('507555', '124012', '0', '5287', '35', '1', '1', '', '0', '0', '-14461', '480.927', '20.4586', '1.79774', '120', '0', '0', '0', '0', '0', '0', '0', '0', '0', '0', '0', '0', '0', '0', '0'),
('507556', '123971', '0', '5287', '35', '1', '1', '', '0', '0', '-14463.1', '477.66', '15.0136', '5.85823', '120', '0', '0', '0', '0', '0', '0', '0', '0', '0', '0', '0', '0', '0', '0', '0'),
('507557', '124129', '0', '5287', '35', '1', '1', '', '0', '0', '-14439.6', '507.45', '26.3435', '4.15018', '120', '0', '0', '0', '0', '0', '0', '0', '0', '0', '0', '0', '0', '0', '0', '0'),
('507558', '124135', '0', '5287', '35', '1', '1', '', '0', '0', '-14462.1', '479.887', '20.4601', '2.7612', '120', '0', '0', '0', '0', '0', '0', '0', '0', '0', '0', '0', '0', '0', '0', '0'),
('507559', '124092', '0', '5287', '35', '1', '1', '', '0', '0', '-14426.9', '519.191', '26.5391', '3.67082', '120', '0', '0', '0', '0', '0', '0', '0', '0', '0', '0', '0', '0', '0', '0', '0'),
('507560', '123975', '0', '5287', '35', '1', '1', '', '0', '0', '-14462.8', '479.496', '20.4609', '1.66832', '120', '0', '0', '0', '0', '0', '0', '0', '0', '0', '0', '0', '0', '0', '0', '0'),
('507561', '124131', '0', '5287', '35', '1', '1', '', '0', '0', '-14437.6', '510.332', '26.0045', '3.76078', '120', '0', '0', '0', '0', '0', '0', '0', '0', '0', '0', '0', '0', '0', '0', '0'),
('507562', '124124', '0', '5287', '35', '1', '1', '', '0', '0', '-14447.2', '502.254', '26.4112', '0.190804', '120', '0', '0', '0', '0', '0', '0', '0', '0', '0', '0', '0', '0', '0', '0', '0'),
('507563', '123949', '0', '5287', '35', '1', '1', '', '0', '0', '-14439.2', '509.932', '26.145', '3.7863', '120', '0', '0', '0', '0', '0', '0', '0', '0', '0', '0', '0', '0', '0', '0', '0'),
('507564', '123419', '0', '5287', '35', '1', '1', '', '0', '0', '-14439.1', '508.746', '26.1749', '4.19145', '120', '0', '0', '0', '0', '0', '0', '0', '0', '0', '0', '0', '0', '0', '0', '0'),
('507565', '123933', '0', '5287', '35', '1', '1', '', '0', '0', '-14437.7', '511.977', '25.9817', '4.2651', '120', '0', '0', '0', '0', '0', '0', '0', '0', '0', '0', '0', '0', '0', '0', '0'),
('507566', '123911', '0', '5287', '35', '1', '1', '', '0', '0', '-14430.2', '518.057', '26.3681', '3.7895', '120', '0', '0', '0', '0', '0', '0', '0', '0', '0', '0', '0', '0', '0', '0', '0'),
('507567', '123938', '0', '5287', '35', '1', '1', '', '0', '0', '-14448.2', '504.431', '26.4442', '6.17785', '120', '0', '0', '0', '0', '0', '0', '0', '0', '0', '0', '0', '0', '0', '0', '0'),
('507568', '124202', '0', '5287', '35', '1', '1', '', '0', '0', '-14448.1', '503.455', '26.4224', '5.98098', '120', '0', '0', '0', '0', '0', '0', '0', '0', '0', '0', '0', '0', '0', '0', '0'),
('507569', '124740', '0', '5287', '35', '1', '1', '', '0', '0', '-14443.6', '509.325', '27.0203', '0', '120', '0', '0', '0', '0', '0', '0', '0', '0', '0', '0', '0', '0', '0', '0', '0'),
('507570', '124014', '0', '5287', '35', '1', '1', '', '0', '0', '-14431.7', '518.318', '26.2638', '3.32216', '120', '0', '0', '0', '0', '0', '0', '0', '0', '0', '0', '0', '0', '0', '0', '0'),
('507571', '123971', '0', '5287', '35', '1', '1', '', '0', '0', '-14430.8', '519.611', '26.0793', '3.32216', '120', '0', '0', '0', '0', '0', '0', '0', '0', '0', '0', '0', '0', '0', '0', '0'),
('507572', '123993', '0', '5287', '35', '1', '1', '', '0', '0', '-14428.9', '521.632', '25.989', '3.67082', '120', '0', '0', '0', '0', '0', '0', '0', '0', '0', '0', '0', '0', '0', '0', '0'),
('507573', '124124', '0', '5287', '35', '1', '1', '', '0', '0', '-14432', '519.596', '25.9701', '3.95129', '120', '0', '0', '0', '0', '0', '0', '0', '0', '0', '0', '0', '0', '0', '0', '0'),
('507574', '124134', '0', '5287', '35', '1', '1', '', '0', '0', '-14438.9', '512.616', '26.095', '3.98542', '120', '0', '0', '0', '0', '0', '0', '0', '0', '0', '0', '0', '0', '0', '0', '0'),
('507575', '124233', '0', '5287', '35', '1', '1', '', '0', '0', '-14438.9', '511.295', '26.1116', '3.72951', '120', '0', '0', '0', '0', '0', '0', '0', '0', '0', '0', '0', '0', '0', '0', '0'),
('507576', '124237', '0', '5287', '35', '1', '1', '', '0', '0', '-14429', '519.667', '26.2557', '3.67082', '120', '0', '0', '0', '0', '0', '0', '0', '0', '0', '0', '0', '0', '0', '0', '0'),
('507577', '124139', '0', '5287', '35', '1', '1', '', '0', '0', '-14429.3', '525.76', '25.3615', '3.33914', '120', '0', '0', '0', '0', '0', '0', '0', '0', '0', '0', '0', '0', '0', '0', '0'),
('507578', '123974', '0', '5287', '35', '1', '1', '', '0', '0', '-14431.5', '520.82', '25.823', '3.67082', '120', '0', '0', '0', '0', '0', '0', '0', '0', '0', '0', '0', '0', '0', '0', '0'),
('507579', '123927', '0', '5287', '35', '1', '1', '', '0', '0', '-14430.8', '523.413', '25.5163', '2.84756', '120', '0', '0', '0', '0', '0', '0', '0', '0', '0', '0', '0', '0', '0', '0', '0'),
('507580', '123950', '0', '5287', '35', '1', '1', '', '0', '0', '-14432', '523.045', '25.5201', '3.09356', '120', '0', '0', '0', '0', '0', '0', '0', '0', '0', '0', '0', '0', '0', '0', '0'),
('507582', '123899', '0', '5287', '35', '1', '1', '', '0', '0', '-14454.9', '499.417', '26.3556', '5.66771', '120', '0', '0', '0', '0', '0', '0', '0', '0', '0', '0', '0', '0', '0', '0', '0'),
('507583', '124257', '0', '5287', '35', '1', '1', '', '0', '0', '-14430.8', '527.222', '25.0515', '3.95715', '120', '0', '0', '0', '0', '0', '0', '0', '0', '0', '0', '0', '0', '0', '0', '0'),
('507585', '124245', '0', '5287', '35', '1', '1', '', '0', '0', '-14454.1', '499.236', '26.3581', '3.96495', '120', '0', '0', '0', '0', '0', '0', '0', '0', '0', '0', '0', '0', '0', '0', '0'),
('507586', '123966', '0', '5287', '35', '1', '1', '', '0', '0', '-14431.8', '524.154', '25.3755', '3.56481', '120', '0', '0', '0', '0', '0', '0', '0', '0', '0', '0', '0', '0', '0', '0', '0'),
('507587', '124245', '0', '5287', '35', '1', '1', '', '0', '0', '-14429.8', '526.929', '25.147', '3.11026', '120', '0', '0', '0', '0', '0', '0', '0', '0', '0', '0', '0', '0', '0', '0', '0'),
('507588', '123892', '0', '5287', '35', '1', '1', '', '0', '0', '-14430.7', '525.941', '25.2551', '3.33914', '120', '0', '0', '0', '0', '0', '0', '0', '0', '0', '0', '0', '0', '0', '0', '0'),
('507589', '124243', '0', '5287', '35', '1', '1', '', '0', '0', '-14455.4', '497.76', '26.3556', '5.49708', '120', '0', '0', '0', '0', '0', '0', '0', '0', '0', '0', '0', '0', '0', '0', '0'),
('507590', '124132', '0', '5287', '35', '1', '1', '', '0', '0', '-14430.5', '524.861', '25.3638', '3.33914', '120', '0', '0', '0', '0', '0', '0', '0', '0', '0', '0', '0', '0', '0', '0', '0'),
('507591', '124740', '0', '5287', '35', '1', '1', '', '0', '0', '-14441.8', '521.062', '25.9863', '0', '120', '0', '0', '0', '0', '0', '0', '0', '0', '0', '0', '0', '0', '0', '0', '0'),
('507592', '123965', '0', '5287', '35', '1', '1', '', '0', '0', '-14458.5', '498.054', '26.3591', '0.192783', '120', '0', '0', '0', '0', '0', '0', '0', '0', '0', '0', '0', '0', '0', '0', '0'),
('507593', '124126', '0', '5287', '35', '1', '1', '', '0', '0', '-14458', '498.651', '26.3556', '5.20652', '120', '0', '0', '0', '0', '0', '0', '0', '0', '0', '0', '0', '0', '0', '0', '0'),
('507594', '123914', '0', '5287', '35', '1', '1', '', '0', '0', '-14466.8', '480.887', '14.9769', '5.85823', '120', '0', '0', '0', '0', '0', '0', '0', '0', '0', '0', '0', '0', '0', '0', '0'),
('507595', '123956', '0', '5287', '35', '1', '1', '', '0', '0', '-14472.7', '490.25', '14.9874', '5.51561', '120', '0', '0', '0', '0', '0', '0', '0', '0', '0', '0', '0', '0', '0', '0', '0'),
('507596', '124122', '0', '5287', '35', '1', '1', '', '0', '0', '-14472.3', '488.342', '14.9849', '1.1124', '120', '0', '0', '0', '0', '0', '0', '0', '0', '0', '0', '0', '0', '0', '0', '0'),
('507597', '124145', '0', '5287', '35', '1', '1', '', '0', '0', '-14461.6', '497.201', '15.202', '5.45903', '120', '0', '0', '0', '0', '0', '0', '0', '0', '0', '0', '0', '0', '0', '0', '0'),
('507598', '124140', '0', '5287', '35', '1', '1', '', '0', '0', '-14472.8', '489.297', '14.9867', '5.85823', '120', '0', '0', '0', '0', '0', '0', '0', '0', '0', '0', '0', '0', '0', '0', '0'),
('507599', '123993', '0', '5287', '35', '1', '1', '', '0', '0', '-14472.4', '493.748', '20.4606', '0.279255', '120', '0', '0', '0', '0', '0', '0', '0', '0', '0', '0', '0', '0', '0', '0', '0'),
('507600', '124248', '0', '5287', '35', '1', '1', '', '0', '0', '-14447.4', '518.462', '26.5182', '4.93511', '120', '0', '0', '0', '0', '0', '0', '0', '0', '0', '0', '0', '0', '0', '0', '0'),
('507601', '124121', '0', '5287', '35', '1', '1', '', '0', '0', '-14445.4', '519.859', '26.3842', '5.28857', '120', '0', '0', '0', '0', '0', '0', '0', '0', '0', '0', '0', '0', '0', '0', '0'),
('507602', '124222', '0', '5287', '35', '1', '1', '', '0', '0', '-14446.8', '519', '26.4562', '4.88134', '120', '0', '0', '0', '0', '0', '0', '0', '0', '0', '0', '0', '0', '0', '0', '0'),
('507603', '124151', '0', '5287', '35', '1', '1', '', '0', '0', '-14448.5', '516.507', '26.6585', '5.08463', '120', '0', '0', '0', '0', '0', '0', '0', '0', '0', '0', '0', '0', '0', '0', '0'),
('507604', '124251', '0', '5287', '35', '1', '1', '', '0', '0', '-14444.8', '520.285', '26.4352', '4.72576', '120', '0', '0', '0', '0', '0', '0', '0', '0', '0', '0', '0', '0', '0', '0', '0'),
('507605', '123946', '0', '5287', '35', '1', '1', '', '0', '0', '-14449', '515.854', '26.677', '5.15485', '120', '0', '0', '0', '0', '0', '0', '0', '0', '0', '0', '0', '0', '0', '0', '0'),
('507606', '123919', '0', '5287', '35', '1', '1', '', '0', '0', '-14442.4', '524.116', '23.6753', '5.28857', '120', '0', '0', '0', '0', '0', '0', '0', '0', '0', '0', '0', '0', '0', '0', '0'),
('507607', '123924', '0', '5287', '35', '1', '1', '', '0', '0', '-14443.4', '525.165', '23.3258', '5.28857', '120', '0', '0', '0', '0', '0', '0', '0', '0', '0', '0', '0', '0', '0', '0', '0'),
('507608', '123953', '0', '5287', '35', '1', '1', '', '0', '0', '-14445', '525.802', '22.8663', '5.28857', '120', '0', '0', '0', '0', '0', '0', '0', '0', '0', '0', '0', '0', '0', '0', '0'),
('507609', '123902', '0', '5287', '35', '1', '1', '', '0', '0', '-14441.3', '527.705', '23.5429', '5.28857', '120', '0', '0', '0', '0', '0', '0', '0', '0', '0', '0', '0', '0', '0', '0', '0'),
('507610', '123419', '0', '5287', '35', '1', '1', '', '0', '0', '-14444.3', '527.029', '22.9115', '5.28857', '120', '0', '0', '0', '0', '0', '0', '0', '0', '0', '0', '0', '0', '0', '0', '0'),
('507611', '123984', '0', '5287', '35', '1', '1', '', '0', '0', '-14441.6', '525.904', '23.6587', '5.28857', '120', '0', '0', '0', '0', '0', '0', '0', '0', '0', '0', '0', '0', '0', '0', '0'),
('507612', '124219', '0', '5287', '35', '1', '1', '', '0', '0', '-14442.7', '527.295', '23.2415', '5.28857', '120', '0', '0', '0', '0', '0', '0', '0', '0', '0', '0', '0', '0', '0', '0', '0'),
('507613', '123970', '0', '5287', '35', '1', '1', '', '0', '0', '-14441.2', '531.08', '23.1412', '5.28857', '120', '0', '0', '0', '0', '0', '0', '0', '0', '0', '0', '0', '0', '0', '0', '0'),
('507614', '123920', '0', '5287', '35', '1', '1', '', '0', '0', '-14443.1', '530.766', '22.7668', '5.28857', '120', '0', '0', '0', '0', '0', '0', '0', '0', '0', '0', '0', '0', '0', '0', '0'),
('507615', '123928', '0', '5287', '35', '1', '1', '', '0', '0', '-14441.3', '528.943', '23.3838', '5.28857', '120', '0', '0', '0', '0', '0', '0', '0', '0', '0', '0', '0', '0', '0', '0', '0'),
('507616', '123896', '0', '5287', '35', '1', '1', '', '0', '0', '-14443.2', '528.93', '22.9359', '5.28857', '120', '0', '0', '0', '0', '0', '0', '0', '0', '0', '0', '0', '0', '0', '0', '0'),
('507617', '124147', '0', '5287', '35', '1', '1', '', '0', '0', '-14442.4', '530.016', '23.0168', '5.28857', '120', '0', '0', '0', '0', '0', '0', '0', '0', '0', '0', '0', '0', '0', '0', '0'),
('507618', '124058', '0', '5287', '35', '1', '1', '', '0', '0', '-14440.2', '532.073', '23.1878', '5.28857', '120', '0', '0', '0', '0', '0', '0', '0', '0', '0', '0', '0', '0', '0', '0', '0'),
('507619', '124198', '0', '5287', '35', '1', '1', '', '0', '0', '-14442', '532.005', '22.8801', '5.83927', '120', '0', '0', '0', '0', '0', '0', '0', '0', '0', '0', '0', '0', '0', '0', '0'),
('507620', '124740', '0', '5339', '33', '1', '1', '', '0', '0', '-11396.3', '-286.893', '58.6067', '2.69442', '300', '0', '0', '87', '0', '0', '0', '0', '0', '0', '0', '0', '0', '0', '0', '0'),
('507621', '124740', '0', '1537', '5343', '1', '1', '', '0', '0', '-4970.22', '-1187.37', '501.659', '0.565767', '300', '0', '0', '87', '0', '0', '0', '0', '0', '0', '0', '0', '0', '0', '0', '0');

REPLACE INTO `creature_template` (`entry`, `trainer_type`, `gossip_menu_id`, `exp`, `minlevel`, `maxlevel`, `faction`, `npcflag`, `npcflag2`, `RangeAttackTime`, `unit_class`, `unit_flags`, `unit_flags2`, `unit_flags3`, `VehicleId`, `HoverHeight`, `InhabitType`, `SandboxScalingID`, `ScaleLevelMin`, `ScaleLevelMax`, `ScaleLevelDelta`, `ScaleLevelDuration`, `ControllerID`, `StateWorldEffectID`, `SpellStateVisualID`, `SpellStateAnimID`, `SpellStateAnimKitID`, `WorldEffects`, `PassiveSpells`, `flags_extra`, `speed_walk`, `speed_run`, `BaseAttackTime`) VALUES
(123987, 0, 0, 0, 120, 120, 35, 0, 0, 2000, 2, 33536, 2048, 0, 0, 1, 3, 0, 1, 120, 0, 100, -1, 0, 0, 1346, 0, '', '', 0, 1, 1.142857, 2000), -- 123987
(123988, 0, 0, 0, 120, 120, 35, 0, 0, 2000, 2, 33536, 2048, 0, 0, 1, 3, 0, 1, 120, 0, 100, -1, 0, 0, 1346, 0, '', '', 0, 1, 1.142857, 2000), -- 123988
(123989, 0, 0, 0, 120, 120, 35, 0, 0, 2000, 2, 33536, 2048, 0, 0, 1, 3, 0, 1, 120, 0, 100, -1, 0, 0, 1346, 0, '', '', 0, 1, 1.142857, 2000), -- 123989
(123990, 0, 0, 0, 120, 120, 35, 0, 0, 2000, 2, 33536, 2048, 0, 0, 1, 3, 0, 1, 120, 0, 100, -1, 0, 0, 1346, 0, '', '', 0, 1, 1.142857, 2000), -- 123990
(123991, 0, 0, 0, 120, 120, 35, 0, 0, 2000, 2, 33536, 2048, 0, 0, 1, 3, 0, 1, 120, 0, 100, -1, 0, 0, 1346, 0, '', '', 0, 1, 1.142857, 2000), -- 123991
(123992, 0, 0, 0, 120, 120, 35, 0, 0, 2000, 2, 33536, 2048, 0, 0, 1, 3, 0, 1, 120, 0, 100, -1, 0, 0, 1346, 0, '', '', 0, 1, 1.142857, 2000), -- 123992
(123993, 0, 0, 0, 120, 120, 35, 0, 0, 2000, 2, 33536, 2048, 0, 0, 1, 3, 0, 1, 120, 0, 100, -1, 0, 0, 1346, 0, '', '', 0, 1, 1.142857, 2000), -- 123993
(123994, 0, 0, 0, 120, 120, 35, 0, 0, 2000, 2, 33536, 2048, 0, 0, 1, 3, 0, 1, 120, 0, 100, -1, 0, 0, 1346, 0, '', '', 0, 1, 1.142857, 2000), -- 123994
(123996, 0, 0, 0, 120, 120, 35, 0, 0, 2000, 2, 33536, 2048, 0, 0, 1, 3, 0, 1, 120, 0, 100, -1, 0, 0, 1346, 0, '', '', 0, 1, 1.142857, 2000), -- 123996
(123997, 0, 0, 0, 120, 120, 35, 0, 0, 2000, 2, 33536, 2048, 0, 0, 1, 3, 0, 1, 120, 0, 100, -1, 0, 0, 1346, 0, '', '', 0, 1, 1.142857, 2000), -- 123997
(123998, 0, 0, 0, 120, 120, 35, 0, 0, 2000, 2, 33536, 2048, 0, 0, 1, 3, 0, 1, 120, 0, 100, -1, 0, 0, 1346, 0, '', '', 0, 1, 1.142857, 2000), -- 123998
(123999, 0, 0, 0, 120, 120, 35, 0, 0, 2000, 2, 33536, 2048, 0, 0, 1, 3, 0, 1, 120, 0, 100, -1, 0, 0, 1346, 0, '', '', 0, 1, 1.142857, 2000), -- 123999
(124000, 0, 0, 0, 120, 120, 35, 0, 0, 2000, 2, 33536, 2048, 0, 0, 1, 3, 0, 1, 120, 0, 100, -1, 0, 0, 1346, 0, '', '', 0, 1, 1.142857, 2000), -- 124000
(124001, 0, 0, 0, 120, 120, 35, 0, 0, 2000, 2, 33536, 2048, 0, 0, 1, 3, 0, 1, 120, 0, 100, -1, 0, 0, 1346, 0, '', '', 0, 1, 1.142857, 2000), -- 124001
(124002, 0, 0, 0, 120, 120, 35, 0, 0, 2000, 2, 33536, 2048, 0, 0, 1, 3, 0, 1, 120, 0, 100, -1, 0, 0, 1346, 0, '', '', 0, 1, 1.142857, 2000), -- 124002
(124003, 0, 0, 0, 120, 120, 35, 0, 0, 2000, 2, 33536, 2048, 0, 0, 1, 3, 0, 1, 120, 0, 100, -1, 0, 0, 1346, 0, '', '', 0, 1, 1.142857, 2000), -- 124003
(124004, 0, 0, 0, 120, 120, 35, 0, 0, 2000, 2, 33536, 2048, 0, 0, 1, 3, 0, 1, 120, 0, 100, -1, 0, 0, 1346, 0, '', '', 0, 1, 1.142857, 2000), -- 124004
(124005, 0, 0, 0, 120, 120, 35, 0, 0, 2000, 2, 33536, 2048, 0, 0, 1, 3, 0, 1, 120, 0, 100, -1, 0, 0, 1346, 0, '', '', 0, 1, 1.142857, 2000), -- 124005
(124006, 0, 0, 0, 120, 120, 35, 0, 0, 2000, 2, 33536, 2048, 0, 0, 1, 3, 0, 1, 120, 0, 100, -1, 0, 0, 1346, 0, '', '', 0, 1, 1.142857, 2000), -- 124006
(124007, 0, 0, 0, 120, 120, 35, 0, 0, 2000, 2, 33536, 2048, 0, 0, 1, 3, 0, 1, 120, 0, 100, -1, 0, 0, 1346, 0, '', '', 0, 1, 1.142857, 2000), -- 124007
(124008, 0, 0, 0, 120, 120, 35, 0, 0, 2000, 2, 33536, 2048, 0, 0, 1, 3, 0, 1, 120, 0, 100, -1, 0, 0, 1346, 0, '', '', 0, 1, 1.142857, 2000), -- 124008
(124009, 0, 0, 0, 120, 120, 35, 0, 0, 2000, 2, 33536, 2048, 0, 0, 1, 3, 0, 1, 120, 0, 100, -1, 0, 0, 1346, 0, '', '', 0, 1, 1.142857, 2000), -- 124009
(124010, 0, 0, 0, 120, 120, 35, 0, 0, 2000, 2, 33536, 2048, 0, 0, 1, 3, 0, 1, 120, 0, 100, -1, 0, 0, 1346, 0, '', '', 0, 1, 1.142857, 2000), -- 124010
(124011, 0, 0, 0, 120, 120, 35, 0, 0, 2000, 2, 33536, 2048, 0, 0, 1, 3, 0, 1, 120, 0, 100, -1, 0, 0, 1346, 0, '', '', 0, 1, 1.142857, 2000), -- 124011
(124012, 0, 0, 0, 120, 120, 35, 0, 0, 2000, 2, 33536, 2048, 0, 0, 1, 3, 0, 1, 120, 0, 100, -1, 0, 0, 1346, 0, '', '', 0, 1, 1.142857, 2000), -- 124012
(124013, 0, 0, 0, 120, 120, 35, 0, 0, 2000, 2, 33536, 2048, 0, 0, 1, 3, 0, 1, 120, 0, 100, -1, 0, 0, 1346, 0, '', '', 0, 1, 1.142857, 2000), -- 124013
(124014, 0, 0, 0, 120, 120, 35, 0, 0, 2000, 2, 33536, 2048, 0, 0, 1, 3, 0, 1, 120, 0, 100, -1, 0, 0, 1346, 0, '', '', 0, 1, 1.142857, 2000), -- 124014
(124017, 0, 0, 0, 120, 120, 35, 0, 0, 2000, 2, 33536, 2048, 0, 0, 1, 3, 0, 1, 120, 0, 100, -1, 0, 0, 1346, 0, '', '', 0, 1, 1.142857, 2000), -- 124017
(124023, 0, 0, 0, 120, 120, 35, 0, 0, 2000, 2, 33536, 2048, 0, 0, 1, 3, 0, 1, 120, 0, 100, -1, 0, 0, 1346, 0, '', '', 0, 1, 1.142857, 2000), -- 124023
(124038, 0, 0, 0, 120, 120, 35, 0, 0, 2000, 2, 33536, 2048, 0, 0, 1, 3, 0, 1, 120, 0, 100, -1, 0, 0, 1346, 0, '', '', 0, 1, 1.142857, 2000), -- 124038
(124047, 0, 0, 0, 120, 120, 35, 0, 0, 2000, 2, 33536, 2048, 0, 0, 1, 3, 0, 1, 120, 0, 100, -1, 0, 0, 1346, 0, '', '', 0, 1, 1.142857, 2000), -- 124047
(124048, 0, 0, 0, 120, 120, 35, 0, 0, 2000, 2, 33536, 2048, 0, 0, 1, 3, 0, 1, 120, 0, 100, -1, 0, 0, 1346, 0, '', '', 0, 1, 1.142857, 2000), -- 124048
(124049, 0, 0, 0, 120, 120, 35, 0, 0, 2000, 2, 33536, 2048, 0, 0, 1, 3, 0, 1, 120, 0, 100, -1, 0, 0, 1346, 0, '', '', 0, 1, 1.142857, 2000), -- 124049
(124050, 0, 0, 0, 120, 120, 35, 0, 0, 2000, 2, 33536, 2048, 0, 0, 1, 3, 0, 1, 120, 0, 100, -1, 0, 0, 1346, 0, '', '', 0, 1, 1.142857, 2000), -- 124050
(124054, 0, 0, 0, 120, 120, 35, 0, 0, 2000, 2, 33536, 2048, 0, 0, 1, 3, 0, 1, 120, 0, 100, -1, 0, 0, 1346, 0, '', '', 0, 1, 1.142857, 2000), -- 124054
(124056, 0, 0, 0, 120, 120, 35, 0, 0, 2000, 2, 33536, 2048, 0, 0, 1, 3, 0, 1, 120, 0, 100, -1, 0, 0, 1346, 0, '', '', 0, 1, 1.142857, 2000), -- 124056
(124057, 0, 0, 0, 120, 120, 35, 0, 0, 2000, 2, 33536, 2048, 0, 0, 1, 3, 0, 1, 120, 0, 100, -1, 0, 0, 1346, 0, '', '', 0, 1, 1.142857, 2000), -- 124057
(124058, 0, 0, 0, 120, 120, 35, 0, 0, 2000, 2, 33536, 2048, 0, 0, 1, 3, 0, 1, 120, 0, 100, -1, 0, 0, 1346, 0, '', '', 0, 1, 1.142857, 2000), -- 124058
(124059, 0, 0, 0, 120, 120, 35, 0, 0, 2000, 2, 33536, 2048, 0, 0, 1, 3, 0, 1, 120, 0, 100, -1, 0, 0, 1346, 0, '', '', 0, 1, 1.142857, 2000), -- 124059
(124060, 0, 0, 0, 120, 120, 35, 0, 0, 2000, 2, 33536, 2048, 0, 0, 1, 3, 0, 1, 120, 0, 100, -1, 0, 0, 1346, 0, '', '', 0, 1, 1.142857, 2000), -- 124060
(124061, 0, 0, 0, 120, 120, 35, 0, 0, 2000, 2, 33536, 2048, 0, 0, 1, 3, 0, 1, 120, 0, 100, -1, 0, 0, 1346, 0, '', '', 0, 1, 1.142857, 2000), -- 124061
(124064, 0, 0, 0, 120, 120, 35, 0, 0, 2000, 2, 33536, 2048, 0, 0, 1, 3, 0, 1, 120, 0, 100, -1, 0, 0, 1346, 0, '', '', 0, 1, 1.142857, 2000), -- 124064
(124080, 0, 0, 0, 120, 120, 35, 0, 0, 2000, 2, 33536, 2048, 0, 0, 1, 3, 0, 1, 120, 0, 100, -1, 0, 0, 1346, 0, '', '', 0, 1, 1.142857, 2000), -- 124080
(124081, 0, 0, 0, 120, 120, 35, 0, 0, 2000, 2, 33536, 2048, 0, 0, 1, 3, 0, 1, 120, 0, 100, -1, 0, 0, 1346, 0, '', '', 0, 1, 1.142857, 2000), -- 124081
(124082, 0, 0, 0, 120, 120, 35, 0, 0, 2000, 2, 33536, 2048, 0, 0, 1, 3, 0, 1, 120, 0, 100, -1, 0, 0, 1346, 0, '', '', 0, 1, 1.142857, 2000), -- 124082
(124092, 0, 0, 0, 120, 120, 35, 0, 0, 2000, 2, 33536, 2048, 0, 0, 1, 3, 0, 1, 120, 0, 100, -1, 0, 0, 1346, 0, '', '', 0, 1, 1.142857, 2000), -- 124092
(124114, 0, 0, 0, 120, 120, 35, 0, 0, 2000, 2, 33536, 2048, 0, 0, 1, 3, 0, 1, 120, 0, 100, -1, 0, 0, 1346, 0, '', '', 0, 1, 1.142857, 2000), -- 124114
(124116, 0, 0, 0, 120, 120, 35, 0, 0, 2000, 2, 33536, 2048, 0, 0, 1, 3, 0, 1, 120, 0, 100, -1, 0, 0, 1346, 0, '', '', 0, 1, 1.142857, 2000), -- 124116
(124117, 0, 0, 0, 120, 120, 35, 0, 0, 2000, 2, 33536, 2048, 0, 0, 1, 3, 0, 1, 120, 0, 100, -1, 0, 0, 1346, 0, '', '', 0, 1, 1.142857, 2000), -- 124117
(124118, 0, 0, 0, 120, 120, 35, 0, 0, 2000, 2, 33536, 2048, 0, 0, 1, 3, 0, 1, 120, 0, 100, -1, 0, 0, 1346, 0, '', '', 0, 1, 1.142857, 2000), -- 124118
(124119, 0, 0, 0, 120, 120, 35, 0, 0, 2000, 2, 33536, 2048, 0, 0, 1, 3, 0, 1, 120, 0, 100, -1, 0, 0, 1346, 0, '', '', 0, 1, 1.142857, 2000), -- 124119
(124120, 0, 0, 0, 120, 120, 35, 0, 0, 2000, 2, 33536, 2048, 0, 0, 1, 3, 0, 1, 120, 0, 100, -1, 0, 0, 1346, 0, '', '', 0, 1, 1.142857, 2000), -- 124120
(124121, 0, 0, 0, 120, 120, 35, 0, 0, 2000, 2, 33536, 2048, 0, 0, 1, 3, 0, 1, 120, 0, 100, -1, 0, 0, 1346, 0, '', '', 0, 1, 1.142857, 2000), -- 124121
(124122, 0, 0, 0, 120, 120, 35, 0, 0, 2000, 2, 33536, 2048, 0, 0, 1, 3, 0, 1, 120, 0, 100, -1, 0, 0, 1346, 0, '', '', 0, 1, 1.142857, 2000), -- 124122
(124123, 0, 0, 0, 120, 120, 35, 0, 0, 2000, 2, 33536, 2048, 0, 0, 1, 3, 0, 1, 120, 0, 100, -1, 0, 0, 1346, 0, '', '', 0, 1, 1.142857, 2000), -- 124123
(124124, 0, 0, 0, 120, 120, 35, 0, 0, 2000, 2, 33536, 2048, 0, 0, 1, 3, 0, 1, 120, 0, 100, -1, 0, 0, 1346, 0, '', '', 0, 1, 1.142857, 2000), -- 124124
(124125, 0, 0, 0, 120, 120, 35, 0, 0, 2000, 2, 33536, 2048, 0, 0, 1, 3, 0, 1, 120, 0, 100, -1, 0, 0, 1346, 0, '', '', 0, 1, 1.142857, 2000), -- 124125
(124126, 0, 0, 0, 120, 120, 35, 0, 0, 2000, 2, 33536, 2048, 0, 0, 1, 3, 0, 1, 120, 0, 100, -1, 0, 0, 1346, 0, '', '', 0, 1, 1.142857, 2000), -- 124126
(124127, 0, 0, 0, 120, 120, 35, 0, 0, 2000, 2, 33536, 2048, 0, 0, 1, 3, 0, 1, 120, 0, 100, -1, 0, 0, 1346, 0, '', '', 0, 1, 1.142857, 2000), -- 124127
(124128, 0, 0, 0, 120, 120, 35, 0, 0, 2000, 2, 33536, 2048, 0, 0, 1, 3, 0, 1, 120, 0, 100, -1, 0, 0, 1346, 0, '', '', 0, 1, 1.142857, 2000), -- 124128
(124129, 0, 0, 0, 120, 120, 35, 0, 0, 2000, 2, 33536, 2048, 0, 0, 1, 3, 0, 1, 120, 0, 100, -1, 0, 0, 1346, 0, '', '', 0, 1, 1.142857, 2000), -- 124129
(124130, 0, 0, 0, 120, 120, 35, 0, 0, 2000, 2, 33536, 2048, 0, 0, 1, 3, 0, 1, 120, 0, 100, -1, 0, 0, 1346, 0, '', '', 0, 1, 1.142857, 2000), -- 124130
(124131, 0, 0, 0, 120, 120, 35, 0, 0, 2000, 2, 33536, 2048, 0, 0, 1, 3, 0, 1, 120, 0, 100, -1, 0, 0, 1346, 0, '', '', 0, 1, 1.142857, 2000), -- 124131
(124132, 0, 0, 0, 120, 120, 35, 0, 0, 2000, 2, 33536, 2048, 0, 0, 1, 3, 0, 1, 120, 0, 100, -1, 0, 0, 1346, 0, '', '', 0, 1, 1.142857, 2000), -- 124132
(124133, 0, 0, 0, 120, 120, 35, 0, 0, 2000, 2, 33536, 2048, 0, 0, 1, 3, 0, 1, 120, 0, 100, -1, 0, 0, 1346, 0, '', '', 0, 1, 1.142857, 2000), -- 124133
(124134, 0, 0, 0, 120, 120, 35, 0, 0, 2000, 2, 33536, 2048, 0, 0, 1, 3, 0, 1, 120, 0, 100, -1, 0, 0, 1346, 0, '', '', 0, 1, 1.142857, 2000), -- 124134
(124135, 0, 0, 0, 120, 120, 35, 0, 0, 2000, 2, 33536, 2048, 0, 0, 1, 3, 0, 1, 120, 0, 100, -1, 0, 0, 1346, 0, '', '', 0, 1, 1.142857, 2000), -- 124135
(124136, 0, 0, 0, 120, 120, 35, 0, 0, 2000, 2, 33536, 2048, 0, 0, 1, 3, 0, 1, 120, 0, 100, -1, 0, 0, 1346, 0, '', '', 0, 1, 1.142857, 2000), -- 124136
(124138, 0, 0, 0, 120, 120, 35, 0, 0, 2000, 2, 33536, 2048, 0, 0, 1, 3, 0, 1, 120, 0, 100, -1, 0, 0, 1346, 0, '', '', 0, 1, 1.142857, 2000), -- 124138
(124139, 0, 0, 0, 120, 120, 35, 0, 0, 2000, 2, 33536, 2048, 0, 0, 1, 3, 0, 1, 120, 0, 100, -1, 0, 0, 1346, 0, '', '', 0, 1, 1.142857, 2000), -- 124139
(124140, 0, 0, 0, 120, 120, 35, 0, 0, 2000, 2, 33536, 2048, 0, 0, 1, 3, 0, 1, 120, 0, 100, -1, 0, 0, 1346, 0, '', '', 0, 1, 1.142857, 2000), -- 124140
(124141, 0, 0, 0, 120, 120, 35, 0, 0, 2000, 2, 33536, 2048, 0, 0, 1, 3, 0, 1, 120, 0, 100, -1, 0, 0, 1346, 0, '', '', 0, 1, 1.142857, 2000), -- 124141
(124142, 0, 0, 0, 120, 120, 35, 0, 0, 2000, 2, 33536, 2048, 0, 0, 1, 3, 0, 1, 120, 0, 100, -1, 0, 0, 1346, 0, '', '', 0, 1, 1.142857, 2000), -- 124142
(124143, 0, 0, 0, 120, 120, 35, 0, 0, 2000, 2, 33536, 2048, 0, 0, 1, 3, 0, 1, 120, 0, 100, -1, 0, 0, 1346, 0, '', '', 0, 1, 1.142857, 2000), -- 124143
(124144, 0, 0, 0, 120, 120, 35, 0, 0, 2000, 2, 33536, 2048, 0, 0, 1, 3, 0, 1, 120, 0, 100, -1, 0, 0, 1346, 0, '', '', 0, 1, 1.142857, 2000), -- 124144
(124145, 0, 0, 0, 120, 120, 35, 0, 0, 2000, 2, 33536, 2048, 0, 0, 1, 3, 0, 1, 120, 0, 100, -1, 0, 0, 1346, 0, '', '', 0, 1, 1.142857, 2000), -- 124145
(124146, 0, 0, 0, 120, 120, 35, 0, 0, 2000, 2, 33536, 2048, 0, 0, 1, 3, 0, 1, 120, 0, 100, -1, 0, 0, 1346, 0, '', '', 0, 1, 1.142857, 2000), -- 124146
(124147, 0, 0, 0, 120, 120, 35, 0, 0, 2000, 2, 33536, 2048, 0, 0, 1, 3, 0, 1, 120, 0, 100, -1, 0, 0, 1346, 0, '', '', 0, 1, 1.142857, 2000), -- 124147
(124148, 0, 0, 0, 120, 120, 35, 0, 0, 2000, 2, 33536, 2048, 0, 0, 1, 3, 0, 1, 120, 0, 100, -1, 0, 0, 1346, 0, '', '', 0, 1, 1.142857, 2000), -- 124148
(124151, 0, 0, 0, 120, 120, 35, 0, 0, 2000, 2, 33536, 2048, 0, 0, 1, 3, 0, 1, 120, 0, 100, -1, 0, 0, 1346, 0, '', '', 0, 1, 1.142857, 2000), -- 124151
(124153, 0, 0, 0, 120, 120, 35, 0, 0, 2000, 1, 33536, 2048, 0, 0, 1, 3, 0, 1, 120, 0, 100, -1, 0, 0, 1346, 0, '', '', 0, 1, 1.142857, 2000), -- 124153
(124192, 0, 0, 0, 120, 120, 35, 0, 0, 2000, 2, 33536, 2048, 0, 0, 1, 3, 0, 1, 120, 0, 100, -1, 0, 0, 1346, 0, '', '', 0, 1, 1.142857, 2000), -- 124192
(124193, 0, 0, 0, 120, 120, 35, 0, 0, 2000, 2, 33536, 2048, 0, 0, 1, 3, 0, 1, 120, 0, 100, -1, 0, 0, 1346, 0, '', '', 0, 1, 1.142857, 2000), -- 124193
(124196, 0, 0, 0, 120, 120, 35, 0, 0, 2000, 2, 33536, 2048, 0, 0, 1, 3, 0, 1, 120, 0, 100, -1, 0, 0, 1346, 0, '', '', 0, 1, 1.142857, 2000), -- 124196
(124197, 0, 0, 0, 120, 120, 35, 0, 0, 2000, 2, 33536, 2048, 0, 0, 1, 3, 0, 1, 120, 0, 100, -1, 0, 0, 1346, 0, '', '', 0, 1, 1.142857, 2000), -- 124197
(124198, 0, 0, 0, 120, 120, 35, 0, 0, 2000, 2, 33536, 2048, 0, 0, 1, 3, 0, 1, 120, 0, 100, -1, 0, 0, 1346, 0, '', '', 0, 1, 1.142857, 2000), -- 124198
(124199, 0, 0, 0, 120, 120, 35, 0, 0, 2000, 2, 33536, 2048, 0, 0, 1, 3, 0, 1, 120, 0, 100, -1, 0, 0, 1346, 0, '', '', 0, 1, 1.142857, 2000), -- 124199
(124200, 0, 0, 0, 120, 120, 35, 0, 0, 2000, 2, 33536, 2048, 0, 0, 1, 3, 0, 1, 120, 0, 100, -1, 0, 0, 1346, 0, '', '', 0, 1, 1.142857, 2000), -- 124200
(124202, 0, 0, 0, 120, 120, 35, 0, 0, 2000, 2, 33536, 2048, 0, 0, 1, 3, 0, 1, 120, 0, 100, -1, 0, 0, 1346, 0, '', '', 0, 1, 1.142857, 2000), -- 124202
(124203, 0, 0, 0, 120, 120, 35, 0, 0, 2000, 2, 33536, 2048, 0, 0, 1, 3, 0, 1, 120, 0, 100, -1, 0, 0, 1346, 0, '', '', 0, 1, 1.142857, 2000), -- 124203
(124204, 0, 0, 0, 120, 120, 35, 0, 0, 2000, 2, 33536, 2048, 0, 0, 1, 3, 0, 1, 120, 0, 100, -1, 0, 0, 1346, 0, '', '', 0, 1, 1.142857, 2000), -- 124204
(124205, 0, 0, 0, 120, 120, 35, 0, 0, 2000, 2, 33536, 2048, 0, 0, 1, 3, 0, 1, 120, 0, 100, -1, 0, 0, 1346, 0, '', '', 0, 1, 1.142857, 2000), -- 124205
(124215, 0, 0, 0, 120, 120, 35, 0, 0, 2000, 2, 33536, 2048, 0, 0, 1, 3, 0, 1, 120, 0, 100, -1, 0, 0, 1346, 0, '', '', 0, 1, 1.142857, 2000), -- 124215
(124219, 0, 0, 0, 120, 120, 35, 0, 0, 2000, 2, 33536, 2048, 0, 0, 1, 3, 0, 1, 120, 0, 100, -1, 0, 0, 1346, 0, '', '', 0, 1, 1.142857, 2000), -- 124219
(124220, 0, 0, 0, 120, 120, 35, 0, 0, 2000, 2, 33536, 2048, 0, 0, 1, 3, 0, 1, 120, 0, 100, -1, 0, 0, 1346, 0, '', '', 0, 1, 1.142857, 2000), -- 124220
(124221, 0, 0, 0, 120, 120, 35, 0, 0, 2000, 2, 33536, 2048, 0, 0, 1, 3, 0, 1, 120, 0, 100, -1, 0, 0, 1346, 0, '', '', 0, 1, 1.142857, 2000), -- 124221
(124222, 0, 0, 0, 120, 120, 35, 0, 0, 2000, 2, 33536, 2048, 0, 0, 1, 3, 0, 1, 120, 0, 100, -1, 0, 0, 1346, 0, '', '', 0, 1, 1.142857, 2000), -- 124222
(124231, 0, 0, 0, 120, 120, 35, 0, 0, 2000, 2, 33536, 2048, 0, 0, 1, 3, 0, 1, 120, 0, 100, -1, 0, 0, 1346, 0, '', '', 0, 1, 1.142857, 2000), -- 124231
(124233, 0, 0, 0, 120, 120, 35, 0, 0, 2000, 2, 33536, 2048, 0, 0, 1, 3, 0, 1, 120, 0, 100, -1, 0, 0, 1346, 0, '', '', 0, 1, 1.142857, 2000), -- 124233
(124234, 0, 0, 0, 120, 120, 35, 0, 0, 2000, 2, 33536, 2048, 0, 0, 1, 3, 0, 1, 120, 0, 100, -1, 0, 0, 1346, 0, '', '', 0, 1, 1.142857, 2000), -- 124234
(124235, 0, 0, 0, 120, 120, 35, 0, 0, 2000, 2, 33536, 2048, 0, 0, 1, 3, 0, 1, 120, 0, 100, -1, 0, 0, 1346, 0, '', '', 0, 1, 1.142857, 2000), -- 124235
(124236, 0, 0, 0, 120, 120, 35, 0, 0, 2000, 2, 33536, 2048, 0, 0, 1, 3, 0, 1, 120, 0, 100, -1, 0, 0, 1346, 0, '', '', 0, 1, 1.142857, 2000), -- 124236
(124237, 0, 0, 0, 120, 120, 35, 0, 0, 2000, 2, 33536, 2048, 0, 0, 1, 3, 0, 1, 120, 0, 100, -1, 0, 0, 1346, 0, '', '', 0, 1, 1.142857, 2000), -- 124237
(124243, 0, 0, 0, 120, 120, 35, 0, 0, 2000, 8, 33536, 2048, 0, 0, 1, 3, 0, 1, 120, 0, 100, -1, 0, 0, 1346, 0, '', '', 0, 1, 1.142857, 2000), -- 124243
(124245, 0, 0, 0, 120, 120, 35, 0, 0, 2000, 2, 33536, 2048, 0, 0, 1, 3, 0, 1, 120, 0, 100, -1, 0, 0, 1346, 0, '', '', 0, 1, 1.142857, 2000), -- 124245
(124246, 0, 0, 0, 120, 120, 35, 0, 0, 2000, 2, 33536, 2048, 0, 0, 1, 3, 0, 1, 120, 0, 100, -1, 0, 0, 1346, 0, '', '', 0, 1, 1.142857, 2000), -- 124246
(124248, 0, 0, 0, 120, 120, 35, 0, 0, 2000, 2, 33536, 2048, 0, 0, 1, 3, 0, 1, 120, 0, 100, -1, 0, 0, 1346, 0, '', '', 0, 1, 1.142857, 2000), -- 124248
(124251, 0, 0, 0, 120, 120, 35, 0, 0, 2000, 2, 33536, 2048, 0, 0, 1, 3, 0, 1, 120, 0, 100, -1, 0, 0, 1346, 0, '', '', 0, 1, 1.142857, 2000), -- 124251
(124257, 0, 0, 0, 120, 120, 35, 2, 0, 2000, 1, 33536, 2048, 0, 0, 1, 3, 0, 1, 120, 0, 100, -1, 0, 0, 1346, 0, '', '', 0, 1, 1.142857, 2000), -- 124257
(124260, 0, 0, 0, 120, 120, 35, 0, 0, 2000, 8, 33536, 2048, 0, 0, 1, 3, 0, 1, 120, 0, 100, -1, 0, 0, 1346, 0, '', '', 0, 1, 1.142857, 2000), -- 124260
(124280, 0, 0, 0, 120, 120, 35, 2, 0, 2000, 2, 33536, 2048, 0, 0, 1, 3, 0, 1, 120, 0, 100, -1, 0, 0, 1346, 0, '', '', 0, 1, 1.142857, 2000), -- 124280
(123419, 0, 0, 0, 120, 120, 35, 0, 0, 2000, 2, 33536, 2048, 0, 0, 1, 3, 0, 1, 120, 0, 100, -1, 0, 0, 1346, 0, '', '', 0, 1, 1.142857, 2000), -- 123419
(124542, 0, 0, 0, 120, 120, 35, 0, 0, 2000, 2, 33536, 2048, 0, 0, 1, 3, 0, 1, 120, 0, 100, -1, 0, 0, 1346, 0, '', '', 0, 1, 1.142857, 2000), -- 124542
(124543, 0, 0, 0, 120, 120, 35, 0, 0, 2000, 2, 33536, 2048, 0, 0, 1, 3, 0, 1, 120, 0, 100, -1, 0, 0, 1346, 0, '', '', 0, 1, 1.142857, 2000), -- 124543
(124603, 0, 0, 0, 120, 120, 35, 0, 0, 2000, 2, 33536, 2048, 0, 0, 1, 3, 0, 1, 120, 0, 100, -1, 0, 0, 1346, 0, '', '', 0, 1, 1.142857, 2000), -- 124603
(124604, 0, 0, 0, 120, 120, 35, 0, 0, 2000, 2, 33536, 2048, 0, 0, 1, 3, 0, 1, 120, 0, 100, -1, 0, 0, 1346, 0, '', '', 0, 1, 1.142857, 2000), -- 124604
(123602, 0, 0, 0, 120, 120, 35, 0, 0, 2000, 2, 33536, 2048, 0, 0, 1, 3, 0, 1, 120, 0, 100, -1, 0, 0, 1346, 0, '', '', 0, 1, 1.142857, 2000), -- 123602
(126990, 0, 0, 0, 120, 120, 35, 0, 0, 2000, 2, 33536, 2048, 0, 0, 1, 3, 0, 1, 120, 0, 100, -1, 0, 0, 1346, 0, '', '', 0, 1, 1.142857, 2000), -- 126990
(125000, 0, 0, 0, 120, 120, 35, 0, 0, 2000, 2, 33536, 2048, 0, 0, 1, 3, 0, 1, 120, 0, 100, -1, 0, 0, 1346, 0, '', '', 0, 1, 1.142857, 2000), -- 125000
(123891, 0, 0, 0, 120, 120, 35, 0, 0, 2000, 2, 33536, 2048, 0, 0, 1, 3, 0, 1, 120, 0, 100, -1, 0, 0, 1346, 0, '', '', 0, 1, 1.142857, 2000), -- 123891
(123892, 0, 0, 0, 120, 120, 35, 0, 0, 2000, 2, 33536, 2048, 0, 0, 1, 3, 0, 1, 120, 0, 100, -1, 0, 0, 1346, 0, '', '', 0, 1, 1.142857, 2000), -- 123892
(123894, 0, 0, 0, 120, 120, 35, 0, 0, 2000, 2, 33536, 2048, 0, 0, 1, 3, 0, 1, 120, 0, 100, -1, 0, 0, 1346, 0, '', '', 0, 1, 1.142857, 2000), -- 123894
(123895, 0, 0, 0, 120, 120, 35, 0, 0, 2000, 2, 33536, 2048, 0, 0, 1, 3, 0, 1, 120, 0, 100, -1, 0, 0, 1346, 0, '', '', 0, 1, 1.142857, 2000), -- 123895
(123896, 0, 0, 0, 120, 120, 35, 0, 0, 2000, 2, 33536, 2048, 0, 0, 1, 3, 0, 1, 120, 0, 100, -1, 0, 0, 1346, 0, '', '', 0, 1, 1.142857, 2000), -- 123896
(123897, 0, 0, 0, 120, 120, 35, 0, 0, 2000, 2, 33536, 2048, 0, 0, 1, 3, 0, 1, 120, 0, 100, -1, 0, 0, 1346, 0, '', '', 0, 1, 1.142857, 2000), -- 123897
(123898, 0, 0, 0, 120, 120, 35, 0, 0, 2000, 2, 33536, 2048, 0, 0, 1, 3, 0, 1, 120, 0, 100, -1, 0, 0, 1346, 0, '', '', 0, 1, 1.142857, 2000), -- 123898
(123899, 0, 0, 0, 120, 120, 35, 0, 0, 2000, 2, 33536, 2048, 0, 0, 1, 3, 0, 1, 120, 0, 100, -1, 0, 0, 1346, 0, '', '', 0, 1, 1.142857, 2000), -- 123899
(123900, 0, 0, 0, 120, 120, 35, 0, 0, 2000, 2, 33536, 2048, 0, 0, 1, 3, 0, 1, 120, 0, 100, -1, 0, 0, 1346, 0, '', '', 0, 1, 1.142857, 2000), -- 123900
(123902, 0, 0, 0, 120, 120, 35, 0, 0, 2000, 2, 33536, 2048, 0, 0, 1, 3, 0, 1, 120, 0, 100, -1, 0, 0, 1346, 0, '', '', 0, 1, 1.142857, 2000), -- 123902
(123903, 0, 0, 0, 120, 120, 35, 0, 0, 2000, 2, 33536, 2048, 0, 0, 1, 3, 0, 1, 120, 0, 100, -1, 0, 0, 1346, 0, '', '', 0, 1, 1.142857, 2000), -- 123903
(123904, 0, 0, 0, 120, 120, 35, 0, 0, 2000, 2, 33536, 2048, 0, 0, 1, 3, 0, 1, 120, 0, 100, -1, 0, 0, 1346, 0, '', '', 0, 1, 1.142857, 2000), -- 123904
(123905, 0, 0, 0, 120, 120, 35, 0, 0, 2000, 2, 33536, 2048, 0, 0, 1, 3, 0, 1, 120, 0, 100, -1, 0, 0, 1346, 0, '', '', 0, 1, 1.142857, 2000), -- 123905
(123907, 0, 0, 0, 120, 120, 35, 0, 0, 2000, 2, 33536, 2048, 0, 0, 1, 3, 0, 1, 120, 0, 100, -1, 0, 0, 1346, 0, '', '', 0, 1, 1.142857, 2000), -- 123907
(123908, 0, 0, 0, 120, 120, 35, 0, 0, 2000, 2, 33536, 2048, 0, 0, 1, 3, 0, 1, 120, 0, 100, -1, 0, 0, 1346, 0, '', '', 0, 1, 1.142857, 2000), -- 123908
(123909, 0, 0, 0, 120, 120, 35, 0, 0, 2000, 2, 33536, 2048, 0, 0, 1, 3, 0, 1, 120, 0, 100, -1, 0, 0, 1346, 0, '', '', 0, 1, 1.142857, 2000), -- 123909
(123910, 0, 0, 0, 120, 120, 35, 0, 0, 2000, 2, 33536, 2048, 0, 0, 1, 3, 0, 1, 120, 0, 100, -1, 0, 0, 1346, 0, '', '', 0, 1, 1.142857, 2000), -- 123910
(123911, 0, 0, 0, 120, 120, 35, 0, 0, 2000, 2, 33536, 2048, 0, 0, 1, 3, 0, 1, 120, 0, 100, -1, 0, 0, 1346, 0, '', '', 0, 1, 1.142857, 2000), -- 123911
(123912, 0, 0, 0, 120, 120, 35, 0, 0, 2000, 2, 33536, 2048, 0, 0, 1, 3, 0, 1, 120, 0, 100, -1, 0, 0, 1346, 0, '', '', 0, 1, 1.142857, 2000), -- 123912
(123913, 0, 0, 0, 120, 120, 35, 0, 0, 2000, 2, 33536, 2048, 0, 0, 1, 3, 0, 1, 120, 0, 100, -1, 0, 0, 1346, 0, '', '', 0, 1, 1.142857, 2000), -- 123913
(123914, 0, 0, 0, 120, 120, 35, 0, 0, 2000, 2, 33536, 2048, 0, 0, 1, 3, 0, 1, 120, 0, 100, -1, 0, 0, 1346, 0, '', '', 0, 1, 1.142857, 2000), -- 123914
(123915, 0, 0, 0, 120, 120, 35, 0, 0, 2000, 2, 33536, 2048, 0, 0, 1, 3, 0, 1, 120, 0, 100, -1, 0, 0, 1346, 0, '', '', 0, 1, 1.142857, 2000), -- 123915
(123916, 0, 0, 0, 120, 120, 35, 0, 0, 2000, 2, 33536, 2048, 0, 0, 1, 3, 0, 1, 120, 0, 100, -1, 0, 0, 1346, 0, '', '', 0, 1, 1.142857, 2000), -- 123916
(123917, 0, 0, 0, 120, 120, 35, 0, 0, 2000, 2, 33536, 2048, 0, 0, 1, 3, 0, 1, 120, 0, 100, -1, 0, 0, 1346, 0, '', '', 0, 1, 1.142857, 2000), -- 123917
(123918, 0, 0, 0, 120, 120, 35, 0, 0, 2000, 2, 33536, 2048, 0, 0, 1, 3, 0, 1, 120, 0, 100, -1, 0, 0, 1346, 0, '', '', 0, 1, 1.142857, 2000), -- 123918
(123919, 0, 0, 0, 120, 120, 35, 0, 0, 2000, 2, 33536, 2048, 0, 0, 1, 3, 0, 1, 120, 0, 100, -1, 0, 0, 1346, 0, '', '', 0, 1, 1.142857, 2000), -- 123919
(123920, 0, 0, 0, 120, 120, 35, 0, 0, 2000, 2, 33536, 2048, 0, 0, 1, 3, 0, 1, 120, 0, 100, -1, 0, 0, 1346, 0, '', '', 0, 1, 1.142857, 2000), -- 123920
(123922, 0, 0, 0, 120, 120, 35, 0, 0, 2000, 2, 33536, 2048, 0, 0, 1, 3, 0, 1, 120, 0, 100, -1, 0, 0, 1346, 0, '', '', 0, 1, 1.142857, 2000), -- 123922
(123923, 0, 0, 0, 120, 120, 35, 0, 0, 2000, 2, 33536, 2048, 0, 0, 1, 3, 0, 1, 120, 0, 100, -1, 0, 0, 1346, 0, '', '', 0, 1, 1.142857, 2000), -- 123923
(123924, 0, 0, 0, 120, 120, 35, 0, 0, 2000, 2, 33536, 2048, 0, 0, 1, 3, 0, 1, 120, 0, 100, -1, 0, 0, 1346, 0, '', '', 0, 1, 1.142857, 2000), -- 123924
(123925, 0, 0, 0, 120, 120, 35, 0, 0, 2000, 2, 33536, 2048, 0, 0, 1, 3, 0, 1, 120, 0, 100, -1, 0, 0, 1346, 0, '', '', 0, 1, 1.142857, 2000), -- 123925
(123926, 0, 0, 0, 120, 120, 35, 0, 0, 2000, 2, 33536, 2048, 0, 0, 1, 3, 0, 1, 120, 0, 100, -1, 0, 0, 1346, 0, '', '', 0, 1, 1.142857, 2000), -- 123926
(123927, 0, 0, 0, 120, 120, 35, 0, 0, 2000, 2, 33536, 2048, 0, 0, 1, 3, 0, 1, 120, 0, 100, -1, 0, 0, 1346, 0, '', '', 0, 1, 1.142857, 2000), -- 123927
(123928, 0, 0, 0, 120, 120, 35, 0, 0, 2000, 2, 33536, 2048, 0, 0, 1, 3, 0, 1, 120, 0, 100, -1, 0, 0, 1346, 0, '', '', 0, 1, 1.142857, 2000), -- 123928
(123930, 0, 0, 0, 120, 120, 35, 0, 0, 2000, 2, 33536, 2048, 0, 0, 1, 3, 0, 1, 120, 0, 100, -1, 0, 0, 1346, 0, '', '', 0, 1, 1.142857, 2000), -- 123930
(123931, 0, 0, 0, 120, 120, 35, 0, 0, 2000, 2, 33536, 2048, 0, 0, 1, 3, 0, 1, 120, 0, 100, -1, 0, 0, 1346, 0, '', '', 0, 1, 1.142857, 2000), -- 123931
(123932, 0, 0, 0, 120, 120, 35, 0, 0, 2000, 2, 33536, 2048, 0, 0, 1, 3, 0, 1, 120, 0, 100, -1, 0, 0, 1346, 0, '', '', 0, 1, 1.142857, 2000), -- 123932
(123933, 0, 0, 0, 120, 120, 35, 0, 0, 2000, 2, 33536, 2048, 0, 0, 1, 3, 0, 1, 120, 0, 100, -1, 0, 0, 1346, 0, '', '', 0, 1, 1.142857, 2000), -- 123933
(123934, 0, 0, 0, 120, 120, 35, 0, 0, 2000, 2, 33536, 2048, 0, 0, 1, 3, 0, 1, 120, 0, 100, -1, 0, 0, 1346, 0, '', '', 0, 1, 1.142857, 2000), -- 123934
(123935, 0, 0, 0, 120, 120, 35, 0, 0, 2000, 2, 33536, 2048, 0, 0, 1, 3, 0, 1, 120, 0, 100, -1, 0, 0, 1346, 0, '', '', 0, 1, 1.142857, 2000), -- 123935
(123936, 0, 0, 0, 120, 120, 35, 0, 0, 2000, 2, 33536, 2048, 0, 0, 1, 3, 0, 1, 120, 0, 100, -1, 0, 0, 1346, 0, '', '', 0, 1, 1.142857, 2000), -- 123936
(123938, 0, 0, 0, 120, 120, 35, 0, 0, 2000, 2, 33536, 2048, 0, 0, 1, 3, 0, 1, 120, 0, 100, -1, 0, 0, 1346, 0, '', '', 0, 1, 1.142857, 2000), -- 123938
(123939, 0, 0, 0, 120, 120, 35, 0, 0, 2000, 2, 33536, 2048, 0, 0, 1, 3, 0, 1, 120, 0, 100, -1, 0, 0, 1346, 0, '', '', 0, 1, 1.142857, 2000), -- 123939
(123941, 0, 0, 0, 120, 120, 35, 0, 0, 2000, 2, 33536, 2048, 0, 0, 1, 3, 0, 1, 120, 0, 100, -1, 0, 0, 1346, 0, '', '', 0, 1, 1.142857, 2000), -- 123941
(123942, 0, 0, 0, 120, 120, 35, 0, 0, 2000, 2, 33536, 2048, 0, 0, 1, 3, 0, 1, 120, 0, 100, -1, 0, 0, 1346, 0, '', '', 0, 1, 1.142857, 2000), -- 123942
(123943, 0, 0, 0, 120, 120, 35, 0, 0, 2000, 2, 33536, 2048, 0, 0, 1, 3, 0, 1, 120, 0, 100, -1, 0, 0, 1346, 0, '', '', 0, 1, 1.142857, 2000), -- 123943
(123944, 0, 0, 0, 120, 120, 35, 0, 0, 2000, 2, 33536, 2048, 0, 0, 1, 3, 0, 1, 120, 0, 100, -1, 0, 0, 1346, 0, '', '', 0, 1, 1.142857, 2000), -- 123944
(123946, 0, 0, 0, 120, 120, 35, 0, 0, 2000, 2, 33536, 2048, 0, 0, 1, 3, 0, 1, 120, 0, 100, -1, 0, 0, 1346, 0, '', '', 0, 1, 1.142857, 2000), -- 123946
(123947, 0, 0, 0, 120, 120, 35, 0, 0, 2000, 2, 33536, 2048, 0, 0, 1, 3, 0, 1, 120, 0, 100, -1, 0, 0, 1346, 0, '', '', 0, 1, 1.142857, 2000), -- 123947
(123948, 0, 0, 0, 120, 120, 35, 0, 0, 2000, 2, 33536, 2048, 0, 0, 1, 3, 0, 1, 120, 0, 100, -1, 0, 0, 1346, 0, '', '', 0, 1, 1.142857, 2000), -- 123948
(123949, 0, 0, 0, 120, 120, 35, 0, 0, 2000, 2, 33536, 2048, 0, 0, 1, 3, 0, 1, 120, 0, 100, -1, 0, 0, 1346, 0, '', '', 0, 1, 1.142857, 2000), -- 123949
(123950, 0, 0, 0, 120, 120, 35, 0, 0, 2000, 2, 33536, 2048, 0, 0, 1, 3, 0, 1, 120, 0, 100, -1, 0, 0, 1346, 0, '', '', 0, 1, 1.142857, 2000), -- 123950
(123951, 0, 0, 0, 120, 120, 35, 0, 0, 2000, 2, 33536, 2048, 0, 0, 1, 3, 0, 1, 120, 0, 100, -1, 0, 0, 1346, 0, '', '', 0, 1, 1.142857, 2000), -- 123951
(123952, 0, 0, 0, 120, 120, 35, 0, 0, 2000, 2, 33536, 2048, 0, 0, 1, 3, 0, 1, 120, 0, 100, -1, 0, 0, 1346, 0, '', '', 0, 1, 1.142857, 2000), -- 123952
(123953, 0, 0, 0, 120, 120, 35, 0, 0, 2000, 2, 33536, 2048, 0, 0, 1, 3, 0, 1, 120, 0, 100, -1, 0, 0, 1346, 0, '', '', 0, 1, 1.142857, 2000), -- 123953
(123954, 0, 0, 0, 120, 120, 35, 0, 0, 2000, 2, 33536, 2048, 0, 0, 1, 3, 0, 1, 120, 0, 100, -1, 0, 0, 1346, 0, '', '', 0, 1, 1.142857, 2000), -- 123954
(123955, 0, 0, 0, 120, 120, 35, 0, 0, 2000, 2, 33536, 2048, 0, 0, 1, 3, 0, 1, 120, 0, 100, -1, 0, 0, 1346, 0, '', '', 0, 1, 1.142857, 2000), -- 123955
(123956, 0, 0, 0, 120, 120, 35, 0, 0, 2000, 2, 33536, 2048, 0, 0, 1, 3, 0, 1, 120, 0, 100, -1, 0, 0, 1346, 0, '', '', 0, 1, 1.142857, 2000), -- 123956
(123957, 0, 0, 0, 120, 120, 35, 0, 0, 2000, 2, 33536, 2048, 0, 0, 1, 3, 0, 1, 120, 0, 100, -1, 0, 0, 1346, 0, '', '', 0, 1, 1.142857, 2000), -- 123957
(123958, 0, 0, 0, 120, 120, 35, 0, 0, 2000, 2, 33536, 2048, 0, 0, 1, 3, 0, 1, 120, 0, 100, -1, 0, 0, 1346, 0, '', '', 0, 1, 1.142857, 2000), -- 123958
(123959, 0, 0, 0, 120, 120, 35, 0, 0, 2000, 2, 33536, 2048, 0, 0, 1, 3, 0, 1, 120, 0, 100, -1, 0, 0, 1346, 0, '', '', 0, 1, 1.142857, 2000), -- 123959
(123960, 0, 0, 0, 120, 120, 35, 0, 0, 2000, 2, 33536, 2048, 0, 0, 1, 3, 0, 1, 120, 0, 100, -1, 0, 0, 1346, 0, '', '', 0, 1, 1.142857, 2000), -- 123960
(123961, 0, 0, 0, 120, 120, 35, 0, 0, 2000, 2, 33536, 2048, 0, 0, 1, 3, 0, 1, 120, 0, 100, -1, 0, 0, 1346, 0, '', '', 0, 1, 1.142857, 2000), -- 123961
(123962, 0, 0, 0, 120, 120, 35, 0, 0, 2000, 2, 33536, 2048, 0, 0, 1, 3, 0, 1, 120, 0, 100, -1, 0, 0, 1346, 0, '', '', 0, 1, 1.142857, 2000), -- 123962
(123963, 0, 0, 0, 120, 120, 35, 0, 0, 2000, 2, 33536, 2048, 0, 0, 1, 3, 0, 1, 120, 0, 100, -1, 0, 0, 1346, 0, '', '', 0, 1, 1.142857, 2000), -- 123963
(123965, 0, 0, 0, 120, 120, 35, 0, 0, 2000, 2, 33536, 2048, 0, 0, 1, 3, 0, 1, 120, 0, 100, -1, 0, 0, 1346, 0, '', '', 0, 1, 1.142857, 2000), -- 123965
(123966, 0, 0, 0, 120, 120, 35, 0, 0, 2000, 2, 33536, 2048, 0, 0, 1, 3, 0, 1, 120, 0, 100, -1, 0, 0, 1346, 0, '', '', 0, 1, 1.142857, 2000), -- 123966
(123967, 0, 0, 0, 120, 120, 35, 0, 0, 2000, 2, 33536, 2048, 0, 0, 1, 3, 0, 1, 120, 0, 100, -1, 0, 0, 1346, 0, '', '', 0, 1, 1.142857, 2000), -- 123967
(123968, 0, 0, 0, 120, 120, 35, 0, 0, 2000, 2, 33536, 2048, 0, 0, 1, 3, 0, 1, 120, 0, 100, -1, 0, 0, 1346, 0, '', '', 0, 1, 1.142857, 2000), -- 123968
(123969, 0, 0, 0, 120, 120, 35, 0, 0, 2000, 2, 33536, 2048, 0, 0, 1, 3, 0, 1, 120, 0, 100, -1, 0, 0, 1346, 0, '', '', 0, 1, 1.142857, 2000), -- 123969
(123970, 0, 0, 0, 120, 120, 35, 0, 0, 2000, 2, 33536, 2048, 0, 0, 1, 3, 0, 1, 120, 0, 100, -1, 0, 0, 1346, 0, '', '', 0, 1, 1.142857, 2000), -- 123970
(123971, 0, 0, 0, 120, 120, 35, 0, 0, 2000, 2, 33536, 2048, 0, 0, 1, 3, 0, 1, 120, 0, 100, -1, 0, 0, 1346, 0, '', '', 0, 1, 1.142857, 2000), -- 123971
(123972, 0, 0, 0, 120, 120, 35, 0, 0, 2000, 2, 33536, 2048, 0, 0, 1, 3, 0, 1, 120, 0, 100, -1, 0, 0, 1346, 0, '', '', 0, 1, 1.142857, 2000), -- 123972
(123973, 0, 0, 0, 120, 120, 35, 0, 0, 2000, 2, 33536, 2048, 0, 0, 1, 3, 0, 1, 120, 0, 100, -1, 0, 0, 1346, 0, '', '', 0, 1, 1.142857, 2000), -- 123973
(123974, 0, 0, 0, 120, 120, 35, 0, 0, 2000, 2, 33536, 2048, 0, 0, 1, 3, 0, 1, 120, 0, 100, -1, 0, 0, 1346, 0, '', '', 0, 1, 1.142857, 2000), -- 123974
(123975, 0, 0, 0, 120, 120, 35, 0, 0, 2000, 2, 33536, 2048, 0, 0, 1, 3, 0, 1, 120, 0, 100, -1, 0, 0, 1346, 0, '', '', 0, 1, 1.142857, 2000), -- 123975
(123976, 0, 0, 0, 120, 120, 35, 0, 0, 2000, 2, 33536, 2048, 0, 0, 1, 3, 0, 1, 120, 0, 100, -1, 0, 0, 1346, 0, '', '', 0, 1, 1.142857, 2000), -- 123976
(123977, 0, 0, 0, 120, 120, 35, 0, 0, 2000, 2, 33536, 2048, 0, 0, 1, 3, 0, 1, 120, 0, 100, -1, 0, 0, 1346, 0, '', '', 0, 1, 1.142857, 2000), -- 123977
(123978, 0, 0, 0, 120, 120, 35, 0, 0, 2000, 2, 33536, 2048, 0, 0, 1, 3, 0, 1, 120, 0, 100, -1, 0, 0, 1346, 0, '', '', 0, 1, 1.142857, 2000), -- 123978
(123979, 0, 0, 0, 120, 120, 35, 0, 0, 2000, 2, 33536, 2048, 0, 0, 1, 3, 0, 1, 120, 0, 100, -1, 0, 0, 1346, 0, '', '', 0, 1, 1.142857, 2000), -- 123979
(123980, 0, 0, 0, 120, 120, 35, 0, 0, 2000, 2, 33536, 2048, 0, 0, 1, 3, 0, 1, 120, 0, 100, -1, 0, 0, 1346, 0, '', '', 0, 1, 1.142857, 2000), -- 123980
(123981, 0, 0, 0, 120, 120, 35, 0, 0, 2000, 2, 33536, 2048, 0, 0, 1, 3, 0, 1, 120, 0, 100, -1, 0, 0, 1346, 0, '', '', 0, 1, 1.142857, 2000), -- 123981
(123982, 0, 0, 0, 120, 120, 35, 0, 0, 2000, 2, 33536, 2048, 0, 0, 1, 3, 0, 1, 120, 0, 100, -1, 0, 0, 1346, 0, '', '', 0, 1, 1.142857, 2000), -- 123982
(123983, 0, 0, 0, 120, 120, 35, 0, 0, 2000, 2, 33536, 2048, 0, 0, 1, 3, 0, 1, 120, 0, 100, -1, 0, 0, 1346, 0, '', '', 0, 1, 1.142857, 2000), -- 123983
(123984, 0, 0, 0, 120, 120, 35, 0, 0, 2000, 2, 33536, 2048, 0, 0, 1, 3, 0, 1, 120, 0, 100, -1, 0, 0, 1346, 0, '', '', 0, 1, 1.142857, 2000), -- 123984
(123985, 0, 0, 0, 120, 120, 35, 0, 0, 2000, 2, 33536, 2048, 0, 0, 1, 3, 0, 1, 120, 0, 100, -1, 0, 0, 1346, 0, '', '', 0, 1, 1.142857, 2000), -- 123985
(123986, 0, 0, 0, 120, 120, 35, 0, 0, 2000, 2, 33536, 2048, 0, 0, 1, 3, 0, 1, 120, 0, 100, -1, 0, 0, 1346, 0, '', '', 0, 1, 1.142857, 2000), -- 123986
(123412, 0, 0, 0, 1, 1, 35, 0, 0, 2000, 1, 33555200, 2131968, 1, 0, 1, 4, 0, 0, 0, 0, 100, -1, 0, 0, 1346, 0, '', '', 0, 1, 1, 2000), -- 123412
(123566, 0, 0, 0, 1, 1, 35, 0, 0, 2000, 1, 33554944, 2048, 0, 0, 1, 4, 0, 0, 0, 0, 100, -1, 0, 0, 1346, 0, '', '', 0, 1, 1, 2000), -- 123566
(123568, 0, 0, 0, 1, 1, 35, 0, 0, 2000, 1, 33554944, 4196352, 0, 0, 1, 4, 0, 0, 0, 0, 100, -1, 0, 0, 1346, 0, '', '', 0, 1, 1, 2000), -- 123568
(124740, 0, 0, 0, 1, 1, 35, 0, 0, 2000, 1, 33555200, 2048, 0, 0, 1, 3, 0, 0, 0, 0, 100, -1, 0, 0, 1346, 0, '', '', 128, 1, 1.142857, 2000); -- 124740

UPDATE creature_template SET AIName='SmartAI', `MaxVisible`='1' WHERE entry IN (123419,123602,123891,123892,123894,123895,123896,123897,123898,123899,123900,123902,123903,123904,123905,123907,
123917,123918,123919,123920,123922,123923,123924,123925,123926,123927,123928,123930,123931,123932,123933,123934,123935,123936,123938,123939,123941,123942,123943,123944,123946,123947,123948,123949,123950,
123951,123952,123953,123954,123955,123956,123957,123958,123959,123960,123961,123962,123963,123965,123966,123967,123968,123969,123970,123971,123972,123973,123974,123975,123976,123977,123978,123979,123980,
123981,123982,123983,123984,123985,123986,123987,123988,123989,123990,123991,123992,123993,123994,123996,123997,123998,123999,124000,124001,124002,124003,124004,124005,124006,124007,124008,124009,124010,
124011,124012,124013,124014,124017,124023,124038,124047,124048,124049,124050,124054,124056,124057,124058,124059,124060,124061,124064,124080,124081,124082,124092,124114,124115,124116,124117,124118,124119,
124120,124121,124122,124123,124124,124125,124126,124127,124128,124129,124130,124131,124132,124133,124134,124135,124138,124139,124140,124141,124142,124143,124144,124145,124146,124147,124148,124151,124153,
124192,124193,124196,124197,124198,124199,124200,124202,124203,124204,124205,124215,124219,124220,124221,124222,124231,124233,124234,124235,124236,124237,124243,124245,124246,124248,124251,124257,124260,
124280,124472,124542,124543,124603,124604,124740,125000,126990,123909,123910,123911,123912,123913,123914,123915,123916,123908,124115);
UPDATE `creature_template` SET `MaxVisible`='1', `ScriptName`='npc_great_gnomeregan_race_gate' WHERE (`entry`='123412');
UPDATE `creature_template` SET `MaxVisible`='1', `ScriptName`='npc_great_gnomeregan_race_gate_finish' WHERE (`entry`='123568');
UPDATE `creature_template` SET `MaxVisible`='1', `ScriptName`='npc_great_gnomeregan_race_gate_start' WHERE (`entry`='123566');

REPLACE INTO `creature_queststarter` (`id`, `quest`) VALUES
('124280', '47709');

DELETE FROM smart_scripts WHERE entryorguid IN (123984,124740,123991,123981,123985,124148,124008,124222,123983,123989,124142,124246,123996,124012,124010,124141,123965,124126,123899,124245,124243,123900,124220,124233,123419,123903,
124146,124123,125000,123988,124147,124057,124144,123969,124196,124125,124054,124200,123909,124023,123892,123925,123943,123954,123920,124542,124543,124056,124117,124050,124134,123962,123931,123967,123972,123933,123942,123898,124038,
123917,123932,123941,123902,123907,123936,123959,123891,124005,123997,123895,123923,123905,123939,123908,123935,123934,123979,123956,123912,123961,124047,123953,123978,123971,123915,123977,123955,123922,123951,123914,123947,123910,
123926,123973,123968,124017,123948,123930,123950,123916,123952,123897,123928,123963,123957,123946,123924,123913,123927,124059,123904,124049,124215,124131,124119,124121,123938,124193,123602,124011,124014,124061,123980,124151,124138,
124013,124006,123999,123987,124080,124081,123974,124048,123958,123896,124092,124058,123966,123970,123894,123944,123949,124129,124139,124132,124128,123976,124118,124130,124133,124120,124124,124114,124127,124260,124603,124604,123919,
123975,124202,124199,124203,124116,124197,124122,124205,123918,123960,124192,124115,123993,124009,124064,124060,124204,124221,124235,124234,124419,124198,124140,124135,124248,124251,124219,124237,123911,126990,123992,123982,124004,
124143,124146,124012,123994,124000,123986,123990,124002,124001,124231);
INSERT INTO `smart_scripts` (`entryorguid`, `source_type`, `id`, `link`, `event_type`, `event_phase_mask`, `event_chance`, `event_flags`, `event_param1`, `event_param2`, `event_param3`, `event_param4`, `action_type`, `action_param1`, `action_param2`, `action_param3`, `action_param4`, `action_param5`, `action_param6`, `target_type`, `target_param1`, `target_param2`, `target_param3`, `target_x`, `target_y`, `target_z`, `target_o`, `comment`) VALUES
('123984', '0', '0', '0', '60', '0', '100', '1', '0', '0', '0', '0', '11', '246864', '0', '0', '0', '0', '0', '1', '0', '0', '0', '0', '0', '0', '0', 'cast spell'),
('123984', '0', '1', '0', '60', '0', '100', '1', '0', '0', '0', '0', '11', '245979', '0', '0', '0', '0', '0', '1', '0', '0', '0', '0', '0', '0', '0', 'cast spell'),
('124740', '0', '0', '0', '60', '0', '100', '1', '0', '0', '0', '0', '11', '247821', '0', '0', '0', '0', '0', '1', '0', '0', '0', '0', '0', '0', '0', 'cast spell'),
('123991', '0', '0', '0', '60', '0', '100', '1', '0', '0', '0', '0', '11', '245979', '0', '0', '0', '0', '0', '1', '0', '0', '0', '0', '0', '0', '0', 'cast spell'),
('123991', '0', '1', '0', '60', '0', '100', '1', '0', '0', '0', '0', '11', '246864', '0', '0', '0', '0', '0', '1', '0', '0', '0', '0', '0', '0', '0', 'cast spell'),
('123981', '0', '0', '0', '60', '0', '100', '1', '0', '0', '0', '0', '11', '245979', '0', '0', '0', '0', '0', '1', '0', '0', '0', '0', '0', '0', '0', 'cast spell'),
('123981', '0', '1', '0', '60', '0', '100', '1', '0', '0', '0', '0', '11', '246864', '0', '0', '0', '0', '0', '1', '0', '0', '0', '0', '0', '0', '0', 'cast spell'),
('123985', '0', '0', '0', '60', '0', '100', '1', '0', '0', '0', '0', '11', '245979', '0', '0', '0', '0', '0', '1', '0', '0', '0', '0', '0', '0', '0', 'cast spell'),
('123985', '0', '1', '0', '60', '0', '100', '1', '0', '0', '0', '0', '11', '245972', '0', '0', '0', '0', '0', '1', '0', '0', '0', '0', '0', '0', '0', 'cast spell'),
('124148', '0', '0', '0', '60', '0', '100', '1', '0', '0', '0', '0', '11', '245979', '0', '0', '0', '0', '0', '1', '0', '0', '0', '0', '0', '0', '0', 'cast spell'),
('124148', '0', '1', '0', '60', '0', '100', '1', '0', '0', '0', '0', '11', '245975', '0', '0', '0', '0', '0', '1', '0', '0', '0', '0', '0', '0', '0', 'cast spell'),
('124008', '0', '0', '0', '60', '0', '100', '1', '0', '0', '0', '0', '11', '245979', '0', '0', '0', '0', '0', '1', '0', '0', '0', '0', '0', '0', '0', 'cast spell'),
('124008', '0', '1', '0', '60', '0', '100', '1', '0', '0', '0', '0', '11', '246864', '0', '0', '0', '0', '0', '1', '0', '0', '0', '0', '0', '0', '0', 'cast spell'),
('124008', '0', '2', '0', '60', '0', '100', '1', '0', '0', '0', '0', '11', '245975', '0', '0', '0', '0', '0', '1', '0', '0', '0', '0', '0', '0', '0', 'cast spell'),
('124222', '0', '0', '0', '60', '0', '100', '1', '0', '0', '0', '0', '11', '245979', '0', '0', '0', '0', '0', '1', '0', '0', '0', '0', '0', '0', '0', 'cast spell'),
('123983', '0', '0', '0', '60', '0', '100', '1', '0', '0', '0', '0', '11', '246780', '0', '0', '0', '0', '0', '1', '0', '0', '0', '0', '0', '0', '0', 'cast spell'),
('123989', '0', '0', '0', '60', '0', '100', '1', '0', '0', '0', '0', '11', '246780', '0', '0', '0', '0', '0', '1', '0', '0', '0', '0', '0', '0', '0', 'cast spell'),
('123989', '0', '1', '0', '60', '0', '100', '1', '0', '0', '0', '0', '11', '246862', '0', '0', '0', '0', '0', '1', '0', '0', '0', '0', '0', '0', '0', 'cast spell'),
('124142', '0', '0', '0', '60', '0', '100', '1', '0', '0', '0', '0', '11', '246780', '0', '0', '0', '0', '0', '1', '0', '0', '0', '0', '0', '0', '0', 'cast spell'),
('124142', '0', '1', '0', '60', '0', '100', '1', '0', '0', '0', '0', '11', '245975', '0', '0', '0', '0', '0', '1', '0', '0', '0', '0', '0', '0', '0', 'cast spell'),
('124246', '0', '0', '0', '60', '0', '100', '1', '0', '0', '0', '0', '11', '246780', '0', '0', '0', '0', '0', '1', '0', '0', '0', '0', '0', '0', '0', 'cast spell'),
('124246', '0', '1', '0', '60', '0', '100', '1', '0', '0', '0', '0', '11', '246862', '0', '0', '0', '0', '0', '1', '0', '0', '0', '0', '0', '0', '0', 'cast spell'),
('123996', '0', '0', '0', '60', '0', '100', '1', '0', '0', '0', '0', '11', '246780', '0', '0', '0', '0', '0', '1', '0', '0', '0', '0', '0', '0', '0', 'cast spell'),
('124012', '0', '0', '0', '60', '0', '100', '1', '0', '0', '0', '0', '11', '246780', '0', '0', '0', '0', '0', '1', '0', '0', '0', '0', '0', '0', '0', 'cast spell'),
('124010', '0', '0', '0', '60', '0', '100', '1', '0', '0', '0', '0', '11', '246862', '0', '0', '0', '0', '0', '1', '0', '0', '0', '0', '0', '0', '0', 'cast spell'),
('124141', '0', '0', '0', '60', '0', '100', '1', '0', '0', '0', '0', '11', '246862', '0', '0', '0', '0', '0', '1', '0', '0', '0', '0', '0', '0', '0', 'cast spell'),
('123965', '0', '0', '0', '60', '0', '100', '1', '0', '0', '0', '0', '11', '101090', '0', '0', '0', '0', '0', '1', '0', '0', '0', '0', '0', '0', '0', 'play emote'),
('124126', '0', '0', '0', '60', '0', '100', '1', '0', '0', '0', '0', '11', '101090', '0', '0', '0', '0', '0', '1', '0', '0', '0', '0', '0', '0', '0', 'play emote'),
('123899', '0', '0', '0', '60', '0', '100', '1', '0', '0', '0', '0', '11', '101090', '0', '0', '0', '0', '0', '1', '0', '0', '0', '0', '0', '0', '0', 'play emote'),
('124245', '0', '0', '0', '60', '0', '100', '1', '0', '0', '0', '0', '11', '101090', '0', '0', '0', '0', '0', '1', '0', '0', '0', '0', '0', '0', '0', 'play emote'),
('124243', '0', '0', '0', '60', '0', '100', '1', '0', '0', '0', '0', '11', '101090', '0', '0', '0', '0', '0', '1', '0', '0', '0', '0', '0', '0', '0', 'play emote'),
('123900', '0', '0', '0', '60', '0', '100', '1', '0', '0', '0', '0', '11', '245975', '0', '0', '0', '0', '0', '1', '0', '0', '0', '0', '0', '0', '0', 'cast spell'),
('124220', '0', '0', '0', '60', '0', '100', '1', '0', '0', '0', '0', '11', '245975', '0', '0', '0', '0', '0', '1', '0', '0', '0', '0', '0', '0', '0', 'cast spell'),
('123419', '0', '0', '0', '60', '0', '100', '1', '0', '0', '0', '0', '11', '101090', '0', '0', '0', '0', '0', '1', '0', '0', '0', '0', '0', '0', '0', 'play emote'),
('123419', '0', '1', '0', '60', '0', '100', '1', '0', '0', '0', '0', '11', '245972', '0', '0', '0', '0', '0', '1', '0', '0', '0', '0', '0', '0', '0', 'cast spell'),
('123903', '0', '0', '0', '60', '0', '100', '1', '0', '0', '0', '0', '11', '101090', '0', '0', '0', '0', '0', '1', '0', '0', '0', '0', '0', '0', '0', 'play emote'),
('124146', '0', '0', '0', '60', '0', '100', '1', '0', '0', '0', '0', '11', '101090', '0', '0', '0', '0', '0', '1', '0', '0', '0', '0', '0', '0', '0', 'play emote'),
('124146', '0', '1', '0', '60', '0', '100', '1', '0', '0', '0', '0', '11', '245975', '0', '0', '0', '0', '0', '1', '0', '0', '0', '0', '0', '0', '0', 'cast spell'),
('124123', '0', '0', '0', '60', '0', '100', '1', '0', '0', '0', '0', '11', '245975', '0', '0', '0', '0', '0', '1', '0', '0', '0', '0', '0', '0', '0', 'cast spell'),
('125000', '0', '0', '0', '60', '0', '100', '1', '0', '0', '0', '0', '11', '245975', '0', '0', '0', '0', '0', '1', '0', '0', '0', '0', '0', '0', '0', 'cast spell'),
('123988', '0', '0', '0', '60', '0', '100', '1', '0', '0', '0', '0', '11', '245975', '0', '0', '0', '0', '0', '1', '0', '0', '0', '0', '0', '0', '0', 'cast spell'),
('124147', '0', '0', '0', '60', '0', '100', '1', '0', '0', '0', '0', '11', '245975', '0', '0', '0', '0', '0', '1', '0', '0', '0', '0', '0', '0', '0', 'cast spell'),
('124057', '0', '0', '0', '60', '0', '100', '1', '0', '0', '0', '0', '11', '245975', '0', '0', '0', '0', '0', '1', '0', '0', '0', '0', '0', '0', '0', 'cast spell'),
('124144', '0', '0', '0', '60', '0', '100', '1', '0', '0', '0', '0', '11', '245975', '0', '0', '0', '0', '0', '1', '0', '0', '0', '0', '0', '0', '0', 'cast spell'),
('124054', '0', '0', '0', '60', '0', '100', '1', '0', '0', '0', '0', '11', '245975', '0', '0', '0', '0', '0', '1', '0', '0', '0', '0', '0', '0', '0', 'cast spell'),
('123969', '0', '0', '0', '60', '0', '100', '1', '0', '0', '0', '0', '11', '245975', '0', '0', '0', '0', '0', '1', '0', '0', '0', '0', '0', '0', '0', 'cast spell'),
('124196', '0', '0', '0', '60', '0', '100', '1', '0', '0', '0', '0', '11', '245975', '0', '0', '0', '0', '0', '1', '0', '0', '0', '0', '0', '0', '0', 'cast spell'),
('124125', '0', '0', '0', '60', '0', '100', '1', '0', '0', '0', '0', '11', '245975', '0', '0', '0', '0', '0', '1', '0', '0', '0', '0', '0', '0', '0', 'cast spell'),
('124233', '0', '0', '0', '60', '0', '100', '1', '0', '0', '0', '0', '11', '245975', '0', '0', '0', '0', '0', '1', '0', '0', '0', '0', '0', '0', '0', 'cast spell'),
('124200', '0', '0', '0', '60', '0', '100', '1', '0', '0', '0', '0', '11', '246864', '0', '0', '0', '0', '0', '1', '0', '0', '0', '0', '0', '0', '0', 'cast spell'),
('123900', '0', '1', '0', '60', '0', '100', '0', '0', '5000', '1000', '2000', '10', '4', '22', '5', '21', '66', '23', '1', '0', '0', '0', '0', '0', '0', '0', 'play random emote'),
('123969', '0', '1', '0', '60', '0', '100', '0', '0', '5000', '1000', '2000', '10', '4', '22', '5', '21', '66', '23', '1', '0', '0', '0', '0', '0', '0', '0', 'play random emote'),
('124220', '0', '1', '0', '60', '0', '100', '0', '0', '5000', '1000', '2000', '10', '4', '22', '5', '21', '66', '23', '1', '0', '0', '0', '0', '0', '0', '0', 'play random emote'),
('123419', '0', '2', '0', '60', '0', '100', '0', '0', '5000', '1000', '2000', '10', '4', '22', '5', '21', '66', '23', '1', '0', '0', '0', '0', '0', '0', '0', 'play random emote'),
('123965', '0', '1', '0', '60', '0', '100', '0', '0', '5000', '1000', '2000', '10', '4', '22', '5', '21', '66', '23', '1', '0', '0', '0', '0', '0', '0', '0', 'play random emote'),
('124054', '0', '1', '0', '60', '0', '100', '0', '0', '5000', '1000', '2000', '10', '4', '22', '5', '21', '66', '23', '1', '0', '0', '0', '0', '0', '0', '0', 'play random emote'),
('123899', '0', '1', '0', '60', '0', '100', '0', '0', '5000', '1000', '2000', '10', '4', '22', '5', '21', '66', '23', '1', '0', '0', '0', '0', '0', '0', '0', 'play random emote'),
('124144', '0', '1', '0', '60', '0', '100', '0', '0', '5000', '1000', '2000', '10', '4', '22', '5', '21', '66', '23', '1', '0', '0', '0', '0', '0', '0', '0', 'play random emote'),
('123983', '0', '1', '0', '60', '0', '100', '0', '0', '5000', '1000', '2000', '10', '4', '22', '5', '21', '66', '23', '1', '0', '0', '0', '0', '0', '0', '0', 'play random emote'),
('124200', '0', '1', '0', '60', '0', '100', '0', '0', '5000', '1000', '2000', '10', '4', '22', '5', '21', '66', '23', '1', '0', '0', '0', '0', '0', '0', '0', 'play random emote'),
('123988', '0', '1', '0', '60', '0', '100', '0', '0', '5000', '1000', '2000', '10', '4', '22', '5', '21', '66', '23', '1', '0', '0', '0', '0', '0', '0', '0', 'play random emote'),
('124123', '0', '1', '0', '60', '0', '100', '0', '0', '5000', '1000', '2000', '10', '4', '22', '5', '21', '66', '23', '1', '0', '0', '0', '0', '0', '0', '0', 'play random emote'),
('124057', '0', '1', '0', '60', '0', '100', '0', '0', '5000', '1000', '2000', '10', '4', '22', '5', '21', '66', '23', '1', '0', '0', '0', '0', '0', '0', '0', 'play random emote'),
('124126', '0', '1', '0', '60', '0', '100', '0', '0', '5000', '1000', '2000', '10', '4', '22', '5', '21', '66', '23', '1', '0', '0', '0', '0', '0', '0', '0', 'play random emote'),
('124196', '0', '1', '0', '60', '0', '100', '0', '0', '5000', '1000', '2000', '10', '4', '22', '5', '21', '66', '23', '1', '0', '0', '0', '0', '0', '0', '0', 'play random emote'),
('124222', '0', '1', '0', '60', '0', '100', '0', '0', '5000', '1000', '2000', '10', '4', '22', '5', '21', '66', '23', '1', '0', '0', '0', '0', '0', '0', '0', 'play random emote'),
('124245', '0', '1', '0', '60', '0', '100', '0', '0', '5000', '1000', '2000', '10', '4', '22', '5', '21', '66', '23', '1', '0', '0', '0', '0', '0', '0', '0', 'play random emote'),
('123903', '0', '1', '0', '60', '0', '100', '0', '0', '5000', '1000', '2000', '10', '4', '22', '5', '21', '66', '23', '1', '0', '0', '0', '0', '0', '0', '0', 'play random emote'),
('123891', '0', '0', '0', '60', '0', '100', '0', '0', '5000', '1000', '2000', '10', '4', '22', '5', '21', '66', '23', '1', '0', '0', '0', '0', '0', '0', '0', 'play random emote'),
('123895', '0', '0', '0', '60', '0', '100', '0', '0', '5000', '1000', '2000', '10', '5', '4', '22', '21', '66', '23', '1', '0', '0', '0', '0', '0', '0', '0', 'play random emote'),
('124005', '0', '0', '0', '60', '0', '100', '0', '0', '5000', '1000', '2000', '10', '5', '4', '22', '21', '66', '23', '1', '0', '0', '0', '0', '0', '0', '0', 'play random emote'),
('123997', '0', '0', '0', '60', '0', '100', '0', '0', '5000', '1000', '2000', '10', '5', '4', '22', '21', '66', '23', '1', '0', '0', '0', '0', '0', '0', '0', 'play random emote'),
('123923', '0', '0', '0', '60', '0', '100', '0', '0', '5000', '1000', '2000', '10', '5', '4', '22', '21', '66', '23', '1', '0', '0', '0', '0', '0', '0', '0', 'play random emote'),
('123905', '0', '0', '0', '60', '0', '100', '0', '0', '5000', '1000', '2000', '10', '5', '4', '22', '21', '66', '23', '1', '0', '0', '0', '0', '0', '0', '0', 'play random emote'),
('123939', '0', '0', '0', '60', '0', '100', '0', '0', '5000', '1000', '2000', '10', '5', '4', '22', '21', '66', '23', '1', '0', '0', '0', '0', '0', '0', '0', 'play random emote'),
('123908', '0', '0', '0', '60', '0', '100', '0', '0', '5000', '1000', '2000', '10', '5', '4', '22', '21', '66', '23', '1', '0', '0', '0', '0', '0', '0', '0', 'play random emote'),
('123935', '0', '0', '0', '60', '0', '100', '0', '0', '5000', '1000', '2000', '10', '5', '4', '22', '21', '66', '23', '1', '0', '0', '0', '0', '0', '0', '0', 'play random emote'),
('123934', '0', '0', '0', '60', '0', '100', '0', '0', '5000', '1000', '2000', '10', '5', '4', '22', '21', '66', '23', '1', '0', '0', '0', '0', '0', '0', '0', 'play random emote'),
('123909', '0', '0', '0', '60', '0', '100', '0', '0', '5000', '1000', '2000', '10', '5', '4', '22', '21', '66', '23', '1', '0', '0', '0', '0', '0', '0', '0', 'play random emote'),
('124023', '0', '0', '0', '60', '0', '100', '0', '0', '5000', '1000', '2000', '10', '5', '4', '22', '21', '66', '23', '1', '0', '0', '0', '0', '0', '0', '0', 'play random emote'),
('123892', '0', '0', '0', '60', '0', '100', '0', '0', '5000', '1000', '2000', '10', '5', '4', '22', '21', '66', '23', '1', '0', '0', '0', '0', '0', '0', '0', 'play random emote'),
('123925', '0', '0', '0', '60', '0', '100', '0', '0', '5000', '1000', '2000', '10', '5', '4', '22', '21', '66', '23', '1', '0', '0', '0', '0', '0', '0', '0', 'play random emote'),
('124134', '0', '0', '0', '60', '0', '100', '0', '0', '5000', '1000', '2000', '10', '5', '4', '22', '21', '66', '23', '1', '0', '0', '0', '0', '0', '0', '0', 'play random emote'),
('124050', '0', '0', '0', '60', '0', '100', '0', '0', '5000', '1000', '2000', '10', '5', '4', '22', '21', '66', '23', '1', '0', '0', '0', '0', '0', '0', '0', 'play random emote'),
('124117', '0', '0', '0', '60', '0', '100', '0', '0', '5000', '1000', '2000', '10', '5', '4', '22', '21', '66', '23', '1', '0', '0', '0', '0', '0', '0', '0', 'play random emote'),
('124056', '0', '0', '0', '60', '0', '100', '0', '0', '5000', '1000', '2000', '10', '5', '4', '22', '21', '66', '23', '1', '0', '0', '0', '0', '0', '0', '0', 'play random emote'),
('124543', '0', '0', '0', '60', '0', '100', '0', '0', '5000', '1000', '2000', '10', '5', '4', '22', '21', '66', '23', '1', '0', '0', '0', '0', '0', '0', '0', 'play random emote'),
('124542', '0', '0', '0', '60', '0', '100', '0', '0', '5000', '1000', '2000', '10', '5', '4', '22', '21', '66', '23', '1', '0', '0', '0', '0', '0', '0', '0', 'play random emote'),
('123920', '0', '0', '0', '60', '0', '100', '0', '0', '5000', '1000', '2000', '10', '5', '4', '22', '21', '66', '23', '1', '0', '0', '0', '0', '0', '0', '0', 'play random emote'),
('123954', '0', '0', '0', '60', '0', '100', '0', '0', '5000', '1000', '2000', '10', '5', '4', '22', '21', '66', '23', '1', '0', '0', '0', '0', '0', '0', '0', 'play random emote'),
('123943', '0', '0', '0', '60', '0', '100', '0', '0', '5000', '1000', '2000', '10', '5', '4', '22', '21', '66', '23', '1', '0', '0', '0', '0', '0', '0', '0', 'play random emote'),
('123959', '0', '0', '0', '60', '0', '100', '0', '0', '5000', '1000', '2000', '10', '5', '4', '22', '21', '66', '23', '1', '0', '0', '0', '0', '0', '0', '0', 'play random emote'),
('123936', '0', '0', '0', '60', '0', '100', '0', '0', '5000', '1000', '2000', '10', '5', '4', '22', '21', '66', '23', '1', '0', '0', '0', '0', '0', '0', '0', 'play random emote'),
('123907', '0', '0', '0', '60', '0', '100', '0', '0', '5000', '1000', '2000', '10', '5', '4', '22', '21', '66', '23', '1', '0', '0', '0', '0', '0', '0', '0', 'play random emote'),
('123902', '0', '0', '0', '60', '0', '100', '0', '0', '5000', '1000', '2000', '10', '5', '4', '22', '21', '66', '23', '1', '0', '0', '0', '0', '0', '0', '0', 'play random emote'),
('123941', '0', '0', '0', '60', '0', '100', '0', '0', '5000', '1000', '2000', '10', '5', '4', '22', '21', '66', '23', '1', '0', '0', '0', '0', '0', '0', '0', 'play random emote'),
('123932', '0', '0', '0', '60', '0', '100', '0', '0', '5000', '1000', '2000', '10', '5', '4', '22', '21', '66', '23', '1', '0', '0', '0', '0', '0', '0', '0', 'play random emote'),
('123917', '0', '0', '0', '60', '0', '100', '0', '0', '5000', '1000', '2000', '10', '5', '4', '22', '21', '66', '23', '1', '0', '0', '0', '0', '0', '0', '0', 'play random emote'),
('124038', '0', '0', '0', '60', '0', '100', '0', '0', '5000', '1000', '2000', '10', '5', '4', '22', '21', '66', '23', '1', '0', '0', '0', '0', '0', '0', '0', 'play random emote'),
('123898', '0', '0', '0', '60', '0', '100', '0', '0', '5000', '1000', '2000', '10', '5', '4', '22', '21', '66', '23', '1', '0', '0', '0', '0', '0', '0', '0', 'play random emote'),
('123942', '0', '0', '0', '60', '0', '100', '0', '0', '5000', '1000', '2000', '10', '5', '4', '22', '21', '66', '23', '1', '0', '0', '0', '0', '0', '0', '0', 'play random emote'),
('123933', '0', '0', '0', '60', '0', '100', '0', '0', '5000', '1000', '2000', '10', '5', '4', '22', '21', '66', '23', '1', '0', '0', '0', '0', '0', '0', '0', 'play random emote'),
('123972', '0', '0', '0', '60', '0', '100', '0', '0', '5000', '1000', '2000', '10', '5', '4', '22', '21', '66', '23', '1', '0', '0', '0', '0', '0', '0', '0', 'play random emote'),
('123967', '0', '0', '0', '60', '0', '100', '0', '0', '5000', '1000', '2000', '10', '5', '4', '22', '21', '66', '23', '1', '0', '0', '0', '0', '0', '0', '0', 'play random emote'),
('123931', '0', '0', '0', '60', '0', '100', '0', '0', '5000', '1000', '2000', '10', '5', '4', '22', '21', '66', '23', '1', '0', '0', '0', '0', '0', '0', '0', 'play random emote'),
('123962', '0', '0', '0', '60', '0', '100', '0', '0', '5000', '1000', '2000', '10', '5', '4', '22', '21', '66', '23', '1', '0', '0', '0', '0', '0', '0', '0', 'play random emote'),
('123952', '0', '0', '0', '60', '0', '100', '0', '0', '5000', '1000', '2000', '10', '5', '4', '22', '21', '66', '23', '1', '0', '0', '0', '0', '0', '0', '0', 'play random emote'),
('123897', '0', '0', '0', '60', '0', '100', '0', '0', '5000', '1000', '2000', '10', '5', '4', '22', '21', '66', '23', '1', '0', '0', '0', '0', '0', '0', '0', 'play random emote'),
('123928', '0', '0', '0', '60', '0', '100', '0', '0', '5000', '1000', '2000', '10', '5', '4', '22', '21', '66', '23', '1', '0', '0', '0', '0', '0', '0', '0', 'play random emote'),
('123963', '0', '0', '0', '60', '0', '100', '0', '0', '5000', '1000', '2000', '10', '5', '4', '22', '21', '66', '23', '1', '0', '0', '0', '0', '0', '0', '0', 'play random emote'),
('123957', '0', '0', '0', '60', '0', '100', '0', '0', '5000', '1000', '2000', '10', '5', '4', '22', '21', '66', '23', '1', '0', '0', '0', '0', '0', '0', '0', 'play random emote'),
('123946', '0', '0', '0', '60', '0', '100', '0', '0', '5000', '1000', '2000', '10', '5', '4', '22', '21', '66', '23', '1', '0', '0', '0', '0', '0', '0', '0', 'play random emote'),
('123924', '0', '0', '0', '60', '0', '100', '0', '0', '5000', '1000', '2000', '10', '5', '4', '22', '21', '66', '23', '1', '0', '0', '0', '0', '0', '0', '0', 'play random emote'),
('123913', '0', '0', '0', '60', '0', '100', '0', '0', '5000', '1000', '2000', '10', '5', '4', '22', '21', '66', '23', '1', '0', '0', '0', '0', '0', '0', '0', 'play random emote'),
('123979', '0', '0', '0', '60', '0', '100', '0', '0', '5000', '1000', '2000', '10', '5', '4', '22', '21', '66', '23', '1', '0', '0', '0', '0', '0', '0', '0', 'play random emote'),
('123956', '0', '0', '0', '60', '0', '100', '0', '0', '5000', '1000', '2000', '10', '5', '4', '22', '21', '66', '23', '1', '0', '0', '0', '0', '0', '0', '0', 'play random emote'),
('123912', '0', '0', '0', '60', '0', '100', '0', '0', '5000', '1000', '2000', '10', '5', '4', '22', '21', '66', '23', '1', '0', '0', '0', '0', '0', '0', '0', 'play random emote'),
('123961', '0', '0', '0', '60', '0', '100', '0', '0', '5000', '1000', '2000', '10', '5', '4', '22', '21', '66', '23', '1', '0', '0', '0', '0', '0', '0', '0', 'play random emote'),
('124047', '0', '0', '0', '60', '0', '100', '0', '0', '5000', '1000', '2000', '10', '5', '4', '22', '21', '66', '23', '1', '0', '0', '0', '0', '0', '0', '0', 'play random emote'),
('123953', '0', '0', '0', '60', '0', '100', '0', '0', '5000', '1000', '2000', '10', '5', '4', '22', '21', '66', '23', '1', '0', '0', '0', '0', '0', '0', '0', 'play random emote'),
('123978', '0', '0', '0', '60', '0', '100', '0', '0', '5000', '1000', '2000', '10', '5', '4', '22', '21', '66', '23', '1', '0', '0', '0', '0', '0', '0', '0', 'play random emote'),
('123971', '0', '0', '0', '60', '0', '100', '0', '0', '5000', '1000', '2000', '10', '5', '4', '22', '21', '66', '23', '1', '0', '0', '0', '0', '0', '0', '0', 'play random emote'),
('123915', '0', '0', '0', '60', '0', '100', '0', '0', '5000', '1000', '2000', '10', '5', '4', '22', '21', '66', '23', '1', '0', '0', '0', '0', '0', '0', '0', 'play random emote'),
('123977', '0', '0', '0', '60', '0', '100', '0', '0', '5000', '1000', '2000', '10', '5', '4', '22', '21', '66', '23', '1', '0', '0', '0', '0', '0', '0', '0', 'play random emote'),
('123955', '0', '0', '0', '60', '0', '100', '0', '0', '5000', '1000', '2000', '10', '5', '4', '22', '21', '66', '23', '1', '0', '0', '0', '0', '0', '0', '0', 'play random emote'),
('123922', '0', '0', '0', '60', '0', '100', '0', '0', '5000', '1000', '2000', '10', '5', '4', '22', '21', '66', '23', '1', '0', '0', '0', '0', '0', '0', '0', 'play random emote'),
('123951', '0', '0', '0', '60', '0', '100', '0', '0', '5000', '1000', '2000', '10', '5', '4', '22', '21', '66', '23', '1', '0', '0', '0', '0', '0', '0', '0', 'play random emote'),
('123914', '0', '0', '0', '60', '0', '100', '0', '0', '5000', '1000', '2000', '10', '5', '4', '22', '21', '66', '23', '1', '0', '0', '0', '0', '0', '0', '0', 'play random emote'),
('123947', '0', '0', '0', '60', '0', '100', '0', '0', '5000', '1000', '2000', '10', '5', '4', '22', '21', '66', '23', '1', '0', '0', '0', '0', '0', '0', '0', 'play random emote'),
('123910', '0', '0', '0', '60', '0', '100', '0', '0', '5000', '1000', '2000', '10', '5', '4', '22', '21', '66', '23', '1', '0', '0', '0', '0', '0', '0', '0', 'play random emote'),
('123926', '0', '0', '0', '60', '0', '100', '0', '0', '5000', '1000', '2000', '10', '5', '4', '22', '21', '66', '23', '1', '0', '0', '0', '0', '0', '0', '0', 'play random emote'),
('123973', '0', '0', '0', '60', '0', '100', '0', '0', '5000', '1000', '2000', '10', '5', '4', '22', '21', '66', '23', '1', '0', '0', '0', '0', '0', '0', '0', 'play random emote'),
('123968', '0', '0', '0', '60', '0', '100', '0', '0', '5000', '1000', '2000', '10', '5', '4', '22', '21', '66', '23', '1', '0', '0', '0', '0', '0', '0', '0', 'play random emote'),
('124017', '0', '0', '0', '60', '0', '100', '0', '0', '5000', '1000', '2000', '10', '5', '4', '22', '21', '66', '23', '1', '0', '0', '0', '0', '0', '0', '0', 'play random emote'),
('123948', '0', '0', '0', '60', '0', '100', '0', '0', '5000', '1000', '2000', '10', '5', '4', '22', '21', '66', '23', '1', '0', '0', '0', '0', '0', '0', '0', 'play random emote'),
('123930', '0', '0', '0', '60', '0', '100', '0', '0', '5000', '1000', '2000', '10', '5', '4', '22', '21', '66', '23', '1', '0', '0', '0', '0', '0', '0', '0', 'play random emote'),
('123950', '0', '0', '0', '60', '0', '100', '0', '0', '5000', '1000', '2000', '10', '5', '4', '22', '21', '66', '23', '1', '0', '0', '0', '0', '0', '0', '0', 'play random emote'),
('123916', '0', '0', '0', '60', '0', '100', '0', '0', '5000', '1000', '2000', '10', '5', '4', '22', '21', '66', '23', '1', '0', '0', '0', '0', '0', '0', '0', 'play random emote'),
('123927', '0', '0', '0', '60', '0', '100', '0', '0', '5000', '1000', '2000', '10', '5', '4', '22', '21', '66', '23', '1', '0', '0', '0', '0', '0', '0', '0', 'play random emote'),
('124059', '0', '0', '0', '60', '0', '100', '0', '0', '5000', '1000', '2000', '10', '5', '4', '22', '21', '66', '23', '1', '0', '0', '0', '0', '0', '0', '0', 'play random emote'),
('123904', '0', '0', '0', '60', '0', '100', '0', '0', '5000', '1000', '2000', '10', '5', '4', '22', '21', '66', '23', '1', '0', '0', '0', '0', '0', '0', '0', 'play random emote'),
('124049', '0', '0', '0', '60', '0', '100', '0', '0', '5000', '1000', '2000', '10', '5', '4', '22', '21', '66', '23', '1', '0', '0', '0', '0', '0', '0', '0', 'play random emote'),
('124215', '0', '0', '0', '60', '0', '100', '0', '0', '5000', '1000', '2000', '10', '5', '4', '22', '21', '66', '23', '1', '0', '0', '0', '0', '0', '0', '0', 'play random emote'),
('124131', '0', '0', '0', '60', '0', '100', '0', '0', '5000', '1000', '2000', '10', '5', '4', '22', '21', '66', '23', '1', '0', '0', '0', '0', '0', '0', '0', 'play random emote'),
('124119', '0', '0', '0', '60', '0', '100', '0', '0', '5000', '1000', '2000', '10', '5', '4', '22', '21', '66', '23', '1', '0', '0', '0', '0', '0', '0', '0', 'play random emote'),
('124121', '0', '0', '0', '60', '0', '100', '0', '0', '5000', '1000', '2000', '10', '5', '4', '22', '21', '66', '23', '1', '0', '0', '0', '0', '0', '0', '0', 'play random emote'),
('123938', '0', '0', '0', '60', '0', '100', '0', '0', '5000', '1000', '2000', '10', '5', '4', '22', '21', '66', '23', '1', '0', '0', '0', '0', '0', '0', '0', 'play random emote'),
('124193', '0', '0', '0', '60', '0', '100', '0', '0', '5000', '1000', '2000', '10', '5', '4', '22', '21', '66', '23', '1', '0', '0', '0', '0', '0', '0', '0', 'play random emote'),
('123602', '0', '0', '0', '60', '0', '100', '0', '0', '5000', '1000', '2000', '10', '5', '4', '22', '21', '66', '23', '1', '0', '0', '0', '0', '0', '0', '0', 'play random emote'),
('124011', '0', '0', '0', '60', '0', '100', '0', '0', '5000', '1000', '2000', '10', '5', '4', '22', '21', '66', '23', '1', '0', '0', '0', '0', '0', '0', '0', 'play random emote'),
('124014', '0', '0', '0', '60', '0', '100', '0', '0', '5000', '1000', '2000', '10', '5', '4', '22', '21', '66', '23', '1', '0', '0', '0', '0', '0', '0', '0', 'play random emote'),
('124061', '0', '0', '0', '60', '0', '100', '0', '0', '5000', '1000', '2000', '10', '5', '4', '22', '21', '66', '23', '1', '0', '0', '0', '0', '0', '0', '0', 'play random emote'),
('123980', '0', '0', '0', '60', '0', '100', '0', '0', '5000', '1000', '2000', '10', '5', '4', '22', '21', '66', '23', '1', '0', '0', '0', '0', '0', '0', '0', 'play random emote'),
('124151', '0', '0', '0', '60', '0', '100', '0', '0', '5000', '1000', '2000', '10', '5', '4', '22', '21', '66', '23', '1', '0', '0', '0', '0', '0', '0', '0', 'play random emote'),
('124138', '0', '0', '0', '60', '0', '100', '0', '0', '5000', '1000', '2000', '10', '5', '4', '22', '21', '66', '23', '1', '0', '0', '0', '0', '0', '0', '0', 'play random emote'),
('124013', '0', '0', '0', '60', '0', '100', '0', '0', '5000', '1000', '2000', '10', '5', '4', '22', '21', '66', '23', '1', '0', '0', '0', '0', '0', '0', '0', 'play random emote'),
('124006', '0', '0', '0', '60', '0', '100', '0', '0', '5000', '1000', '2000', '10', '5', '4', '22', '21', '66', '23', '1', '0', '0', '0', '0', '0', '0', '0', 'play random emote'),
('123999', '0', '0', '0', '60', '0', '100', '0', '0', '5000', '1000', '2000', '10', '5', '4', '22', '21', '66', '23', '1', '0', '0', '0', '0', '0', '0', '0', 'play random emote'),
('123987', '0', '0', '0', '60', '0', '100', '0', '0', '5000', '1000', '2000', '10', '5', '4', '22', '21', '66', '23', '1', '0', '0', '0', '0', '0', '0', '0', 'play random emote'),
('124080', '0', '0', '0', '60', '0', '100', '0', '0', '5000', '1000', '2000', '10', '5', '4', '22', '21', '66', '23', '1', '0', '0', '0', '0', '0', '0', '0', 'play random emote'),
('124081', '0', '0', '0', '60', '0', '100', '0', '0', '5000', '1000', '2000', '10', '5', '4', '22', '21', '66', '23', '1', '0', '0', '0', '0', '0', '0', '0', 'play random emote'),
('123974', '0', '0', '0', '60', '0', '100', '0', '0', '5000', '1000', '2000', '10', '5', '4', '22', '21', '66', '23', '1', '0', '0', '0', '0', '0', '0', '0', 'play random emote'),
('124048', '0', '0', '0', '60', '0', '100', '0', '0', '5000', '1000', '2000', '10', '5', '4', '22', '21', '66', '23', '1', '0', '0', '0', '0', '0', '0', '0', 'play random emote'),
('123958', '0', '0', '0', '60', '0', '100', '0', '0', '5000', '1000', '2000', '10', '5', '4', '22', '21', '66', '23', '1', '0', '0', '0', '0', '0', '0', '0', 'play random emote'),
('123896', '0', '0', '0', '60', '0', '100', '0', '0', '5000', '1000', '2000', '10', '5', '4', '22', '21', '66', '23', '1', '0', '0', '0', '0', '0', '0', '0', 'play random emote'),
('124092', '0', '0', '0', '60', '0', '100', '0', '0', '5000', '1000', '2000', '10', '5', '4', '22', '21', '66', '23', '1', '0', '0', '0', '0', '0', '0', '0', 'play random emote'),
('124058', '0', '0', '0', '60', '0', '100', '0', '0', '5000', '1000', '2000', '10', '5', '4', '22', '21', '66', '23', '1', '0', '0', '0', '0', '0', '0', '0', 'play random emote'),
('123966', '0', '0', '0', '60', '0', '100', '0', '0', '5000', '1000', '2000', '10', '5', '4', '22', '21', '66', '23', '1', '0', '0', '0', '0', '0', '0', '0', 'play random emote'),
('123970', '0', '0', '0', '60', '0', '100', '0', '0', '5000', '1000', '2000', '10', '5', '4', '22', '21', '66', '23', '1', '0', '0', '0', '0', '0', '0', '0', 'play random emote'),
('123894', '0', '0', '0', '60', '0', '100', '0', '0', '5000', '1000', '2000', '10', '5', '4', '22', '21', '66', '23', '1', '0', '0', '0', '0', '0', '0', '0', 'play random emote'),
('123944', '0', '0', '0', '60', '0', '100', '0', '0', '5000', '1000', '2000', '10', '5', '4', '22', '21', '66', '23', '1', '0', '0', '0', '0', '0', '0', '0', 'play random emote'),
('123949', '0', '0', '0', '60', '0', '100', '0', '0', '5000', '1000', '2000', '10', '5', '4', '22', '21', '66', '23', '1', '0', '0', '0', '0', '0', '0', '0', 'play random emote'),
('124129', '0', '0', '0', '60', '0', '100', '0', '0', '5000', '1000', '2000', '10', '5', '4', '22', '21', '66', '23', '1', '0', '0', '0', '0', '0', '0', '0', 'play random emote'),
('124139', '0', '0', '0', '60', '0', '100', '0', '0', '5000', '1000', '2000', '10', '5', '4', '22', '21', '66', '23', '1', '0', '0', '0', '0', '0', '0', '0', 'play random emote'),
('124132', '0', '0', '0', '60', '0', '100', '0', '0', '5000', '1000', '2000', '10', '5', '4', '22', '21', '66', '23', '1', '0', '0', '0', '0', '0', '0', '0', 'play random emote'),
('124128', '0', '0', '0', '60', '0', '100', '0', '0', '5000', '1000', '2000', '10', '5', '4', '22', '21', '66', '23', '1', '0', '0', '0', '0', '0', '0', '0', 'play random emote'),
('123976', '0', '0', '0', '60', '0', '100', '0', '0', '5000', '1000', '2000', '10', '5', '4', '22', '21', '66', '23', '1', '0', '0', '0', '0', '0', '0', '0', 'play random emote'),
('124118', '0', '0', '0', '60', '0', '100', '0', '0', '5000', '1000', '2000', '10', '5', '4', '22', '21', '66', '23', '1', '0', '0', '0', '0', '0', '0', '0', 'play random emote'),
('124130', '0', '0', '0', '60', '0', '100', '0', '0', '5000', '1000', '2000', '10', '5', '4', '22', '21', '66', '23', '1', '0', '0', '0', '0', '0', '0', '0', 'play random emote'),
('124133', '0', '0', '0', '60', '0', '100', '0', '0', '5000', '1000', '2000', '10', '5', '4', '22', '21', '66', '23', '1', '0', '0', '0', '0', '0', '0', '0', 'play random emote'),
('124120', '0', '0', '0', '60', '0', '100', '0', '0', '5000', '1000', '2000', '10', '5', '4', '22', '21', '66', '23', '1', '0', '0', '0', '0', '0', '0', '0', 'play random emote'),
('124124', '0', '0', '0', '60', '0', '100', '0', '0', '5000', '1000', '2000', '10', '5', '4', '22', '21', '66', '23', '1', '0', '0', '0', '0', '0', '0', '0', 'play random emote'),
('124114', '0', '0', '0', '60', '0', '100', '0', '0', '5000', '1000', '2000', '10', '5', '4', '22', '21', '66', '23', '1', '0', '0', '0', '0', '0', '0', '0', 'play random emote'),
('124127', '0', '0', '0', '60', '0', '100', '0', '0', '5000', '1000', '2000', '10', '5', '4', '22', '21', '66', '23', '1', '0', '0', '0', '0', '0', '0', '0', 'play random emote'),
('124260', '0', '0', '0', '60', '0', '100', '0', '0', '5000', '1000', '2000', '10', '5', '4', '22', '21', '66', '23', '1', '0', '0', '0', '0', '0', '0', '0', 'play random emote'),
('124603', '0', '0', '0', '60', '0', '100', '0', '0', '5000', '1000', '2000', '10', '5', '4', '22', '21', '66', '23', '1', '0', '0', '0', '0', '0', '0', '0', 'play random emote'),
('124604', '0', '0', '0', '60', '0', '100', '0', '0', '5000', '1000', '2000', '10', '5', '4', '22', '21', '66', '23', '1', '0', '0', '0', '0', '0', '0', '0', 'play random emote'),
('123919', '0', '0', '0', '60', '0', '100', '0', '0', '5000', '1000', '2000', '10', '5', '4', '22', '21', '66', '23', '1', '0', '0', '0', '0', '0', '0', '0', 'play random emote'),
('123975', '0', '0', '0', '60', '0', '100', '0', '0', '5000', '1000', '2000', '10', '5', '4', '22', '21', '66', '23', '1', '0', '0', '0', '0', '0', '0', '0', 'play random emote'),
('124202', '0', '0', '0', '60', '0', '100', '0', '0', '5000', '1000', '2000', '10', '5', '4', '22', '21', '66', '23', '1', '0', '0', '0', '0', '0', '0', '0', 'play random emote'),
('124199', '0', '0', '0', '60', '0', '100', '0', '0', '5000', '1000', '2000', '10', '5', '4', '22', '21', '66', '23', '1', '0', '0', '0', '0', '0', '0', '0', 'play random emote'),
('124203', '0', '0', '0', '60', '0', '100', '0', '0', '5000', '1000', '2000', '10', '5', '4', '22', '21', '66', '23', '1', '0', '0', '0', '0', '0', '0', '0', 'play random emote'),
('124116', '0', '0', '0', '60', '0', '100', '0', '0', '5000', '1000', '2000', '10', '5', '4', '22', '21', '66', '23', '1', '0', '0', '0', '0', '0', '0', '0', 'play random emote'),
('124197', '0', '0', '0', '60', '0', '100', '0', '0', '5000', '1000', '2000', '10', '5', '4', '22', '21', '66', '23', '1', '0', '0', '0', '0', '0', '0', '0', 'play random emote'),
('124122', '0', '0', '0', '60', '0', '100', '0', '0', '5000', '1000', '2000', '10', '5', '4', '22', '21', '66', '23', '1', '0', '0', '0', '0', '0', '0', '0', 'play random emote'),
('124205', '0', '0', '0', '60', '0', '100', '0', '0', '5000', '1000', '2000', '10', '5', '4', '22', '21', '66', '23', '1', '0', '0', '0', '0', '0', '0', '0', 'play random emote'),
('123918', '0', '0', '0', '60', '0', '100', '0', '0', '5000', '1000', '2000', '10', '5', '4', '22', '21', '66', '23', '1', '0', '0', '0', '0', '0', '0', '0', 'play random emote'),
('123960', '0', '0', '0', '60', '0', '100', '0', '0', '5000', '1000', '2000', '10', '5', '4', '22', '21', '66', '23', '1', '0', '0', '0', '0', '0', '0', '0', 'play random emote'),
('124192', '0', '0', '0', '60', '0', '100', '0', '0', '5000', '1000', '2000', '10', '5', '4', '22', '21', '66', '23', '1', '0', '0', '0', '0', '0', '0', '0', 'play random emote'),
('124115', '0', '0', '0', '60', '0', '100', '0', '0', '5000', '1000', '2000', '10', '5', '4', '22', '21', '66', '23', '1', '0', '0', '0', '0', '0', '0', '0', 'play random emote'),
('123993', '0', '0', '0', '60', '0', '100', '0', '0', '5000', '1000', '2000', '10', '5', '4', '22', '21', '66', '23', '1', '0', '0', '0', '0', '0', '0', '0', 'play random emote'),
('124009', '0', '0', '0', '60', '0', '100', '0', '0', '5000', '1000', '2000', '10', '5', '4', '22', '21', '66', '23', '1', '0', '0', '0', '0', '0', '0', '0', 'play random emote'),
('124064', '0', '0', '0', '60', '0', '100', '0', '0', '5000', '1000', '2000', '10', '5', '4', '22', '21', '66', '23', '1', '0', '0', '0', '0', '0', '0', '0', 'play random emote'),
('124060', '0', '0', '0', '60', '0', '100', '0', '0', '5000', '1000', '2000', '10', '5', '4', '22', '21', '66', '23', '1', '0', '0', '0', '0', '0', '0', '0', 'play random emote'),
('124204', '0', '0', '0', '60', '0', '100', '0', '0', '5000', '1000', '2000', '10', '5', '4', '22', '21', '66', '23', '1', '0', '0', '0', '0', '0', '0', '0', 'play random emote'),
('124221', '0', '0', '0', '60', '0', '100', '0', '0', '5000', '1000', '2000', '10', '5', '4', '22', '21', '66', '23', '1', '0', '0', '0', '0', '0', '0', '0', 'play random emote'),
('124235', '0', '0', '0', '60', '0', '100', '0', '0', '5000', '1000', '2000', '10', '5', '4', '22', '21', '66', '23', '1', '0', '0', '0', '0', '0', '0', '0', 'play random emote'),
('124234', '0', '0', '0', '60', '0', '100', '0', '0', '5000', '1000', '2000', '10', '5', '4', '22', '21', '66', '23', '1', '0', '0', '0', '0', '0', '0', '0', 'play random emote'),
('124419', '0', '0', '0', '60', '0', '100', '0', '0', '5000', '1000', '2000', '10', '5', '4', '22', '21', '66', '23', '1', '0', '0', '0', '0', '0', '0', '0', 'play random emote'),
('124198', '0', '0', '0', '60', '0', '100', '0', '0', '5000', '1000', '2000', '10', '5', '4', '22', '21', '66', '23', '1', '0', '0', '0', '0', '0', '0', '0', 'play random emote'),
('124140', '0', '0', '0', '60', '0', '100', '0', '0', '5000', '1000', '2000', '10', '5', '4', '22', '21', '66', '23', '1', '0', '0', '0', '0', '0', '0', '0', 'play random emote'),
('124135', '0', '0', '0', '60', '0', '100', '0', '0', '5000', '1000', '2000', '10', '5', '4', '22', '21', '66', '23', '1', '0', '0', '0', '0', '0', '0', '0', 'play random emote'),
('124248', '0', '0', '0', '60', '0', '100', '0', '0', '5000', '1000', '2000', '10', '5', '4', '22', '21', '66', '23', '1', '0', '0', '0', '0', '0', '0', '0', 'play random emote'),
('124251', '0', '0', '0', '60', '0', '100', '0', '0', '5000', '1000', '2000', '10', '5', '4', '22', '21', '66', '23', '1', '0', '0', '0', '0', '0', '0', '0', 'play random emote'),
('124219', '0', '0', '0', '60', '0', '100', '0', '0', '5000', '1000', '2000', '10', '5', '4', '22', '21', '66', '23', '1', '0', '0', '0', '0', '0', '0', '0', 'play random emote'),
('124237', '0', '0', '0', '60', '0', '100', '0', '0', '5000', '1000', '2000', '10', '5', '4', '22', '21', '66', '23', '1', '0', '0', '0', '0', '0', '0', '0', 'play random emote'),
('123911', '0', '0', '0', '60', '0', '100', '0', '0', '5000', '1000', '2000', '10', '5', '4', '22', '21', '66', '23', '1', '0', '0', '0', '0', '0', '0', '0', 'play random emote'),
('126990', '0', '0', '0', '60', '0', '100', '0', '0', '5000', '1000', '2000', '10', '5', '4', '22', '21', '66', '23', '1', '0', '0', '0', '0', '0', '0', '0', 'play random emote'),
('123992', '0', '0', '0', '60', '0', '100', '0', '0', '5000', '1000', '2000', '10', '5', '4', '22', '21', '66', '23', '1', '0', '0', '0', '0', '0', '0', '0', 'play random emote'),
('123982', '0', '0', '0', '60', '0', '100', '0', '0', '5000', '1000', '2000', '10', '5', '4', '22', '21', '66', '23', '1', '0', '0', '0', '0', '0', '0', '0', 'play random emote'),
('124004', '0', '0', '0', '60', '0', '100', '0', '0', '5000', '1000', '2000', '10', '5', '4', '22', '21', '66', '23', '1', '0', '0', '0', '0', '0', '0', '0', 'play random emote'),
('124143', '0', '0', '0', '60', '0', '100', '0', '0', '5000', '1000', '2000', '10', '5', '4', '22', '21', '66', '23', '1', '0', '0', '0', '0', '0', '0', '0', 'play random emote'),
('124146', '0', '2', '0', '60', '0', '100', '0', '0', '5000', '1000', '2000', '10', '5', '4', '22', '21', '66', '23', '1', '0', '0', '0', '0', '0', '0', '0', 'play random emote'),
('124012', '0', '1', '0', '60', '0', '100', '0', '0', '5000', '1000', '2000', '10', '5', '4', '22', '21', '66', '23', '1', '0', '0', '0', '0', '0', '0', '0', 'play random emote'),
('123994', '0', '0', '0', '60', '0', '100', '0', '0', '5000', '1000', '2000', '10', '5', '4', '22', '21', '66', '23', '1', '0', '0', '0', '0', '0', '0', '0', 'play random emote'),
('124000', '0', '0', '0', '60', '0', '100', '0', '0', '5000', '1000', '2000', '10', '5', '4', '22', '21', '66', '23', '1', '0', '0', '0', '0', '0', '0', '0', 'play random emote'),
('123986', '0', '0', '0', '60', '0', '100', '0', '0', '5000', '1000', '2000', '10', '5', '4', '22', '21', '66', '23', '1', '0', '0', '0', '0', '0', '0', '0', 'play random emote'),
('123990', '0', '0', '0', '60', '0', '100', '0', '0', '5000', '1000', '2000', '10', '5', '4', '22', '21', '66', '23', '1', '0', '0', '0', '0', '0', '0', '0', 'play random emote'),
('124002', '0', '0', '0', '60', '0', '100', '0', '0', '5000', '1000', '2000', '10', '5', '4', '22', '21', '66', '23', '1', '0', '0', '0', '0', '0', '0', '0', 'play random emote'),
('124001', '0', '0', '0', '60', '0', '100', '0', '0', '5000', '1000', '2000', '10', '5', '4', '22', '21', '66', '23', '1', '0', '0', '0', '0', '0', '0', '0', 'play random emote'),
('124231', '0', '0', '0', '60', '0', '100', '0', '0', '5000', '1000', '2000', '10', '5', '4', '22', '21', '66', '23', '1', '0', '0', '0', '0', '0', '0', '0', 'play random emote');

DELETE FROM conditions WHERE SourceEntry IN (123984,124740,123991,123981,123985,124148,124008,124222,123983,123989,124142,124246,123996,124012,124010,124141,123965,124126,123899,124245,124243,123900,124233,123419,123903,
12414,124123,125000,123988,124147,124057,124144,123969,124196,124125,124146,124054,124200,124220);
INSERT INTO conditions (`SourceTypeOrReferenceId`, `SourceGroup`, `SourceEntry`, `SourceId`, `ElseGroup`, `ConditionTypeOrReference`, `ConditionTarget`, `ConditionValue1`, `ConditionValue2`, `ConditionValue3`, `NegativeCondition`, `ErrorTextId`, `ScriptName`, `Comment`) VALUES
('22', '1', '123989', '0', '0', '23', '0', '35', '0', '0', '0', '0', '', 'true if npc in correct area'),
('22', '2', '123989', '0', '0', '23', '0', '5390', '0', '0', '0', '0', '', 'true if npc in correct area'),
('22', '1', '123984', '0', '0', '4', '0', '6457', '0', '0', '0', '0', '', 'true if npc non in zone'),
('22', '1', '123984', '0', '1', '4', '0', '1519', '0', '0', '0', '0', '', 'true if npc non in zone'),
('22', '2', '123984', '0', '0', '4', '0', '10', '0', '0', '0', '0', '', 'true if npc non in zone'),
('22', '1', '124222', '0', '0', '29', '0', '123568', '20', '0', '1', '0', '', 'true if target non in range'),
('22', '1', '123991', '0', '0', '4', '0', '1519', '0', '0', '0', '0', '', 'true if npc in correct zone'),
('22', '2', '123991', '0', '0', '4', '0', '6457', '0', '0', '0', '0', '', 'true if npc in correct zone'),
('22', '1', '123981', '0', '0', '4', '0', '1519', '0', '0', '0', '0', '', 'true if npc in correct zone'),
('22', '2', '123981', '0', '0', '23', '0', '133', '0', '0', '0', '0', '', 'true if npc in correct area'),
('22', '1', '123985', '0', '0', '4', '0', '1519', '0', '0', '0', '0', '', 'true if npc in correct zone'),
('22', '2', '123985', '0', '0', '23', '0', '33', '0', '0', '0', '0', '', 'true if npc in correct area'),
('22', '1', '124008', '0', '0', '23', '0', '35', '0', '0', '0', '0', '', 'true if npc in correct zone'),
('22', '2', '124008', '0', '0', '29', '0', '123899', '7', '0', '0', '0', '', 'true if target in range'),
('22', '3', '124008', '0', '0', '29', '0', '124148', '2', '0', '0', '0', '', 'true if target in range'),
('22', '1', '123983', '0', '0', '4', '0', '2257', '0', '0', '1', '0', '', 'true if npc non in zone'),
('22', '1', '124142', '0', '0', '23', '0', '35', '0', '0', '0', '0', '', 'true if npc in correct area'),
('22', '2', '124142', '0', '0', '23', '0', '33', '0', '0', '0', '0', '', 'true if npc in correct area'),
('22', '1', '124246', '0', '0', '4', '0', '5287', '0', '0', '0', '0', '', 'true if npc in correct zone'),
('22', '2', '124246', '0', '0', '4', '0', '1537', '0', '0', '0', '0', '', 'true if npc in correct zone'),
('22', '1', '124012', '0', '0', '23', '0', '8615', '0', '0', '0', '0', '', 'true if npc in correct area'),
('22', '2', '124012', '0', '0', '1', '0', '246780', '0', '0', '1', '0', '', 'true if dont have aura'),
('22', '1', '124141', '0', '0', '4', '0', '12', '0', '0', '0', '0', '', 'true if npc in correct zone'),
('22', '1', '123965', '0', '0', '29', '0', '124243', '15', '0', '0', '0', '', 'true if npc in correct zone'),
('22', '1', '124126', '0', '0', '29', '0', '124243', '15', '0', '0', '0', '', 'true if npc in correct zone'),
('22', '1', '123899', '0', '0', '29', '0', '124243', '15', '0', '0', '0', '', 'true if npc in correct zone'),
('22', '1', '124245', '0', '0', '29', '0', '124243', '15', '0', '0', '0', '', 'true if npc in correct zone'),
('22', '1', '124148', '0', '0', '4', '0', '1519', '0', '0', '0', '0', '', 'true if npc in correct zone'),
('22', '2', '124148', '0', '0', '4', '0', '1537', '0', '0', '0', '0', '', 'true if npc in correct zone'),
('22', '1', '123900', '0', '0', '4', '0', '1537', '0', '0', '0', '0', '', 'true if npc in correct zone'),
('22', '1', '124220', '0', '0', '4', '0', '1537', '0', '0', '0', '0', '', 'true if npc in correct zone'),
('22', '1', '124233', '0', '0', '4', '0', '1537', '0', '0', '0', '0', '', 'true if npc in correct zone'),
('22', '1', '123419', '0', '0', '4', '0', '1537', '0', '0', '0', '0', '', 'true if npc in correct zone'),
('22', '2', '123419', '0', '0', '23', '0', '33', '0', '0', '0', '0', '', 'true if npc in correct area'),
('22', '1', '123903', '0', '0', '4', '0', '2257', '0', '0', '0', '0', '', 'true if npc in correct zone'),
('22', '1', '124146', '0', '0', '4', '0', '2257', '0', '0', '0', '0', '', 'true if npc in correct zone'),
('22', '2', '124146', '0', '0', '23', '0', '33', '0', '0', '0', '0', '', 'true if npc in correct area'),
('22', '3', '124146', '0', '0', '1', '0', '245975', '0', '0', '1', '0', '', 'true if dont have aura'),
('22', '3', '124146', '0', '0', '1', '0', '101090', '0', '0', '1', '0', '', 'true if dont have aura'),
('22', '1', '124123', '0', '0', '4', '0', '2257', '0', '0', '0', '0', '', 'true if npc in correct zone'),
('22', '1', '125000', '0', '0', '4', '0', '2257', '0', '0', '0', '0', '', 'true if npc in correct zone'),
('22', '1', '123988', '0', '0', '4', '0', '2257', '0', '0', '0', '0', '', 'true if npc in correct zone'),
('22', '1', '124147', '0', '0', '4', '0', '2257', '0', '0', '0', '0', '', 'true if npc in correct zone'),
('22', '1', '124057', '0', '0', '4', '0', '2257', '0', '0', '0', '0', '', 'true if npc in correct zone'),
('22', '1', '124144', '0', '0', '23', '0', '33', '0', '0', '0', '0', '', 'true if npc in correct area'),
('22', '1', '123969', '0', '0', '23', '0', '33', '0', '0', '0', '0', '', 'true if npc in correct area'),
('22', '1', '124196', '0', '0', '23', '0', '33', '0', '0', '0', '0', '', 'true if npc in correct area'),
('22', '1', '124125', '0', '0', '23', '0', '33', '0', '0', '0', '0', '', 'true if npc in correct area'),
('22', '1', '124054', '0', '0', '23', '0', '33', '0', '0', '0', '0', '', 'true if npc in correct area'),
('22', '1', '124200', '0', '0', '23', '0', '8615', '0', '0', '0', '0', '', 'true if npc in correct area'),
('22', '2', '123900', '0', '0', '1', '0', '245975', '0', '0', '1', '0', '', 'true if dont have aura'),
('22', '2', '123969', '0', '0', '1', '0', '245975', '0', '0', '1', '0', '', 'true if dont have aura'),
('22', '2', '124220', '0', '0', '1', '0', '245975', '0', '0', '1', '0', '', 'true if dont have aura'),
('22', '3', '123419', '0', '0', '1', '0', '245972', '0', '0', '1', '0', '', 'true if dont have aura'),
('22', '3', '123419', '0', '0', '1', '0', '101090', '0', '0', '1', '0', '', 'true if dont have aura'),
('22', '2', '123965', '0', '0', '1', '0', '101090', '0', '0', '1', '0', '', 'true if dont have aura'),
('22', '2', '124054', '0', '0', '1', '0', '245975', '0', '0', '1', '0', '', 'true if dont have aura'),
('22', '2', '123899', '0', '0', '1', '0', '101090', '0', '0', '1', '0', '', 'true if dont have aura'),
('22', '2', '124144', '0', '0', '1', '0', '245975', '0', '0', '1', '0', '', 'true if dont have aura'),
('22', '2', '123983', '0', '0', '1', '0', '246780', '0', '0', '1', '0', '', 'true if dont have aura'),
('22', '2', '124200', '0', '0', '1', '0', '246864', '0', '0', '1', '0', '', 'true if dont have aura'),
('22', '2', '123988', '0', '0', '1', '0', '245975', '0', '0', '1', '0', '', 'true if dont have aura'),
('22', '2', '124123', '0', '0', '1', '0', '245975', '0', '0', '1', '0', '', 'true if dont have aura'),
('22', '2', '124057', '0', '0', '1', '0', '245975', '0', '0', '1', '0', '', 'true if dont have aura'),
('22', '2', '124126', '0', '0', '1', '0', '101090', '0', '0', '1', '0', '', 'true if dont have aura'),
('22', '2', '124196', '0', '0', '1', '0', '245975', '0', '0', '1', '0', '', 'true if dont have aura'),
('22', '2', '124222', '0', '0', '1', '0', '245979', '0', '0', '1', '0', '', 'true if dont have aura'),
('22', '2', '124245', '0', '0', '1', '0', '101090', '0', '0', '1', '0', '', 'true if dont have aura'),
('22', '2', '123903', '0', '0', '1', '0', '101090', '0', '0', '1', '0', '', 'true if dont have aura');

DELETE FROM game_event WHERE eventEntry = 304;
INSERT INTO `game_event` (`eventEntry`, `start_time`, `end_time`, `occurence`, `length`, `holiday`, `description`, `world_event`) VALUES
('304', '2019-10-13 00:01:00', '2025-10-13 00:01:00', '525600', '7320', '696', 'The Great Gnomeregan Run', '0');

DELETE FROM gameobject_template WHERE entry IN (272295,271867);
INSERT INTO `gameobject_template` (`entry`, `type`, `displayId`, `name`, `IconName`, `castBarCaption`, `unk1`, `faction`, `flags`, `size`, `questItem1`, `questItem2`, `questItem3`, `questItem4`, `questItem5`, `questItem6`, `Data0`, `Data1`, `Data2`, `Data3`, `Data4`, `Data5`, `Data6`, `Data7`, `Data8`, `Data9`, `Data10`, `Data11`, `Data12`, `Data13`, `Data14`, `Data15`, `Data16`, `Data17`, `Data18`, `Data19`, `Data20`, `Data21`, `Data22`, `Data23`, `Data24`, `Data25`, `Data26`, `Data27`, `Data28`, `Data29`, `Data30`, `Data31`, `Data32`, `unkInt32`, `AIName`, `ScriptName`, `WorldEffectID`, `StateWorldEffectID`, `SpellVisualID`, `SpellStateVisualID`, `SpellStateAnimID`, `SpellStateAnimKitID`, `MaxVisible`, `IgnoreDynLos`, `VerifiedBuild`) VALUES
('272295', '5', '43472', '', '', '', '', '875', '16', '0.5', '0', '0', '0', '0', '0', '0', '0', '0', '0', '0', '0', '0', '0', '0', '0', '0', '0', '0', '0', '0', '0', '0', '0', '0', '0', '0', '0', '0', '0', '0', '0', '0', '0', '0', '0', '0', '0', '0', '0', '0', '', '', '0', '0', '0', '0', '1346', '0', '0', '0', '26014'),
('271867', '5', '7416', 'Construction Blockade', '', '', '', '0', '16', '0.65', '0', '0', '0', '0', '0', '0', '0', '0', '0', '0', '0', '0', '-1', '0', '0', '0', '0', '0', '0', '0', '0', '0', '0', '0', '0', '0', '0', '0', '0', '0', '0', '0', '0', '0', '0', '0', '0', '0', '0', '0', '', '', '0', '0', '0', '0', '1346', '0', '0', '0', '26014');

DELETE FROM gameobject WHERE guid BETWEEN 548900 AND 549243;
INSERT INTO `gameobject` (`guid`, `id`, `map`, `zoneId`, `areaId`, `spawnMask`, `phaseMask`, `PhaseId`, `position_x`, `position_y`, `position_z`, `orientation`, `rotation0`, `rotation1`, `rotation2`, `rotation3`, `spawntimesecs`, `animprogress`, `AiID`, `state`, `isActive`, `personal_size`) VALUES
('548900', '271868', '0', '6457', '133', '1', '1', '', '-5182.66', '527.465', '388.768', '1.72252', '0', '0', '0', '1', '180', '255', '0', '1', '0', '0'),
('548901', '271868', '0', '6457', '133', '1', '1', '', '-5195.58', '527.432', '388.573', '1.54063', '0', '0', '0', '1', '180', '255', '0', '1', '0', '0'),
('548902', '271868', '0', '6457', '801', '1', '1', '', '-5317.9', '369.09', '393.647', '0.258892', '0', '0', '0', '1', '180', '255', '0', '1', '0', '0'),
('548903', '271868', '0', '6457', '801', '1', '1', '', '-5321.47', '380.962', '393.064', '0.360514', '0', '0', '0', '1', '180', '255', '0', '1', '0', '0'),
('548904', '271868', '0', '6457', '137', '1', '1', '', '-5363.44', '307.875', '393.549', '1.78032', '0', '0', '0', '1', '180', '255', '0', '1', '0', '0'),
('548905', '271868', '0', '6457', '137', '1', '1', '', '-5399.86', '303.453', '393.446', '0.288511', '0', '0', '0', '1', '180', '255', '0', '1', '0', '0'),
('548906', '271868', '0', '1', '1', '1', '1', '', '-5427.41', '-354.139', '398.63', '1.42068', '0', '0', '0', '1', '180', '255', '0', '1', '0', '0'),
('548907', '271868', '0', '1', '1', '1', '1', '', '-5414.85', '-355.049', '399.007', '1.45831', '0', '0', '0', '1', '180', '255', '0', '1', '0', '0'),
('548908', '271868', '0', '1', '1', '1', '1', '', '-4979.98', '-956.382', '501.004', '2.66924', '0', '0', '0', '1', '180', '255', '0', '1', '0', '0'),
('548909', '271868', '0', '1537', '5719', '1', '1', '', '-4982.79', '-977.398', '501.309', '2.38677', '0', '0', '0', '1', '180', '255', '0', '1', '0', '0'),
('548910', '195191', '0', '1537', '5343', '1', '1', '', '-4975.29', '-1192.46', '501.664', '0.992869', '0', '0', '0', '1', '180', '255', '0', '1', '0', '0'),
('548911', '271868', '0', '1537', '5343', '1', '1', '', '-4976.79', '-1199.26', '501.664', '1.91131', '0', '0', '0', '1', '180', '255', '0', '1', '0', '0'),
('548912', '271868', '0', '1537', '5343', '1', '1', '', '-4918.39', '-1251.7', '501.66', '2.41986', '0', '0', '0', '1', '180', '255', '0', '1', '0', '0'),
('548913', '271868', '0', '1537', '5343', '1', '1', '', '-4911.69', '-1239.14', '501.66', '2.88257', '0', '0', '0', '1', '180', '255', '0', '1', '0', '0'),
('548914', '271868', '369', '2257', '2257', '1', '1', '', '-26.695', '12.9059', '-4.29737', '5.95562', '0', '0', '0', '1', '7200', '255', '0', '1', '0', '0'),
('548915', '195191', '369', '2257', '2257', '1', '1', '', '-26.7845', '10.2333', '-4.29737', '0.0444353', '-0', '-0', '-0.0222164', '-0.999753', '300', '0', '0', '1', '0', '0'),
('548916', '271868', '369', '2257', '2257', '1', '1', '', '-27.5002', '-4.3629', '-4.29737', '0.424484', '0', '0', '0', '1', '7200', '255', '0', '1', '0', '0'),
('548917', '271868', '0', '1519', '5390', '1', '1', '', '-8577.89', '534.545', '101.893', '5.57339', '0', '0', '0', '1', '180', '255', '0', '1', '0', '0'),
('548918', '271868', '0', '1519', '5390', '1', '1', '', '-8612.77', '523.934', '103.229', '0.490173', '0', '0', '0', '1', '180', '255', '0', '1', '0', '0'),
('548919', '271868', '0', '1519', '5390', '1', '1', '', '-8711.36', '531.01', '97.2425', '6.18642', '0', '0', '0', '1', '180', '255', '0', '1', '0', '0'),
('548920', '271868', '0', '1519', '5390', '1', '1', '', '-8737.07', '560.115', '97.5395', '4.86581', '0', '0', '0', '1', '180', '255', '0', '1', '0', '0'),
('548921', '271868', '0', '12', '12', '1', '1', '', '-9630.83', '-987.212', '43.9121', '0.778793', '0', '0', '0', '1', '180', '255', '0', '1', '0', '0'),
('548922', '271868', '0', '12', '12', '1', '1', '', '-9617.4', '-1003.12', '42.7694', '1.51433', '0', '0', '0', '1', '180', '255', '0', '1', '0', '0'),
('548923', '271868', '0', '12', '12', '1', '1', '', '-9727.95', '-1009.33', '41.8579', '0.148819', '0', '0', '0', '1', '180', '255', '0', '1', '0', '0'),
('548924', '271868', '0', '12', '62', '1', '1', '', '-9779.3', '-1001.15', '40.5487', '0.148819', '0', '0', '0', '1', '180', '255', '0', '1', '0', '0'),
('548925', '271868', '0', '12', '62', '1', '1', '', '-9817.12', '-1027.57', '36.8787', '0.148819', '0', '0', '0', '1', '180', '255', '0', '1', '0', '0'),
('548926', '271868', '0', '12', '62', '1', '1', '', '-9919.33', '-1018.14', '22.3312', '5.93455', '0', '0', '0', '1', '180', '255', '0', '1', '0', '0'),
('548927', '271868', '0', '12', '62', '1', '1', '', '-9919.33', '-1018.14', '22.3312', '5.93455', '0', '0', '0', '1', '180', '255', '0', '1', '0', '0'),
('548928', '271868', '0', '10', '799', '1', '1', '', '-10047.4', '-1046.32', '27.3545', '1.02826', '0', '0', '0', '1', '180', '255', '0', '1', '0', '0'),
('548929', '271868', '0', '10', '242', '1', '1', '', '-10158.2', '-1119.99', '29.782', '0.498981', '0', '0', '0', '1', '180', '255', '0', '1', '0', '0'),
('548930', '271868', '0', '10', '42', '1', '1', '', '-10495.4', '-1189.58', '26.803', '0.18215', '0', '0', '0', '1', '180', '255', '0', '1', '0', '0'),
('548931', '271868', '0', '10', '42', '1', '1', '', '-10604.8', '-1175.11', '27.1395', '6.27312', '0', '0', '0', '1', '180', '255', '0', '1', '0', '0'),
('548932', '271868', '0', '10', '42', '1', '1', '', '-10793.2', '-1048.44', '42.0196', '5.01177', '0', '0', '0', '1', '180', '255', '0', '1', '0', '0'),
('548933', '271868', '0', '10', '10', '1', '1', '', '-10837.4', '-795.825', '55.131', '4.9293', '0', '0', '0', '1', '180', '255', '0', '1', '0', '0'),
('548934', '271868', '0', '10', '10', '1', '1', '', '-10902.5', '-723.918', '54.5493', '4.96272', '0', '0', '0', '1', '180', '255', '0', '1', '0', '0'),
('548935', '271868', '0', '10', '10', '1', '1', '', '-11229.1', '-371.28', '53.1453', '5.95064', '0', '0', '0', '1', '180', '255', '0', '1', '0', '0'),
('548936', '271868', '0', '5339', '33', '1', '1', '', '-11359.7', '-360.578', '66.0821', '5.61134', '0', '0', '0', '1', '180', '255', '0', '1', '0', '0'),
('548937', '195191', '0', '5339', '33', '1', '1', '', '-11391', '-280.823', '59.0474', '4.52542', '0', '0', '0', '1', '180', '255', '0', '1', '0', '0'),
('548938', '271868', '0', '5339', '33', '1', '1', '', '-11574', '-292.74', '35.7574', '5.20743', '0', '0', '0', '1', '180', '255', '0', '1', '0', '0'),
('548939', '271868', '0', '5339', '33', '1', '1', '', '-12048.4', '-117.495', '39.7151', '6.17163', '0', '0', '0', '1', '180', '255', '0', '1', '0', '0'),
('548940', '271868', '0', '5339', '33', '1', '1', '', '-12166.2', '-273.748', '30.7292', '1.21885', '0', '0', '0', '1', '180', '255', '0', '1', '0', '0'),
('548941', '271868', '0', '5339', '33', '1', '1', '', '-12178.3', '-270.905', '30.3474', '0.943716', '0', '0', '0', '1', '180', '255', '0', '1', '0', '0'),
('548942', '271868', '0', '5339', '33', '1', '1', '', '-12480.4', '-416.066', '12.5488', '5.88742', '0', '0', '0', '1', '180', '255', '0', '1', '0', '0'),
('548943', '271868', '0', '5339', '33', '1', '1', '', '-12724.7', '-386.099', '13.6528', '6.15388', '0', '0', '0', '1', '180', '255', '0', '1', '0', '0'),
('548944', '271868', '0', '5287', '1577', '1', '1', '', '-13245.9', '-171.585', '15.3019', '5.45398', '0', '0', '0', '1', '180', '255', '0', '1', '0', '0'),
('548945', '271868', '0', '5287', '1741', '1', '1', '', '-13238.1', '-99.0017', '18.2824', '4.51852', '0', '0', '0', '1', '180', '255', '0', '1', '0', '0'),
('548946', '271868', '0', '5287', '1577', '1', '1', '', '-13588.4', '92.1146', '27.2148', '6.15388', '0', '0', '0', '1', '180', '255', '0', '1', '0', '0'),
('548947', '271868', '0', '5287', '1577', '1', '1', '', '-13796', '200.323', '20.4878', '6.06953', '0', '0', '0', '1', '180', '255', '0', '1', '0', '0'),
('548948', '271868', '0', '5287', '1577', '1', '1', '', '-13976.7', '276.762', '18.4064', '0.00477601', '0', '0', '0', '1', '180', '255', '0', '1', '0', '0'),
('548949', '271868', '0', '5287', '35', '1', '1', '', '-14400', '425.911', '7.46579', '0.114591', '0', '0', '0', '1', '180', '255', '0', '1', '0', '0'),
('548950', '272295', '0', '1537', '5343', '1', '1', '', '-4975.9', '-1191.2', '502.559', '1.21308', '0', '0', '0', '1', '180', '255', '0', '1', '0', '0'),
('548951', '272295', '0', '1537', '5343', '1', '1', '', '-4976.7', '-1191.66', '502.559', '5.4764', '0', '0', '0', '1', '180', '255', '0', '1', '0', '0'),
('548952', '272295', '0', '1537', '5343', '1', '1', '', '-4976.94', '-1191.71', '502.559', '5.4764', '0', '0', '0', '1', '180', '255', '0', '1', '0', '0'),
('548953', '272295', '0', '1537', '5343', '1', '1', '', '-4976.1', '-1192.06', '502.559', '2.64625', '0', '0', '0', '1', '180', '255', '0', '1', '0', '0'),
('548954', '272295', '0', '1537', '5343', '1', '1', '', '-4977.04', '-1192.12', '502.559', '5.4764', '0', '0', '0', '1', '180', '255', '0', '1', '0', '0'),
('548955', '272295', '0', '1537', '5343', '1', '1', '', '-4976.24', '-1191.89', '502.559', '2.64625', '0', '0', '0', '1', '180', '255', '0', '1', '0', '0'),
('548956', '272295', '0', '1537', '5343', '1', '1', '', '-4975.87', '-1192.07', '502.559', '1.98803', '0', '0', '0', '1', '180', '255', '0', '1', '0', '0'),
('548957', '272295', '0', '1537', '5343', '1', '1', '', '-4976.43', '-1191.89', '502.559', '2.64625', '0', '0', '0', '1', '180', '255', '0', '1', '0', '0'),
('548958', '272295', '0', '1537', '5343', '1', '1', '', '-4976.63', '-1191.94', '502.559', '5.4764', '0', '0', '0', '1', '180', '255', '0', '1', '0', '0'),
('548959', '272295', '0', '1537', '5343', '1', '1', '', '-4975.7', '-1191.94', '502.559', '4.31351', '0', '0', '0', '1', '180', '255', '0', '1', '0', '0'),
('548960', '272295', '0', '1537', '5343', '1', '1', '', '-4976.3', '-1192.18', '502.559', '2.64625', '0', '0', '0', '1', '180', '255', '0', '1', '0', '0'),
('548961', '272295', '0', '1537', '5343', '1', '1', '', '-4976.53', '-1192.06', '502.559', '2.64625', '0', '0', '0', '1', '180', '255', '0', '1', '0', '0'),
('548962', '272295', '0', '1537', '5343', '1', '1', '', '-4976.81', '-1192.14', '502.559', '5.4764', '0', '0', '0', '1', '180', '255', '0', '1', '0', '0'),
('548963', '272295', '0', '1537', '5343', '1', '1', '', '-4975.5', '-1191.8', '502.559', '4.31351', '0', '0', '0', '1', '180', '255', '0', '1', '0', '0'),
('548964', '272295', '0', '1537', '5343', '1', '1', '', '-4976.86', '-1191.91', '502.559', '5.4764', '0', '0', '0', '1', '180', '255', '0', '1', '0', '0'),
('548965', '272295', '0', '1537', '5343', '1', '1', '', '-4977.16', '-1191.85', '502.559', '5.4764', '0', '0', '0', '1', '180', '255', '0', '1', '0', '0'),
('548966', '272295', '0', '1537', '5343', '1', '1', '', '-4975.35', '-1191.65', '502.559', '4.31351', '0', '0', '0', '1', '180', '255', '0', '1', '0', '0'),
('548967', '272295', '0', '1537', '5343', '1', '1', '', '-4976.1', '-1192.2', '502.559', '1.98803', '0', '0', '0', '1', '180', '255', '0', '1', '0', '0'),
('548968', '272295', '0', '1537', '5343', '1', '1', '', '-4976.14', '-1192.49', '502.559', '1.98803', '0', '0', '0', '1', '180', '255', '0', '1', '0', '0'),
('548969', '272295', '0', '1537', '5343', '1', '1', '', '-4975.44', '-1192.02', '502.559', '4.31351', '0', '0', '0', '1', '180', '255', '0', '1', '0', '0'),
('548970', '272295', '0', '1537', '5343', '1', '1', '', '-4976.4', '-1192.65', '502.559', '1.98803', '0', '0', '0', '1', '180', '255', '0', '1', '0', '0'),
('548971', '272295', '0', '1537', '5343', '1', '1', '', '-4974.44', '-1192.29', '502.559', '3.38745', '0', '0', '0', '1', '180', '255', '0', '1', '0', '0'),
('548972', '272295', '0', '1537', '5343', '1', '1', '', '-4975.9', '-1192.52', '502.559', '1.98803', '0', '0', '0', '1', '180', '255', '0', '1', '0', '0'),
('548973', '272295', '0', '1537', '5343', '1', '1', '', '-4974.75', '-1192.19', '502.559', '1.1533', '0', '0', '0', '1', '180', '255', '0', '1', '0', '0'),
('548974', '272295', '0', '1537', '5343', '1', '1', '', '-4975.21', '-1191.84', '502.559', '4.31351', '0', '0', '0', '1', '180', '255', '0', '1', '0', '0'),
('548975', '272295', '0', '1537', '5343', '1', '1', '', '-4975.9', '-1192.3', '502.559', '1.98803', '0', '0', '0', '1', '180', '255', '0', '1', '0', '0'),
('548976', '272295', '0', '1537', '5343', '1', '1', '', '-4975.13', '-1192.05', '502.559', '1.1533', '0', '0', '0', '1', '180', '255', '0', '1', '0', '0'),
('548977', '272295', '0', '1537', '5343', '1', '1', '', '-4975.09', '-1192.48', '502.559', '1.1533', '0', '0', '0', '1', '180', '255', '0', '1', '0', '0'),
('548978', '272295', '0', '1537', '5343', '1', '1', '', '-4974.91', '-1191.92', '502.559', '4.31351', '0', '0', '0', '1', '180', '255', '0', '1', '0', '0'),
('548979', '272295', '0', '1537', '5343', '1', '1', '', '-4975.28', '-1192.57', '502.559', '4.56442', '0', '0', '0', '1', '180', '255', '0', '1', '0', '0'),
('548980', '272295', '0', '1537', '5343', '1', '1', '', '-4975.67', '-1192.16', '502.559', '1.98803', '0', '0', '0', '1', '180', '255', '0', '1', '0', '0'),
('548981', '272295', '0', '1537', '5343', '1', '1', '', '-4974.94', '-1192.32', '502.559', '1.1533', '0', '0', '0', '1', '180', '255', '0', '1', '0', '0'),
('548982', '272295', '0', '1537', '5343', '1', '1', '', '-4974.86', '-1192.56', '502.559', '1.1533', '0', '0', '0', '1', '180', '255', '0', '1', '0', '0'),
('548983', '272295', '0', '1537', '5343', '1', '1', '', '-4975.3', '-1192.78', '502.559', '4.56442', '0', '0', '0', '1', '180', '255', '0', '1', '0', '0'),
('548984', '272295', '0', '1537', '5343', '1', '1', '', '-4975.46', '-1192.49', '502.559', '4.56442', '0', '0', '0', '1', '180', '255', '0', '1', '0', '0'),
('548985', '272295', '0', '1537', '5343', '1', '1', '', '-4974.68', '-1192.4', '502.559', '1.1533', '0', '0', '0', '1', '180', '255', '0', '1', '0', '0'),
('548986', '272295', '0', '1537', '5343', '1', '1', '', '-4974.96', '-1192.13', '502.559', '1.1533', '0', '0', '0', '1', '180', '255', '0', '1', '0', '0'),
('548987', '272295', '0', '1537', '5343', '1', '1', '', '-4975.61', '-1192.74', '502.559', '4.56442', '0', '0', '0', '1', '180', '255', '0', '1', '0', '0'),
('548988', '272295', '0', '1537', '5343', '1', '1', '', '-4975.65', '-1192.45', '502.559', '1.98803', '0', '0', '0', '1', '180', '255', '0', '1', '0', '0'),
('548989', '272295', '0', '1537', '5343', '1', '1', '', '-4975.23', '-1192.28', '502.559', '1.1533', '0', '0', '0', '1', '180', '255', '0', '1', '0', '0'),
('548990', '272295', '0', '1537', '5343', '1', '1', '', '-4974.44', '-1192.87', '502.559', '3.38745', '0', '0', '0', '1', '180', '255', '0', '1', '0', '0'),
('548991', '272295', '0', '1537', '5343', '1', '1', '', '-4974.94', '-1193.26', '502.559', '5.60473', '0', '0', '0', '1', '180', '255', '0', '1', '0', '0'),
('548992', '272295', '0', '1537', '5343', '1', '1', '', '-4974.14', '-1192.59', '502.559', '3.38745', '0', '0', '0', '1', '180', '255', '0', '1', '0', '0'),
('548993', '272295', '0', '1537', '5343', '1', '1', '', '-4974.83', '-1193.46', '502.559', '5.60473', '0', '0', '0', '1', '180', '255', '0', '1', '0', '0'),
('548994', '272295', '0', '1537', '5343', '1', '1', '', '-4974.33', '-1192.56', '502.559', '3.38745', '0', '0', '0', '1', '180', '255', '0', '1', '0', '0'),
('548995', '272295', '0', '1537', '5343', '1', '1', '', '-4974.5', '-1193.27', '502.559', '5.60473', '0', '0', '0', '1', '180', '255', '0', '1', '0', '0'),
('548996', '272295', '0', '1537', '5343', '1', '1', '', '-4973.73', '-1192.7', '502.559', '0.807293', '0', '0', '0', '1', '180', '255', '0', '1', '0', '0'),
('548997', '272295', '0', '1537', '5343', '1', '1', '', '-4974.42', '-1193.08', '502.559', '5.60473', '0', '0', '0', '1', '180', '255', '0', '1', '0', '0'),
('548998', '272295', '0', '1537', '5343', '1', '1', '', '-4975.04', '-1192.72', '502.559', '4.56442', '0', '0', '0', '1', '180', '255', '0', '1', '0', '0'),
('548999', '272295', '0', '1537', '5343', '1', '1', '', '-4975.49', '-1192.94', '502.559', '4.56442', '0', '0', '0', '1', '180', '255', '0', '1', '0', '0'),
('549000', '272295', '0', '1537', '5343', '1', '1', '', '-4974.04', '-1192.74', '502.559', '0.807293', '0', '0', '0', '1', '180', '255', '0', '1', '0', '0'),
('549001', '272295', '0', '1537', '5343', '1', '1', '', '-4973.55', '-1192.83', '502.559', '0.807293', '0', '0', '0', '1', '180', '255', '0', '1', '0', '0'),
('549002', '272295', '0', '1537', '5343', '1', '1', '', '-4974.72', '-1192.72', '502.559', '4.56442', '0', '0', '0', '1', '180', '255', '0', '1', '0', '0'),
('549003', '272295', '0', '1537', '5343', '1', '1', '', '-4973.87', '-1192.56', '502.559', '0.807293', '0', '0', '0', '1', '180', '255', '0', '1', '0', '0'),
('549004', '272295', '0', '1537', '5343', '1', '1', '', '-4974.25', '-1192.38', '502.559', '3.38745', '0', '0', '0', '1', '180', '255', '0', '1', '0', '0'),
('549005', '272295', '0', '1537', '5343', '1', '1', '', '-4973.98', '-1192.97', '502.559', '0.807293', '0', '0', '0', '1', '180', '255', '0', '1', '0', '0'),
('549006', '272295', '0', '1537', '5343', '1', '1', '', '-4973.78', '-1192.88', '502.559', '0.807293', '0', '0', '0', '1', '180', '255', '0', '1', '0', '0'),
('549007', '272295', '0', '1537', '5343', '1', '1', '', '-4974.49', '-1192.68', '502.559', '3.38745', '0', '0', '0', '1', '180', '255', '0', '1', '0', '0'),
('549008', '272295', '0', '1537', '5343', '1', '1', '', '-4974.22', '-1193.04', '502.559', '5.60473', '0', '0', '0', '1', '180', '255', '0', '1', '0', '0'),
('549009', '272295', '0', '1537', '5343', '1', '1', '', '-4975.22', '-1192.95', '502.559', '4.56442', '0', '0', '0', '1', '180', '255', '0', '1', '0', '0'),
('549010', '272295', '0', '1537', '5343', '1', '1', '', '-4974.21', '-1192.81', '502.559', '3.38745', '0', '0', '0', '1', '180', '255', '0', '1', '0', '0'),
('549011', '272295', '0', '1537', '5343', '1', '1', '', '-4974.7', '-1193.04', '502.559', '5.60473', '0', '0', '0', '1', '180', '255', '0', '1', '0', '0'),
('549012', '272295', '0', '1537', '5343', '1', '1', '', '-4974.56', '-1192.49', '502.559', '3.38745', '0', '0', '0', '1', '180', '255', '0', '1', '0', '0'),
('549013', '272295', '0', '1537', '5343', '1', '1', '', '-4974.51', '-1193.71', '502.559', '5.60473', '0', '0', '0', '1', '180', '255', '0', '1', '0', '0'),
('549014', '272295', '0', '1537', '5343', '1', '1', '', '-4974.19', '-1193.24', '502.559', '5.55382', '0', '0', '0', '1', '180', '255', '0', '1', '0', '0'),
('549015', '272295', '0', '1537', '5343', '1', '1', '', '-4974.36', '-1193.45', '502.559', '5.55382', '0', '0', '0', '1', '180', '255', '0', '1', '0', '0'),
('549016', '272295', '0', '1537', '5343', '1', '1', '', '-4974.26', '-1193.66', '502.559', '5.55382', '0', '0', '0', '1', '180', '255', '0', '1', '0', '0'),
('549017', '272295', '0', '1537', '5343', '1', '1', '', '-4973.91', '-1193.48', '502.559', '5.55382', '0', '0', '0', '1', '180', '255', '0', '1', '0', '0'),
('549018', '272295', '0', '1537', '5343', '1', '1', '', '-4973.97', '-1193.17', '502.559', '5.55382', '0', '0', '0', '1', '180', '255', '0', '1', '0', '0'),
('549019', '272295', '0', '1537', '5343', '1', '1', '', '-4974.03', '-1193.67', '502.559', '5.55382', '0', '0', '0', '1', '180', '255', '0', '1', '0', '0'),
('549020', '272295', '0', '1537', '5343', '1', '1', '', '-4974.61', '-1193.45', '502.559', '5.60473', '0', '0', '0', '1', '180', '255', '0', '1', '0', '0'),
('549021', '272295', '0', '1537', '5343', '1', '1', '', '-4973.78', '-1193.34', '502.559', '5.55382', '0', '0', '0', '1', '180', '255', '0', '1', '0', '0'),
('549022', '272295', '0', '1537', '5343', '1', '1', '', '-4973.78', '-1193.15', '502.559', '0.807293', '0', '0', '0', '1', '180', '255', '0', '1', '0', '0'),
('549023', '272295', '0', '1537', '5343', '1', '1', '', '-4973.56', '-1193.05', '502.559', '0.807293', '0', '0', '0', '1', '180', '255', '0', '1', '0', '0'),
('549024', '272295', '0', '1537', '5343', '1', '1', '', '-4974.1', '-1193.44', '502.559', '5.55382', '0', '0', '0', '1', '180', '255', '0', '1', '0', '0'),
('549025', '272295', '369', '2257', '2257', '1', '1', '', '-26.1155', '9.43125', '-3.40978', '2.43901', '0', '0', '0', '1', '7200', '255', '0', '1', '0', '0'),
('549026', '272295', '369', '2257', '2257', '1', '1', '', '-26.1126', '11.459', '-3.40978', '0.26465', '0', '0', '0', '1', '7200', '255', '0', '1', '0', '0'),
('549027', '272295', '369', '2257', '2257', '1', '1', '', '-26.1595', '10.7501', '-3.40978', '3.36508', '0', '0', '0', '1', '7200', '255', '0', '1', '0', '0'),
('549028', '272295', '369', '2257', '2257', '1', '1', '', '-26.1742', '11.0088', '-3.40978', '3.36508', '0', '0', '0', '1', '7200', '255', '0', '1', '0', '0'),
('549029', '272295', '369', '2257', '2257', '1', '1', '', '-26.2381', '11.2706', '-3.40978', '0.26465', '0', '0', '0', '1', '7200', '255', '0', '1', '0', '0'),
('549030', '272295', '369', '2257', '2257', '1', '1', '', '-26.1975', '11.6544', '-3.40978', '0.26465', '0', '0', '0', '1', '7200', '255', '0', '1', '0', '0'),
('549031', '272295', '369', '2257', '2257', '1', '1', '', '-26.2359', '10.5286', '-3.40978', '3.36508', '0', '0', '0', '1', '7200', '255', '0', '1', '0', '0'),
('549032', '272295', '369', '2257', '2257', '1', '1', '', '-26.0722', '8.60332', '-3.40978', '6.14205', '0', '0', '0', '1', '7200', '255', '0', '1', '0', '0'),
('549033', '272295', '369', '2257', '2257', '1', '1', '', '-26.1253', '10.2319', '-3.40978', '3.36508', '0', '0', '0', '1', '7200', '255', '0', '1', '0', '0'),
('549034', '272295', '369', '2257', '2257', '1', '1', '', '-26.2357', '11.845', '-3.40978', '0.26465', '0', '0', '0', '1', '7200', '255', '0', '1', '0', '0'),
('549035', '272295', '369', '2257', '2257', '1', '1', '', '-26.5916', '8.7435', '-3.40978', '4.60538', '0', '0', '0', '1', '7200', '255', '0', '1', '0', '0'),
('549036', '272295', '369', '2257', '2257', '1', '1', '', '-26.3747', '10.788', '-3.40978', '3.36508', '0', '0', '0', '1', '7200', '255', '0', '1', '0', '0'),
('549037', '272295', '369', '2257', '2257', '1', '1', '', '-26.4613', '8.59765', '-3.40978', '6.14205', '0', '0', '0', '1', '7200', '255', '0', '1', '0', '0'),
('549038', '272295', '369', '2257', '2257', '1', '1', '', '-26.3298', '10.1536', '-3.40978', '0.204864', '0', '0', '0', '1', '7200', '255', '0', '1', '0', '0'),
('549039', '272295', '369', '2257', '2257', '1', '1', '', '-26.2617', '8.48022', '-3.40978', '6.14205', '0', '0', '0', '1', '7200', '255', '0', '1', '0', '0'),
('549040', '272295', '369', '2257', '2257', '1', '1', '', '-26.609', '10.2866', '-3.40978', '0.204864', '0', '0', '0', '1', '7200', '255', '0', '1', '0', '0'),
('549041', '272295', '369', '2257', '2257', '1', '1', '', '-26.5497', '11.5556', '-3.40978', '0.26465', '0', '0', '0', '1', '7200', '255', '0', '1', '0', '0'),
('549042', '272295', '369', '2257', '2257', '1', '1', '', '-26.3337', '11.5226', '-3.40978', '0.26465', '0', '0', '0', '1', '7200', '255', '0', '1', '0', '0'),
('549043', '272295', '369', '2257', '2257', '1', '1', '', '-26.4626', '11.2976', '-3.40978', '0.26465', '0', '0', '0', '1', '7200', '255', '0', '1', '0', '0'),
('549044', '272295', '369', '2257', '2257', '1', '1', '', '-26.4637', '11.049', '-3.40978', '3.36508', '0', '0', '0', '1', '7200', '255', '0', '1', '0', '0'),
('549045', '272295', '369', '2257', '2257', '1', '1', '', '-26.5132', '10.6117', '-3.40978', '3.36508', '0', '0', '0', '1', '7200', '255', '0', '1', '0', '0'),
('549046', '272295', '369', '2257', '2257', '1', '1', '', '-26.6134', '11.3946', '-3.40978', '1.69782', '0', '0', '0', '1', '7200', '255', '0', '1', '0', '0'),
('549047', '272295', '369', '2257', '2257', '1', '1', '', '-26.3593', '10.3376', '-3.40978', '0.204864', '0', '0', '0', '1', '7200', '255', '0', '1', '0', '0'),
('549048', '272295', '369', '2257', '2257', '1', '1', '', '-26.5983', '10.8669', '-3.40978', '3.36508', '0', '0', '0', '1', '7200', '255', '0', '1', '0', '0'),
('549049', '272295', '369', '2257', '2257', '1', '1', '', '-26.4861', '11.777', '-3.40978', '0.26465', '0', '0', '0', '1', '7200', '255', '0', '1', '0', '0'),
('549050', '272295', '369', '2257', '2257', '1', '1', '', '-26.6726', '11.1726', '-3.40978', '1.69782', '0', '0', '0', '1', '7200', '255', '0', '1', '0', '0'),
('549051', '272295', '369', '2257', '2257', '1', '1', '', '-26.6195', '8.48418', '-3.40978', '4.60538', '0', '0', '0', '1', '7200', '255', '0', '1', '0', '0'),
('549052', '272295', '369', '2257', '2257', '1', '1', '', '-26.909', '10.3534', '-3.40978', '3.61599', '0', '0', '0', '1', '7200', '255', '0', '1', '0', '0'),
('549053', '272295', '369', '2257', '2257', '1', '1', '', '-26.9123', '9.41084', '-3.40978', '4.65629', '0', '0', '0', '1', '7200', '255', '0', '1', '0', '0'),
('549054', '272295', '369', '2257', '2257', '1', '1', '', '-26.7657', '10.7126', '-3.40978', '1.03959', '0', '0', '0', '1', '7200', '255', '0', '1', '0', '0'),
('549055', '272295', '369', '2257', '2257', '1', '1', '', '-26.7836', '11.5417', '-3.40978', '1.69782', '0', '0', '0', '1', '7200', '255', '0', '1', '0', '0'),
('549056', '272295', '369', '2257', '2257', '1', '1', '', '-26.6461', '11.8326', '-3.40978', '4.52797', '0', '0', '0', '1', '7200', '255', '0', '1', '0', '0'),
('549057', '272295', '369', '2257', '2257', '1', '1', '', '-26.8491', '9.87072', '-3.40978', '3.61599', '0', '0', '0', '1', '7200', '255', '0', '1', '0', '0'),
('549058', '272295', '369', '2257', '2257', '1', '1', '', '-26.9347', '11.1213', '-3.40978', '1.69782', '0', '0', '0', '1', '7200', '255', '0', '1', '0', '0'),
('549059', '272295', '369', '2257', '2257', '1', '1', '', '-26.7776', '8.88356', '-3.40978', '4.60538', '0', '0', '0', '1', '7200', '255', '0', '1', '0', '0'),
('549060', '272295', '369', '2257', '2257', '1', '1', '', '-26.878', '11.3286', '-3.40978', '1.69782', '0', '0', '0', '1', '7200', '255', '0', '1', '0', '0'),
('549061', '272295', '369', '2257', '2257', '1', '1', '', '-26.8897', '8.68772', '-3.40978', '4.60538', '0', '0', '0', '1', '7200', '255', '0', '1', '0', '0'),
('549062', '272295', '369', '2257', '2257', '1', '1', '', '-26.7842', '9.16085', '-3.40978', '4.65629', '0', '0', '0', '1', '7200', '255', '0', '1', '0', '0'),
('549063', '272295', '369', '2257', '2257', '1', '1', '', '-26.8715', '10.1581', '-3.40978', '3.61599', '0', '0', '0', '1', '7200', '255', '0', '1', '0', '0'),
('549064', '272295', '369', '2257', '2257', '1', '1', '', '-26.6871', '10.0559', '-3.40978', '0.204864', '0', '0', '0', '1', '7200', '255', '0', '1', '0', '0'),
('549065', '272295', '369', '2257', '2257', '1', '1', '', '-26.8139', '8.51134', '-3.40978', '4.60538', '0', '0', '0', '1', '7200', '255', '0', '1', '0', '0'),
('549066', '272295', '369', '2257', '2257', '1', '1', '', '-26.8071', '10.9313', '-3.40978', '1.03959', '0', '0', '0', '1', '7200', '255', '0', '1', '0', '0'),
('549067', '272295', '369', '2257', '2257', '1', '1', '', '-27.1486', '11.6216', '-3.40978', '4.52797', '0', '0', '0', '1', '7200', '255', '0', '1', '0', '0'),
('549068', '272295', '369', '2257', '2257', '1', '1', '', '-27.1946', '9.10146', '-3.40978', '4.65629', '0', '0', '0', '1', '7200', '255', '0', '1', '0', '0'),
('549069', '272295', '369', '2257', '2257', '1', '1', '', '-27.1923', '10.6886', '-3.40978', '1.03959', '0', '0', '0', '1', '7200', '255', '0', '1', '0', '0'),
('549070', '272295', '369', '2257', '2257', '1', '1', '', '-26.9893', '11.4838', '-3.40978', '1.69782', '0', '0', '0', '1', '7200', '255', '0', '1', '0', '0'),
('549071', '272295', '369', '2257', '2257', '1', '1', '', '-27.0168', '10.8193', '-3.40978', '1.03959', '0', '0', '0', '1', '7200', '255', '0', '1', '0', '0'),
('549072', '272295', '369', '2257', '2257', '1', '1', '', '-26.9548', '11.8462', '-3.40978', '4.52797', '0', '0', '0', '1', '7200', '255', '0', '1', '0', '0'),
('549073', '272295', '369', '2257', '2257', '1', '1', '', '-26.9901', '10.526', '-3.40978', '1.03959', '0', '0', '0', '1', '7200', '255', '0', '1', '0', '0'),
('549074', '272295', '369', '2257', '2257', '1', '1', '', '-27.1488', '11.2113', '-3.40978', '1.69782', '0', '0', '0', '1', '7200', '255', '0', '1', '0', '0'),
('549075', '272295', '369', '2257', '2257', '1', '1', '', '-27.3426', '8.86703', '-3.40978', '4.65629', '0', '0', '0', '1', '7200', '255', '0', '1', '0', '0'),
('549076', '272295', '369', '2257', '2257', '1', '1', '', '-27.1408', '9.8842', '-3.40978', '3.61599', '0', '0', '0', '1', '7200', '255', '0', '1', '0', '0'),
('549077', '272295', '369', '2257', '2257', '1', '1', '', '-27.2292', '9.48257', '-3.40978', '4.65629', '0', '0', '0', '1', '7200', '255', '0', '1', '0', '0'),
('549078', '272295', '369', '2257', '2257', '1', '1', '', '-27.0445', '11.0425', '-3.40978', '1.03959', '0', '0', '0', '1', '7200', '255', '0', '1', '0', '0'),
('549079', '272295', '369', '2257', '2257', '1', '1', '', '-27.1386', '12.0012', '-3.40978', '4.52797', '0', '0', '0', '1', '7200', '255', '0', '1', '0', '0'),
('549080', '272295', '369', '2257', '2257', '1', '1', '', '-27.0297', '8.50236', '-3.40978', '4.60538', '0', '0', '0', '1', '7200', '255', '0', '1', '0', '0'),
('549081', '272295', '369', '2257', '2257', '1', '1', '', '-27.1839', '11.4687', '-3.40978', '1.69782', '0', '0', '0', '1', '7200', '255', '0', '1', '0', '0'),
('549082', '272295', '369', '2257', '2257', '1', '1', '', '-27.3298', '9.27798', '-3.40978', '4.65629', '0', '0', '0', '1', '7200', '255', '0', '1', '0', '0'),
('549083', '272295', '369', '2257', '2257', '1', '1', '', '-27.2548', '11.8232', '-3.40978', '4.52797', '0', '0', '0', '1', '7200', '255', '0', '1', '0', '0'),
('549084', '272295', '369', '2257', '2257', '1', '1', '', '-26.9803', '9.11846', '-3.40978', '4.65629', '0', '0', '0', '1', '7200', '255', '0', '1', '0', '0'),
('549085', '272295', '369', '2257', '2257', '1', '1', '', '-27.2873', '10.1118', '-3.40978', '3.61599', '0', '0', '0', '1', '7200', '255', '0', '1', '0', '0'),
('549086', '272295', '369', '2257', '2257', '1', '1', '', '-27.3781', '12.1023', '-3.40978', '4.52797', '0', '0', '0', '1', '7200', '255', '0', '1', '0', '0'),
('549087', '272295', '369', '2257', '2257', '1', '1', '', '-27.044', '8.89753', '-3.40978', '4.60538', '0', '0', '0', '1', '7200', '255', '0', '1', '0', '0'),
('549088', '272295', '369', '2257', '2257', '1', '1', '', '-27.049', '10.0478', '-3.40978', '3.61599', '0', '0', '0', '1', '7200', '255', '0', '1', '0', '0'),
('549089', '272295', '369', '2257', '2257', '1', '1', '', '-27.1574', '8.69225', '-3.40978', '4.60538', '0', '0', '0', '1', '7200', '255', '0', '1', '0', '0'),
('549090', '272295', '369', '2257', '2257', '1', '1', '', '-27.3046', '10.8986', '-3.40978', '1.03959', '0', '0', '0', '1', '7200', '255', '0', '1', '0', '0'),
('549091', '272295', '369', '2257', '2257', '1', '1', '', '-27.203', '10.3219', '-3.40978', '3.61599', '0', '0', '0', '1', '7200', '255', '0', '1', '0', '0'),
('549092', '272295', '369', '2257', '2257', '1', '1', '', '-27.5853', '11.022', '-3.40978', '1.03959', '0', '0', '0', '1', '7200', '255', '0', '1', '0', '0'),
('549093', '272295', '369', '2257', '2257', '1', '1', '', '-27.4171', '11.6512', '-3.40978', '4.52797', '0', '0', '0', '1', '7200', '255', '0', '1', '0', '0'),
('549094', '272295', '369', '2257', '2257', '1', '1', '', '-27.5271', '11.8458', '-3.40978', '4.52797', '0', '0', '0', '1', '7200', '255', '0', '1', '0', '0'),
('549095', '272295', '0', '5339', '33', '1', '1', '', '-11390', '-281.547', '59.9466', '2.26716', '0', '0', '0', '1', '180', '255', '0', '1', '0', '0'),
('549096', '272295', '0', '5339', '33', '1', '1', '', '-11389.3', '-282.002', '59.9466', '4.65814', '0', '0', '0', '1', '180', '255', '0', '1', '0', '0'),
('549097', '272295', '0', '5339', '33', '1', '1', '', '-11389.7', '-281.642', '59.9466', '2.26716', '0', '0', '0', '1', '180', '255', '0', '1', '0', '0'),
('549098', '272295', '0', '5339', '33', '1', '1', '', '-11389.4', '-281.679', '59.9466', '4.65814', '0', '0', '0', '1', '180', '255', '0', '1', '0', '0'),
('549099', '272295', '0', '5339', '33', '1', '1', '', '-11389.2', '-281.688', '59.9466', '4.65814', '0', '0', '0', '1', '180', '255', '0', '1', '0', '0'),
('549100', '272295', '0', '5339', '33', '1', '1', '', '-11389.2', '-281.295', '59.9466', '0.753212', '0', '0', '0', '1', '180', '255', '0', '1', '0', '0'),
('549101', '272295', '0', '5339', '33', '1', '1', '', '-11389.5', '-281.595', '59.9466', '4.65814', '0', '0', '0', '1', '180', '255', '0', '1', '0', '0'),
('549102', '272295', '0', '5339', '33', '1', '1', '', '-11389.5', '-281.915', '59.9466', '4.65814', '0', '0', '0', '1', '180', '255', '0', '1', '0', '0'),
('549103', '272295', '0', '5339', '33', '1', '1', '', '-11389.9', '-281.837', '59.9466', '2.26716', '0', '0', '0', '1', '180', '255', '0', '1', '0', '0'),
('549104', '272295', '0', '5339', '33', '1', '1', '', '-11389.4', '-281.399', '59.9466', '0.753212', '0', '0', '0', '1', '180', '255', '0', '1', '0', '0'),
('549105', '272295', '0', '5339', '33', '1', '1', '', '-11390.2', '-281.613', '59.9466', '4.52412', '0', '0', '0', '1', '180', '255', '0', '1', '0', '0'),
('549106', '272295', '0', '5339', '33', '1', '1', '', '-11389.6', '-281.368', '59.9466', '2.26716', '0', '0', '0', '1', '180', '255', '0', '1', '0', '0'),
('549107', '272295', '0', '5339', '33', '1', '1', '', '-11391.3', '-281.396', '59.9466', '5.42426', '0', '0', '0', '1', '180', '255', '0', '1', '0', '0'),
('549108', '272295', '0', '5339', '33', '1', '1', '', '-11390.2', '-281.014', '59.9466', '1.83846', '0', '0', '0', '1', '180', '255', '0', '1', '0', '0'),
('549109', '272295', '0', '5339', '33', '1', '1', '', '-11390.3', '-281.252', '59.9466', '4.52412', '0', '0', '0', '1', '180', '255', '0', '1', '0', '0'),
('549110', '272295', '0', '5339', '33', '1', '1', '', '-11389.2', '-280.76', '59.9466', '1.98969', '0', '0', '0', '1', '180', '255', '0', '1', '0', '0'),
('549111', '272295', '0', '5339', '33', '1', '1', '', '-11390.1', '-281.332', '59.9466', '4.52412', '0', '0', '0', '1', '180', '255', '0', '1', '0', '0'),
('549112', '272295', '0', '5339', '33', '1', '1', '', '-11389.8', '-280.981', '59.9466', '1.83846', '0', '0', '0', '1', '180', '255', '0', '1', '0', '0'),
('549113', '272295', '0', '5339', '33', '1', '1', '', '-11391.6', '-281.516', '59.9466', '5.42426', '0', '0', '0', '1', '180', '255', '0', '1', '0', '0'),
('549114', '272295', '0', '5339', '33', '1', '1', '', '-11390.4', '-281.064', '59.9466', '4.52412', '0', '0', '0', '1', '180', '255', '0', '1', '0', '0'),
('549115', '272295', '0', '5339', '33', '1', '1', '', '-11390.4', '-281.502', '59.9466', '4.52412', '0', '0', '0', '1', '180', '255', '0', '1', '0', '0'),
('549116', '272295', '0', '5339', '33', '1', '1', '', '-11389.2', '-281.085', '59.9466', '0.753212', '0', '0', '0', '1', '180', '255', '0', '1', '0', '0'),
('549117', '272295', '0', '5339', '33', '1', '1', '', '-11391.2', '-281.325', '59.9466', '5.42426', '0', '0', '0', '1', '180', '255', '0', '1', '0', '0'),
('549118', '272295', '0', '5339', '33', '1', '1', '', '-11390.7', '-281.227', '59.9466', '0.157944', '0', '0', '0', '1', '180', '255', '0', '1', '0', '0'),
('549119', '272295', '0', '5339', '33', '1', '1', '', '-11390.5', '-281.373', '59.9466', '4.52412', '0', '0', '0', '1', '180', '255', '0', '1', '0', '0'),
('549120', '272295', '0', '5339', '33', '1', '1', '', '-11390.9', '-281.411', '59.9466', '0.157944', '0', '0', '0', '1', '180', '255', '0', '1', '0', '0'),
('549121', '272295', '0', '5339', '33', '1', '1', '', '-11389.3', '-280.898', '59.9466', '0.753212', '0', '0', '0', '1', '180', '255', '0', '1', '0', '0'),
('549122', '272295', '0', '5339', '33', '1', '1', '', '-11391', '-281.172', '59.9466', '0.157944', '0', '0', '0', '1', '180', '255', '0', '1', '0', '0'),
('549123', '272295', '0', '5339', '33', '1', '1', '', '-11391', '-281.616', '59.9466', '0.157944', '0', '0', '0', '1', '180', '255', '0', '1', '0', '0'),
('549124', '272295', '0', '5339', '33', '1', '1', '', '-11389.4', '-281.217', '59.9466', '0.753212', '0', '0', '0', '1', '180', '255', '0', '1', '0', '0'),
('549125', '272295', '0', '5339', '33', '1', '1', '', '-11390.7', '-281.483', '59.9466', '0.157944', '0', '0', '0', '1', '180', '255', '0', '1', '0', '0'),
('549126', '272295', '0', '5339', '33', '1', '1', '', '-11389.8', '-281.415', '59.9466', '2.26716', '0', '0', '0', '1', '180', '255', '0', '1', '0', '0'),
('549127', '272295', '0', '5339', '33', '1', '1', '', '-11389.6', '-281.047', '59.9466', '0.753212', '0', '0', '0', '1', '180', '255', '0', '1', '0', '0'),
('549128', '272295', '0', '5339', '33', '1', '1', '', '-11390.7', '-281.679', '59.9466', '0.157944', '0', '0', '0', '1', '180', '255', '0', '1', '0', '0'),
('549129', '272295', '0', '5339', '33', '1', '1', '', '-11389.3', '-280.714', '59.9466', '1.98969', '0', '0', '0', '1', '180', '255', '0', '1', '0', '0'),
('549130', '272295', '0', '5339', '33', '1', '1', '', '-11390', '-280.913', '59.9466', '1.83846', '0', '0', '0', '1', '180', '255', '0', '1', '0', '0'),
('549131', '272295', '0', '5339', '33', '1', '1', '', '-11389.6', '-280.845', '59.9466', '1.98969', '0', '0', '0', '1', '180', '255', '0', '1', '0', '0'),
('549132', '272295', '0', '5339', '33', '1', '1', '', '-11390', '-280.66', '59.9466', '1.83846', '0', '0', '0', '1', '180', '255', '0', '1', '0', '0'),
('549133', '272295', '0', '5339', '33', '1', '1', '', '-11391', '-280.871', '59.9466', '4.90441', '0', '0', '0', '1', '180', '255', '0', '1', '0', '0'),
('549134', '272295', '0', '5339', '33', '1', '1', '', '-11392.4', '-281.248', '59.9466', '4.80547', '0', '0', '0', '1', '180', '255', '0', '1', '0', '0'),
('549135', '272295', '0', '5339', '33', '1', '1', '', '-11389.8', '-280.698', '59.9466', '1.83846', '0', '0', '0', '1', '180', '255', '0', '1', '0', '0'),
('549136', '272295', '0', '5339', '33', '1', '1', '', '-11390.6', '-280.882', '59.9466', '4.90441', '0', '0', '0', '1', '180', '255', '0', '1', '0', '0'),
('549137', '272295', '0', '5339', '33', '1', '1', '', '-11391.5', '-281.153', '59.9466', '5.42426', '0', '0', '0', '1', '180', '255', '0', '1', '0', '0'),
('549138', '272295', '0', '5339', '33', '1', '1', '', '-11390.4', '-280.582', '59.9466', '3.67829', '0', '0', '0', '1', '180', '255', '0', '1', '0', '0'),
('549139', '272295', '0', '5339', '33', '1', '1', '', '-11389.4', '-280.462', '59.9466', '1.98969', '0', '0', '0', '1', '180', '255', '0', '1', '0', '0'),
('549140', '272295', '0', '5339', '33', '1', '1', '', '-11390.9', '-280.66', '59.9466', '4.90441', '0', '0', '0', '1', '180', '255', '0', '1', '0', '0'),
('549141', '272295', '0', '5339', '33', '1', '1', '', '-11391.3', '-281.04', '59.9466', '5.42426', '0', '0', '0', '1', '180', '255', '0', '1', '0', '0'),
('549142', '272295', '0', '5339', '33', '1', '1', '', '-11390.6', '-280.578', '59.9466', '4.90441', '0', '0', '0', '1', '180', '255', '0', '1', '0', '0'),
('549143', '272295', '0', '5339', '33', '1', '1', '', '-11391.7', '-281.224', '59.9466', '5.42426', '0', '0', '0', '1', '180', '255', '0', '1', '0', '0'),
('549144', '272295', '0', '5339', '33', '1', '1', '', '-11389.8', '-280.366', '59.9466', '4.65814', '0', '0', '0', '1', '180', '255', '0', '1', '0', '0'),
('549145', '272295', '0', '5339', '33', '1', '1', '', '-11389.2', '-280.481', '59.9466', '1.98969', '0', '0', '0', '1', '180', '255', '0', '1', '0', '0'),
('549146', '272295', '0', '5339', '33', '1', '1', '', '-11390', '-280.498', '59.9466', '3.67829', '0', '0', '0', '1', '180', '255', '0', '1', '0', '0'),
('549147', '272295', '0', '5339', '33', '1', '1', '', '-11389', '-280.446', '59.9466', '2.26716', '0', '0', '0', '1', '180', '255', '0', '1', '0', '0'),
('549148', '272295', '0', '5339', '33', '1', '1', '', '-11390.8', '-280.899', '59.9466', '4.90441', '0', '0', '0', '1', '180', '255', '0', '1', '0', '0'),
('549149', '272295', '0', '5339', '33', '1', '1', '', '-11392.1', '-281.274', '59.9466', '3.26804', '0', '0', '0', '1', '180', '255', '0', '1', '0', '0'),
('549150', '272295', '0', '5339', '33', '1', '1', '', '-11389.6', '-280.533', '59.9466', '1.98969', '0', '0', '0', '1', '180', '255', '0', '1', '0', '0'),
('549151', '272295', '0', '5339', '33', '1', '1', '', '-11390.2', '-280.694', '59.9466', '1.83846', '0', '0', '0', '1', '180', '255', '0', '1', '0', '0'),
('549152', '272295', '0', '5339', '33', '1', '1', '', '-11391.8', '-281.134', '59.9466', '2.07412', '0', '0', '0', '1', '180', '255', '0', '1', '0', '0'),
('549153', '272295', '0', '5339', '33', '1', '1', '', '-11391.8', '-281.377', '59.9466', '3.26804', '0', '0', '0', '1', '180', '255', '0', '1', '0', '0'),
('549154', '272295', '0', '5339', '33', '1', '1', '', '-11391.6', '-280.925', '59.9466', '3.26804', '0', '0', '0', '1', '180', '255', '0', '1', '0', '0'),
('549155', '272295', '0', '5339', '33', '1', '1', '', '-11392', '-281.04', '59.9466', '3.26804', '0', '0', '0', '1', '180', '255', '0', '1', '0', '0'),
('549156', '272295', '0', '5339', '33', '1', '1', '', '-11392.8', '-281.144', '59.9466', '4.80547', '0', '0', '0', '1', '180', '255', '0', '1', '0', '0'),
('549157', '272295', '0', '5339', '33', '1', '1', '', '-11391.5', '-280.66', '59.9466', '1.30446', '0', '0', '0', '1', '180', '255', '0', '1', '0', '0'),
('549158', '272295', '0', '5339', '33', '1', '1', '', '-11391.8', '-280.613', '59.9466', '1.30446', '0', '0', '0', '1', '180', '255', '0', '1', '0', '0'),
('549159', '272295', '0', '5339', '33', '1', '1', '', '-11391.4', '-280.802', '59.9466', '1.30446', '0', '0', '0', '1', '180', '255', '0', '1', '0', '0'),
('549160', '272295', '0', '5339', '33', '1', '1', '', '-11390.5', '-280.149', '59.9466', '3.67829', '0', '0', '0', '1', '180', '255', '0', '1', '0', '0'),
('549161', '272295', '0', '5339', '33', '1', '1', '', '-11390.7', '-280.026', '59.9466', '4.86199', '0', '0', '0', '1', '180', '255', '0', '1', '0', '0'),
('549162', '272295', '0', '5339', '33', '1', '1', '', '-11392.5', '-280.993', '59.9466', '4.80547', '0', '0', '0', '1', '180', '255', '0', '1', '0', '0'),
('549163', '272295', '0', '5339', '33', '1', '1', '', '-11391', '-280.339', '59.9466', '4.86199', '0', '0', '0', '1', '180', '255', '0', '1', '0', '0'),
('549164', '272295', '0', '5339', '33', '1', '1', '', '-11391.9', '-280.851', '59.9466', '3.26804', '0', '0', '0', '1', '180', '255', '0', '1', '0', '0'),
('549165', '272295', '0', '5339', '33', '1', '1', '', '-11390.2', '-280.264', '59.9466', '3.67829', '0', '0', '0', '1', '180', '255', '0', '1', '0', '0'),
('549166', '272295', '0', '5339', '33', '1', '1', '', '-11391', '-280.58', '59.9466', '4.90441', '0', '0', '0', '1', '180', '255', '0', '1', '0', '0'),
('549167', '272295', '0', '5339', '33', '1', '1', '', '-11391.2', '-280.328', '59.9466', '4.86199', '0', '0', '0', '1', '180', '255', '0', '1', '0', '0'),
('549168', '272295', '0', '5339', '33', '1', '1', '', '-11391.4', '-280.422', '59.9466', '1.30446', '0', '0', '0', '1', '180', '255', '0', '1', '0', '0'),
('549169', '272295', '0', '5339', '33', '1', '1', '', '-11392.2', '-280.608', '59.9466', '2.11899', '0', '0', '0', '1', '180', '255', '0', '1', '0', '0'),
('549170', '272295', '0', '5339', '33', '1', '1', '', '-11390.2', '-280.13', '59.9466', '3.67829', '0', '0', '0', '1', '180', '255', '0', '1', '0', '0'),
('549171', '272295', '0', '5339', '33', '1', '1', '', '-11392.4', '-280.766', '59.9466', '2.11899', '0', '0', '0', '1', '180', '255', '0', '1', '0', '0'),
('549172', '272295', '0', '5339', '33', '1', '1', '', '-11390.8', '-280.365', '59.9466', '4.86199', '0', '0', '0', '1', '180', '255', '0', '1', '0', '0'),
('549173', '272295', '0', '5339', '33', '1', '1', '', '-11390.5', '-280.344', '59.9466', '3.67829', '0', '0', '0', '1', '180', '255', '0', '1', '0', '0'),
('549174', '272295', '0', '5339', '33', '1', '1', '', '-11392.2', '-281.007', '59.9466', '4.80547', '0', '0', '0', '1', '180', '255', '0', '1', '0', '0'),
('549175', '272295', '0', '5339', '33', '1', '1', '', '-11391.2', '-280.566', '59.9466', '1.30446', '0', '0', '0', '1', '180', '255', '0', '1', '0', '0'),
('549176', '272295', '0', '5339', '33', '1', '1', '', '-11392', '-280.632', '59.9466', '2.11899', '0', '0', '0', '1', '180', '255', '0', '1', '0', '0'),
('549177', '272295', '0', '5339', '33', '1', '1', '', '-11392.7', '-280.87', '59.9466', '4.80547', '0', '0', '0', '1', '180', '255', '0', '1', '0', '0'),
('549178', '272295', '0', '5339', '33', '1', '1', '', '-11391', '-280.104', '59.9466', '4.86199', '0', '0', '0', '1', '180', '255', '0', '1', '0', '0'),
('549179', '272295', '0', '5339', '33', '1', '1', '', '-11392.6', '-281.224', '59.9466', '4.80547', '0', '0', '0', '1', '180', '255', '0', '1', '0', '0'),
('549180', '272295', '0', '5339', '33', '1', '1', '', '-11391.6', '-280.333', '59.9466', '1.30446', '0', '0', '0', '1', '180', '255', '0', '1', '0', '0'),
('549181', '272295', '0', '5339', '33', '1', '1', '', '-11391.9', '-279.983', '59.9466', '1.98969', '0', '0', '0', '1', '180', '255', '0', '1', '0', '0'),
('549182', '272295', '0', '5339', '33', '1', '1', '', '-11392.2', '-279.844', '59.9466', '1.83846', '0', '0', '0', '1', '180', '255', '0', '1', '0', '0'),
('549183', '272295', '0', '5339', '33', '1', '1', '', '-11391.6', '-280.156', '59.9466', '1.98969', '0', '0', '0', '1', '180', '255', '0', '1', '0', '0'),
('549184', '272295', '0', '5339', '33', '1', '1', '', '-11392.6', '-279.842', '59.9466', '1.83846', '0', '0', '0', '1', '180', '255', '0', '1', '0', '0'),
('549185', '272295', '0', '5339', '33', '1', '1', '', '-11391.5', '-280.205', '59.9466', '1.98969', '0', '0', '0', '1', '180', '255', '0', '1', '0', '0'),
('549186', '272295', '0', '5339', '33', '1', '1', '', '-11392.3', '-280.062', '59.9466', '1.83846', '0', '0', '0', '1', '180', '255', '0', '1', '0', '0'),
('549187', '272295', '0', '5339', '33', '1', '1', '', '-11392.1', '-280.344', '59.9466', '2.11899', '0', '0', '0', '1', '180', '255', '0', '1', '0', '0'),
('549188', '272295', '0', '5339', '33', '1', '1', '', '-11392.6', '-280.16', '59.9466', '1.83846', '0', '0', '0', '1', '180', '255', '0', '1', '0', '0'),
('549189', '272295', '0', '5339', '33', '1', '1', '', '-11391.1', '-280.014', '59.9466', '4.86199', '0', '0', '0', '1', '180', '255', '0', '1', '0', '0'),
('549190', '272295', '0', '5339', '33', '1', '1', '', '-11392.2', '-280.129', '59.9466', '1.83846', '0', '0', '0', '1', '180', '255', '0', '1', '0', '0'),
('549191', '272295', '0', '5339', '33', '1', '1', '', '-11392.5', '-280.465', '59.9466', '2.11899', '0', '0', '0', '1', '180', '255', '0', '1', '0', '0'),
('549192', '272295', '0', '5339', '33', '1', '1', '', '-11392.4', '-279.809', '59.9466', '1.83846', '0', '0', '0', '1', '180', '255', '0', '1', '0', '0'),
('549193', '272295', '0', '5339', '33', '1', '1', '', '-11391.9', '-280.293', '59.9466', '1.98969', '0', '0', '0', '1', '180', '255', '0', '1', '0', '0'),
('549194', '272295', '0', '5339', '33', '1', '1', '', '-11391.7', '-279.91', '59.9466', '1.98969', '0', '0', '0', '1', '180', '255', '0', '1', '0', '0'),
('549195', '272295', '0', '5339', '33', '1', '1', '', '-11391.5', '-279.925', '59.9466', '1.98969', '0', '0', '0', '1', '180', '255', '0', '1', '0', '0'),
('549196', '272295', '0', '5339', '33', '1', '1', '', '-11392.3', '-280.365', '59.9466', '2.11899', '0', '0', '0', '1', '180', '255', '0', '1', '0', '0'),
('549197', '271867', '0', '0', '0', '1', '1', '', '-5171.47', '479.269', '389.161', '2.73949', '0', '0', '0', '1', '180', '255', '0', '1', '0', '0'),
('549198', '271867', '0', '0', '0', '1', '1', '', '-5169.4', '486.495', '389.255', '2.96317', '0', '0', '0', '1', '180', '255', '0', '1', '0', '0'),
('549199', '271867', '0', '0', '0', '1', '1', '', '-5363.36', '309.564', '394.249', '5.18276', '0', '0', '0', '1', '180', '255', '0', '1', '0', '0'),
('549200', '271867', '0', '0', '0', '1', '1', '', '-5359.08', '314.363', '394.196', '5.2707', '0', '0', '0', '1', '180', '255', '0', '1', '0', '0'),
('549201', '271867', '0', '0', '0', '1', '1', '', '-5368.63', '304.658', '393.845', '4.79422', '0', '0', '0', '1', '180', '255', '0', '1', '0', '0'),
('549202', '271867', '0', '0', '0', '1', '1', '', '-5441.72', '-419.332', '397.867', '0.000505447', '0', '0', '0', '1', '180', '255', '0', '1', '0', '0'),
('549203', '271867', '0', '0', '0', '1', '1', '', '-5441.4', '-406.8', '398.628', '0.085586', '0', '0', '0', '1', '180', '255', '0', '1', '0', '0'),
('549204', '271867', '0', '0', '0', '1', '1', '', '-5427.66', '-408.976', '398.206', '5.86916', '0', '0', '0', '1', '180', '255', '0', '1', '0', '0'),
('549205', '271867', '0', '0', '0', '1', '1', '', '-5441.68', '-397.613', '398.631', '0.314863', '0', '0', '0', '1', '180', '255', '0', '1', '0', '0'),
('549206', '271867', '0', '0', '0', '1', '1', '', '-5423.41', '-397.03', '398.671', '5.63521', '0', '0', '0', '1', '180', '255', '0', '1', '0', '0'),
('549207', '271867', '0', '0', '0', '1', '1', '', '-4981.33', '-952.764', '501.659', '0.374992', '0', '0', '0', '1', '180', '255', '0', '1', '0', '0'),
('549208', '271867', '0', '0', '0', '1', '1', '', '-4981.87', '-960.797', '501.659', '6.18413', '0', '0', '0', '1', '180', '255', '0', '1', '0', '0'),
('549209', '271867', '0', '0', '0', '1', '1', '', '-4981.17', '-956.443', '501.659', '0.181926', '0', '0', '0', '1', '180', '255', '0', '1', '0', '0'),
('549210', '271867', '0', '0', '0', '1', '1', '', '-4982.61', '-967', '501.659', '5.99615', '0', '0', '0', '1', '180', '255', '0', '1', '0', '0'),
('549211', '271867', '0', '0', '0', '1', '1', '', '-4826.4', '-1272.8', '501.868', '0.000505447', '0', '0', '0', '1', '180', '255', '0', '1', '0', '0'),
('549212', '271867', '0', '0', '0', '1', '1', '', '-4827.27', '-1266.92', '501.868', '0.36676', '0', '0', '0', '1', '180', '255', '0', '1', '0', '0'),
('549213', '271867', '0', '0', '0', '1', '1', '', '-4826.51', '-1278', '501.868', '0.000505447', '0', '0', '0', '1', '180', '255', '0', '1', '0', '0'),
('549214', '271867', '0', '0', '0', '1', '1', '', '-8454.65', '588.18', '94.5579', '5.12494', '0', '0', '0', '1', '180', '255', '0', '1', '0', '0'),
('549215', '271867', '0', '0', '0', '1', '1', '', '-8445.83', '588.695', '94.5608', '5.0401', '0', '0', '0', '1', '180', '255', '0', '1', '0', '0'),
('549216', '271867', '0', '0', '0', '1', '1', '', '-8440.54', '587.781', '94.3242', '4.87321', '0', '0', '0', '1', '180', '255', '0', '1', '0', '0'),
('549217', '271867', '0', '0', '0', '1', '1', '', '-8573.93', '546.144', '101.855', '4.94891', '0', '0', '0', '1', '180', '255', '0', '1', '0', '0'),
('549218', '271867', '0', '0', '0', '1', '1', '', '-8584.12', '546.844', '101.933', '5.54273', '0', '0', '0', '1', '180', '255', '0', '1', '0', '0'),
('549219', '271867', '0', '0', '0', '1', '1', '', '-8612.77', '509.653', '103.715', '4.48329', '0', '0', '0', '1', '180', '255', '0', '1', '0', '0'),
('549220', '271867', '0', '0', '0', '1', '1', '', '-8713.69', '515.727', '97.1459', '4.11975', '0', '0', '0', '1', '180', '255', '0', '1', '0', '0'),
('549221', '271867', '0', '0', '0', '1', '1', '', '-8719.48', '517.599', '96.7697', '3.71184', '0', '0', '0', '1', '180', '255', '0', '1', '0', '0'),
('549222', '271867', '0', '0', '0', '1', '1', '', '-8753.34', '559.938', '97.3467', '2.89822', '0', '0', '0', '1', '180', '255', '0', '1', '0', '0'),
('549223', '271867', '0', '0', '0', '1', '1', '', '-8729.55', '571.859', '97.3658', '3.53879', '0', '0', '0', '1', '180', '255', '0', '1', '0', '0'),
('549224', '271867', '0', '0', '0', '1', '1', '', '-8731.71', '580.854', '97.6439', '4.16757', '0', '0', '0', '1', '180', '255', '0', '1', '0', '0'),
('549225', '271867', '0', '0', '0', '1', '1', '', '-8832.09', '627.922', '94.2809', '5.29847', '0', '0', '0', '1', '180', '255', '0', '1', '0', '0'),
('549226', '271867', '0', '0', '0', '1', '1', '', '-8840.13', '624.691', '93.9295', '5.7042', '0', '0', '0', '1', '180', '255', '0', '1', '0', '0'),
('549227', '271867', '0', '0', '0', '1', '1', '', '-9624.27', '-1007.1', '41.8277', '4.83982', '0', '0', '0', '1', '180', '255', '0', '1', '0', '0'),
('549228', '271867', '0', '0', '0', '1', '1', '', '-9618.89', '-1002.29', '42.5313', '5.14878', '0', '0', '0', '1', '180', '255', '0', '1', '0', '0'),
('549229', '271867', '0', '0', '0', '1', '1', '', '-9669.77', '-991.545', '44.1403', '5.19752', '0', '0', '0', '1', '180', '255', '0', '1', '0', '0'),
('549230', '271867', '0', '0', '0', '1', '1', '', '-9663.34', '-1006.38', '42.423', '4.83982', '0', '0', '0', '1', '180', '255', '0', '1', '0', '0'),
('549231', '271867', '0', '0', '0', '1', '1', '', '-9671.19', '-1007.57', '41.3033', '4.83982', '0', '0', '0', '1', '180', '255', '0', '1', '0', '0'),
('549232', '271867', '0', '0', '0', '1', '1', '', '-9657.79', '-1006.58', '42.9444', '4.4572', '0', '0', '0', '1', '180', '255', '0', '1', '0', '0'),
('549233', '271867', '0', '0', '0', '1', '1', '', '-9665.46', '-987.691', '44.8433', '5.37366', '0', '0', '0', '1', '180', '255', '0', '1', '0', '0'),
('549234', '271867', '0', '0', '0', '1', '1', '', '-9679.7', '-1009.97', '40.1938', '4.62459', '0', '0', '0', '1', '180', '255', '0', '1', '0', '0'),
('549235', '271867', '0', '0', '0', '1', '1', '', '-10908.7', '-741.913', '54.6834', '3.28988', '0', '0', '0', '1', '180', '255', '0', '1', '0', '0'),
('549236', '271867', '0', '0', '0', '1', '1', '', '-10910.4', '-735.911', '54.8436', '3.20045', '0', '0', '0', '1', '180', '255', '0', '1', '0', '0'),
('549237', '271867', '0', '0', '0', '1', '1', '', '-10903.7', '-370.993', '39.7467', '4.20008', '0', '0', '0', '1', '180', '255', '0', '1', '0', '0'),
('549238', '271867', '0', '0', '0', '1', '1', '', '-10898.5', '-374.601', '39.5711', '4.17848', '0', '0', '0', '1', '180', '255', '0', '1', '0', '0'),
('549239', '271867', '0', '0', '0', '1', '1', '', '-10913.8', '-362.602', '39.5288', '4.57214', '0', '0', '0', '1', '180', '255', '0', '1', '0', '0'),
('549240', '271867', '0', '0', '0', '1', '1', '', '-11385.9', '-283.238', '59.6994', '4.0973', '0', '0', '0', '1', '180', '255', '0', '1', '0', '0'),
('549241', '271867', '0', '0', '0', '1', '1', '', '-13020.9', '-386.129', '30.2163', '3.21943', '0', '0', '0', '1', '180', '255', '0', '1', '0', '0'),
('549242', '271867', '0', '0', '0', '1', '1', '', '-13015.5', '-391.278', '30.6094', '3.67916', '0', '0', '0', '1', '180', '255', '0', '1', '0', '0'),
('549243', '271867', '0', '0', '0', '1', '1', '', '-14421.1', '430.156', '8.97712', '2.83205', '0', '0', '0', '1', '180', '255', '0', '1', '0', '0');

DELETE FROM game_event_gameobject WHERE eventEntry = 304;
DELETE FROM game_event_creature WHERE eventEntry = 304;
INSERT INTO `game_event_gameobject` (`eventEntry`, `guid`) SELECT 304, guid FROM gameobject WHERE guid BETWEEN 548900 AND 549243;
INSERT INTO `game_event_creature` (`eventEntry`, `guid`) SELECT 304, guid FROM creature WHERE guid BETWEEN 507000 AND 507622;