DELETE FROM creature WHERE map = 1744;
INSERT INTO `creature` (`id`, `map`, `zoneId`, `areaId`, `spawnMask`, `phaseMask`, `PhaseId`, `modelid`, `equipment_id`, `position_x`, `position_y`, `position_z`, `orientation`, `spawntimesecs`, `spawndist`, `currentwaypoint`, `curhealth`, `curmana`, `MovementType`, `npcflag`, `unit_flags`, `dynamicflags`, `AiID`, `MovementID`, `MeleeID`) VALUES
(17213, 1744, 0, 0, 1, 1, '', 0, 0, 227.8472, 21.5191, -2.971634, 0.8271012, 7200, 2, 0, 0, 0, 1, 0, 0, 0, 0, 0, 0), -- 17213 (Area: 8712) (possible waypoints or random movement)
(17213, 1744, 0, 0, 1, 1, '', 0, 0, 228.5382, -23.56597, -2.931869, 5.226175, 7200, 1, 0, 0, 0, 1, 0, 0, 0, 0, 0, 0), -- 17213 (Area: 8712) (possible waypoints or random movement)
 -- (41200, 1744, 0, 0, 1, 1, '', 0, 0, 243.2795, -3.449653, 1.822162, 3.36821, 7200, 0, 0, 0, 0, 1, 0, 0, 0, 0, 0, 0), -- 41200 (Area: 8712) (Auras: 241913 - 241913) (possible waypoints or random movement)
 -- (41200, 1744, 0, 0, 1, 1, '', 0, 0, 243.5243, 4.611111, 1.83678, 3.277735, 7200, 0, 0, 0, 0, 1, 0, 0, 0, 0, 0, 0), -- 41200 (Area: 8712) (Auras: 241912 - 241912) (possible waypoints or random movement)
 -- (41200, 1744, 0, 0, 1, 1, '', 0, 0, 210.1372, -1.637153, -2.805523, 0, 7200, 0, 0, 0, 0, 1, 0, 0, 0, 0, 0, 0), -- 41200 (Area: 8712) (possible waypoints or random movement)
 -- (41200, 1744, 0, 0, 1, 1, '', 0, 0, 240.3, 0.38, 1.790883, 3.12571, 300, 0, 0, 0, 0, 0, 0, 0, 0, 0, 0, 0), -- 41200 (Area: 8712)
(121139, 1744, 0, 0, 1, 1, '', 0, 0, 231.1042, 19.86632, -2.979204, 4.668746, 7200, 0, 0, 0, 0, 1, 0, 0, 0, 0, 0, 0), -- 121139 (Area: 8712) (possible waypoints or random movement)
(121245, 1744, 0, 0, 1, 1, '', 0, 0, 240.5556, 4.84375, 3.129422, 1.237104, 7200, 0, 0, 0, 0, 0, 0, 0, 0, 0, 0, 0), -- 121245 (Area: 8712)
(121307, 1744, 0, 0, 1, 1, '', 0, 0, 231.5833, -21.3559, -2.96875, 1.457271, 7200, 0, 0, 0, 0, 1, 0, 0, 0, 0, 0, 0), -- 121307 (Area: 8712) (possible waypoints or random movement)
(121325, 1744, 0, 0, 1, 1, '', 0, 0, 240.7847, 0.7899306, 1.801195, 2.991494, 7200, 0, 0, 0, 0, 0, 0, 0, 0, 0, 0, 0), -- 121325 (Area: 8712)
(121326, 1744, 0, 0, 1, 1, '', 0, 0, 240.7031, -0.2361111, 1.795447, 3.159441, 7200, 0, 0, 0, 0, 1, 0, 0, 0, 0, 0, 0), -- 121326 (Area: 8712) (possible waypoints or random movement)
(133196, 1744, 0, 0, 1, 1, '', 0, 0, 238.7986, -11.75521, -2.954082, 2.669214, 7200, 0, 0, 0, 0, 0, 0, 0, 0, 0, 0, 0), -- 133196 (Area: 8712 - Difficulty: 30)
(133164, 1744, 0, 0, 1, 1, '', 0, 0, 238.2622, 12.48438, -2.9126, 3.739603, 7200, 0, 0, 0, 0, 0, 0, 0, 0, 0, 0, 0); -- 133164 (Area: 8712 - Difficulty: 30)

DELETE FROM gameobject WHERE map = 1744;
INSERT INTO `gameobject` (`id`, `map`, `zoneId`, `areaId`, `spawnMask`, `PhaseId`, `position_x`, `position_y`, `position_z`, `orientation`, `rotation0`, `rotation1`, `rotation2`, `rotation3`, `spawntimesecs`, `animprogress`, `state`, `AiID`) VALUES
(187764, 1744, 0, 0, 1, '', -15.90628, -421.9962, -47.17477, 3.045582, 0, 0, 0.9999905, 0.004363511, 300, 255, 1, 0), -- 187764 (Area: 8712)
(187765, 1744, 0, 0, 1, '', -108.729, -598.2765, -6.372826, 1.387536, 0, 0, 0.9999905, 0.004363511, 300, 255, 1, 0), -- 187765 (Area: 8712)
(187766, 1744, 0, 0, 1, '', 72.42233, -587.3229, 1.595009, 2.696529, 0, 0, 0.9999905, 0.004363511, 300, 255, 1, 0), -- 187766 (Area: 8712)
(187770, 1744, 0, 0, 1, '', 127.1008, 61.36127, -15.17931, 4.71239, 0, 0, 1, -0.00000004371139, 300, 255, 1, 0), -- 187770 (Area: 8712)
(187896, 1744, 0, 0, 1, '', 231.2323, -236.8297, 0.5798391, 4.71239, 0, 0, 1, -0.00000004371139, 300, 255, 1, 0), -- 187896 (Area: 8712)
(187979, 1744, 0, 0, 1, '', 254.4499, -29.36227, 5.577689, 4.71239, 0, 0, 1, -0.00000004371139, 300, 255, 1, 0), -- 187979 (Area: 8712)
(187990, 1744, 0, 0, 1, '', 3.436218, -448.1922, -5.711884, 4.005531, 0, 0, 0.9999905, 0.004363511, 300, 255, 0, 0), -- 187990 (Area: 8712)
(188064, 1744, 0, 0, 1, '', 149.9267, 125.694, -7.263049, 1.570796, 0, 0, 1, -0.00000004371139, 300, 255, 0, 0), -- 188064 (Area: 8712)
(188065, 1744, 0, 0, 1, '', 215.1306, 0.3961767, 9.411582, 0, 0, 0, 1, -0.00000004371139, 300, 255, 1, 0), -- 188065 (Area: 8712)
(188075, 1744, 0, 0, 1, '', 45.91571, -797.5923, -52.48645, 5.663594, 0, 0, 0.9999905, 0.004363511, 300, 255, 1, 0), -- 188075 (Area: 8712)
(188118, 1744, 0, 0, 1, '', -71.20242, -523.0176, 0.1445808, 3.132858, 0, 0, 0.9999905, 0.004363511, 300, 255, 1, 0), -- 188118 (Area: 8712)
(188119, 1744, 0, 0, 1, '', -384.9512, -659.8066, -51.23578, 3.132858, 0, 0, 0.9999905, 0.004363511, 300, 255, 0, 0), -- 188119 (Area: 8712)
(188165, 1744, 0, 0, 1, '', 138.3532, 190.1392, -16.83055, 4.276057, 0, 0, 1, -0.00000004371139, 300, 255, 1, 0), -- 188165 (Area: 8712)
(188166, 1744, 0, 0, 1, '', 158.7507, 190.5099, -16.87941, 4.97419, 0, 0, 1, -0.00000004371139, 300, 255, 1, 0), -- 188166 (Area: 8712)
(188421, 1744, 0, 0, 1, '', -324.043, -595.1837, -59.25529, 3.132858, 0, 0, 0.9999905, 0.004363511, 300, 255, 0, 0), -- 188421 (Area: 8712)
(188523, 1744, 0, 0, 1, '', -325.2178, -595.8588, -51.23578, 3.132858, 0, 0, 0.9999905, 0.004363511, 300, 255, 0, 0), -- 188523 (Area: 8712)
(188524, 1744, 0, 0, 1, '', -326.9337, -595.6099, -51.23578, 3.132858, 0, 0, 0.9999905, 0.004363511, 300, 255, 0, 0), -- 188524 (Area: 8712)
(269229, 1744, 0, 0, 1, '', 224.8872, -20.45313, -3.057388, 0.6453272, 0, 0, 0, 1, 300, 255, 1, 0), -- 269229 (Area: 8712)
(269229, 1744, 0, 0, 1, '', 224.2587, 21.11806, -3.065781, 5.478749, 0, 0, 0, 1, 300, 255, 1, 0), -- 269229 (Area: 8712)
(269229, 1744, 0, 0, 1, '', 223.5382, -18.88889, -3.057879, 0.6649523, 0, 0, 0, 1, 300, 255, 1, 0), -- 269229 (Area: 8712)
(269229, 1744, 0, 0, 1, '', 222.9184, 19.50694, -3.023433, 5.478749, 0, 0, 0, 1, 300, 255, 1, 0), -- 269229 (Area: 8712)
(269229, 1744, 0, 0, 1, '', 226.1632, -22.125, -3.056557, 0.649695, 0, 0, 0, 1, 300, 255, 1, 0), -- 269229 (Area: 8712)
(269229, 1744, 0, 0, 1, '', 225.4896, 22.78472, -3.09411, 5.478749, 0, 0, 0, 1, 300, 255, 1, 0); -- 269229 (Area: 8712)

DELETE FROM `scenario_data` WHERE `ScenarioID`=1329;
INSERT INTO `scenario_data` (`ScenarioID`, `mapId`, `DifficultyID`) VALUES
(1329, 1744, 0); -- 1329

DELETE FROM creature_template_addon WHERE entry in (121245,121326,121325,121139,121307);
INSERT INTO `creature_template_addon` (`entry`, `mount`, `bytes1`, `bytes2`, `auras`) VALUES
(121245, 0, 0x3000000, 0x1, ''), -- 121245
(121326, 0, 0x0, 0x1, ''), -- 121326
(121325, 0, 0x0, 0x1, ''), -- 121325
(121139, 0, 0x0, 0x101, ''), -- 121139
(121307, 0, 0x0, 0x101, ''); -- 121307

DELETE FROM gossip_menu WHERE Entry in (21043);
INSERT INTO `gossip_menu` (`Entry`, `TextID`, `FriendshipFactionID`) VALUES
(21043, 31799, 0);

DELETE FROM gossip_menu_option WHERE MenuID in (21043);
INSERT INTO `gossip_menu_option` (`MenuID`, `OptionIndex`, `OptionNPC`, `OptionText`, `OptionType`, `OptionNpcflag`, `OptionNpcflag2`, `ActionMenuID`, `ActionPoiID`, `BoxCoded`, `BoxMoney`, `BoxCurrency`, `BoxText`, `OptionBroadcastTextID`, `BoxBroadcastTextID`, `VerifiedBuild`) VALUES
('21043', '0', '34', 'Хочу воспользоваться услугой трансмогрификации.', '20', '268435456', '0', '0', '0', '0', '0', '0', '', '130510', '0', '23910'),
('21043', '1', '1', 'Мне бы хотелось купить что-нибудь у тебя.', '3', '128', '0', '0', '0', '0', '0', '0', '', '2583', '0', '23910'),
('21043', '2', '0', 'Я хочу участвовать в шоу \"Наденьте это немедленно!\"', '21', '1', '0', '0', '0', '0', '1515', '0', '', '130512', '0', '23910');

UPDATE creature_template SET gossip_menu_id = 21043, npcflag = 268435585 WHERE entry in (54442,86395,54473,64573,85291,99867,85289,85961,67014);
UPDATE `creature_template` SET `exp`=0, `MinLevel`=110, `MaxLevel`=110, `faction`=35, `speed_run`='1.142857', `speed_walk`='1', `BaseAttackTime`=2000, `RangeAttackTime`=2000, `unit_class`=1, `unit_flags`=32768, `unit_flags2`=2048, `unit_flags3`=0, `HoverHeight`='1', `ScaleLevelDuration`=100, `ControllerID`=-1, `InhabitType`=`InhabitType`|3 WHERE `entry` IN (121325, 121326);
UPDATE `creature_template` SET `ScriptName`='npc_atheris_voguesong' WHERE (`entry`='121326');
UPDATE `creature_template` SET `ScriptName`='npc_nastasia_flairwatcher' WHERE (`entry`='121325');

DELETE FROM creature_template WHERE entry in (133164,133196);
INSERT INTO `creature_template` (`entry`, `gossip_menu_id`, `minlevel`, `maxlevel`, `SandboxScalingID`, `ScaleLevelMin`, `ScaleLevelMax`, `ScaleLevelDelta`, `ScaleLevelDuration`, `exp`, `faction`, `npcflag`, `npcflag2`, `speed_walk`, `speed_run`, `speed_fly`, `scale`, `mindmg`, `maxdmg`, `dmgschool`, `attackpower`, `dmg_multiplier`, `baseattacktime`, `rangeattacktime`, `unit_class`, `unit_flags`, `unit_flags2`, `unit_flags3`, `dynamicflags`, `trainer_type`, `trainer_spell`, `trainer_class`, `trainer_race`, `minrangedmg`, `maxrangedmg`, `rangedattackpower`, `lootid`, `pickpocketloot`, `skinloot`, `resistance1`, `resistance2`, `resistance3`, `resistance4`, `resistance5`, `resistance6`, `spell1`, `spell2`, `spell3`, `spell4`, `spell5`, `spell6`, `spell7`, `spell8`, `PetSpellDataId`, `VehicleId`, `mingold`, `maxgold`, `AIName`, `MovementType`, `InhabitType`, `HoverHeight`, `Mana_mod_extra`, `Armor_mod`, `RegenHealth`, `mechanic_immune_mask`, `flags_extra`, `ControllerID`, `WorldEffects`, `PassiveSpells`, `StateWorldEffectID`, `SpellStateVisualID`, `SpellStateAnimID`, `SpellStateAnimKitID`, `IgnoreLos`, `AffixState`, `ScriptName`) VALUES
('133164', '0', '110', '110', '0', '0', '0', '0', '0', '0', '35', '128', '0', '1', '1.14286', '1.14286', '1', '0', '0', '0', '0', '1', '0', '0', '1', '0', '0', '0', '0', '0', '0', '0', '0', '0', '0', '0', '0', '0', '0', '0', '0', '0', '0', '0', '0', '0', '0', '0', '0', '0', '0', '0', '0', '0', '0', '0', '0', '', '0', '3', '1', '1', '1', '1', '0', '0', '0', '', '', '0', '0', '0', '0', '0', '0', ''),
('133196', '0', '110', '110', '0', '0', '0', '0', '0', '0', '35', '128', '0', '1', '1.14286', '1.14286', '1', '0', '0', '0', '0', '1', '0', '0', '1', '0', '0', '0', '0', '0', '0', '0', '0', '0', '0', '0', '0', '0', '0', '0', '0', '0', '0', '0', '0', '0', '0', '0', '0', '0', '0', '0', '0', '0', '0', '0', '0', '', '0', '3', '1', '1', '1', '1', '0', '0', '0', '', '', '0', '0', '0', '0', '0', '0', '');

DELETE FROM creature_text WHERE Entry in (121325,121326);
INSERT INTO `creature_text` (`Entry`, `GroupID`, `ID`, `Text`, `Type`, `Language`, `Probability`, `Emote`, `Duration`, `Sound`, `BroadcastTextID`, `comment`) VALUES
(121325, 1, 0, 'Тема сегодняшнего конкурса... "Летний стиль"!', 12, 0, 100, 0, 0, 0, 130417, 'Настасия Видящая Суть to Player'),
(121325, 2, 0, 'Тема сегодняшнего конкурса... "Зимняя одежда"!', 12, 0, 100, 0, 0, 0, 130452, 'Настасия Видящая Суть to Player'),
(121325, 3, 0, 'Тема сегодняшнего конкурса... "Готовность к бою"!', 12, 0, 100, 0, 0, 0, 130453, 'Настасия Видящая Суть to Player'),
(121325, 4, 0, 'Тема сегодняшнего конкурса... "Игривое настроение"!', 12, 0, 100, 0, 0, 0, 130454, 'Настасия Видящая Суть to Player'),
(121325, 5, 0, 'Тема сегодняшнего конкурса... "Мясорубка"!', 12, 0, 100, 0, 0, 0, 130455, 'Настасия Видящая Суть to Player'),
(121325, 6, 0, 'Тема сегодняшнего конкурса... "Красота - страшная сила"!', 12, 0, 100, 0, 0, 0, '', 'Настасия Видящая Суть to Player'),
(121325, 7, 0, 'Тема сегодняшнего конкурса... "Смертельный исход"!', 12, 0, 100, 0, 0, 0, 130457, 'Настасия Видящая Суть to Player'),
(121325, 8, 0, 'Тема сегодняшнего конкурса... "Гордость фракции"!', 12, 0, 100, 0, 0, 0, 130458, 'Настасия Видящая Суть to Player'),
(121325, 9, 0, 'Тема сегодняшнего конкурса... "Дзен"!', 12, 0, 100, 0, 0, 0, '', 'Настасия Видящая Суть to Player'),
(121325, 10, 0, 'Тема сегодняшнего конкурса... "Магический стиль"!', 12, 0, 100, 0, 0, 0, '', 'Настасия Видящая Суть to Player'),
(121325, 11, 0, 'Тема сегодняшнего конкурса... "Рассмеши меня"!', 12, 0, 100, 0, 0, 0, 130461, 'Настасия Видящая Суть to Player'),
(121325, 12, 0, 'Тема сегодняшнего конкурса... "Гербовые накидки"!', 12, 0, 100, 0, 0, 0, 130462, 'Настасия Видящая Суть to Player'),
(121325, 13, 0, 'Тема сегодняшнего конкурса... "Бытовые герои"!', 12, 0, 100, 0, 0, 0, 130463, 'Настасия Видящая Суть to Player'),
(121325, 14, 0, 'Тема сегодняшнего конкурса... "Эпический фиолетовый"!', 12, 0, 100, 0, 0, 0, 130464, 'Настасия Видящая Суть to Player'),
(121325, 15, 0, 'Тема сегодняшнего конкурса... "Защитники Света"!', 12, 0, 100, 0, 0, 0, 130465, 'Настасия Видящая Суть to Player'),
(121325, 16, 0, 'Тема сегодняшнего конкурса... "Свободный стиль"!', 12, 0, 100, 0, 0, 0, 130466, 'Настасия Видящая Суть to Player'),
(121325, 17, 0, 'Слева от вас – $n, воплощение великолепия!', 12, 0, 100, 0, 0, 0, 130431, 'Настасия Видящая Суть to Player'),
(121325, 18, 0, 'На третьем месте у нас... $n! Поздравляю, $n!', 12, 0, 100, 0, 0, 0, 130435, 'Настасия Видящая Суть to Player'),
(121325, 19, 0, 'И наконец наш великий чемпион трансмогрификации. Давайте поприветствуем $n!', 12, 0, 100, 0, 0, 0, 130437, 'Настасия Видящая Суть to Player'),
(121325, 20, 0, 'Всем остальным хочу сказать: не сдавайтесь. Однажды и вы станете победителем.', 12, 0, 100, 0, 0, 0, 130438, 'Настасия Видящая Суть to Player'),
(121325, 21, 0, 'На сегодня это все. Еще увидимся!', 12, 0, 100, 0, 0, 0, 130439, 'Настасия Видящая Суть to Player'),
(121326, 1, 0, 'О, что может быть лучше пары стильных шорт?', 12, 0, 100, 0, 0, 0, 130418, 'Азирис Песнь Красоты to Player'),
(121326, 2, 0, 'А теперь укутайтесь потеплее! Давайте посмотрим, в каких нарядах вы щеголяете на ледяных берегах Нордскола!', 12, 0, 100, 0, 0, 0, 130467, 'Азирис Песнь Красоты to Player'),
(121326, 3, 0, 'Снимите макияж и нанесите боевой раскрас!', 12, 0, 100, 0, 0, 0, 130468, 'Азирис Песнь Красоты to Player'),
(121326, 4, 0, 'Не нужно бояться открытых нарядов! Или того, что кто-то зальет их слюнками...', 12, 0, 100, 0, 0, 0, 130469, 'Азирис Песнь Красоты to Player'),
(121326, 5, 0, 'Напугайте нас до последнего писка моды своими жутчайшими нарядами. О... у меня уже мурашки по коже!', 12, 0, 100, 0, 0, 0, 130471, 'Азирис Песнь Красоты to Player'),
(121326, 6, 0, 'Давайте немного повеселимся – покажите нам самый яркий и кричащий наряд, какой только можете себе вообразить!', 12, 0, 100, 0, 0, 0, 130470, 'Азирис Песнь Красоты to Player'),
(121326, 7, 0, 'Пусть ваш наряд будет не только стильным, но и зловещим!', 12, 0, 100, 0, 0, 0, 130472, 'Азирис Песнь Красоты to Player'),
(121326, 8, 0, 'За Орду! За Альянс! Разверните флаги своей фракции!', 12, 0, 100, 0, 0, 0, 130473, 'Азирис Песнь Красоты to Player'),
(121326, 9, 0, 'Наряды пандаренов просто ИСХОДЯТ гармонией. Продемонстрируйте нам свой душевный покой!', 12, 0, 100, 0, 0, 0, 130474, 'Азирис Песнь Красоты to Player'),
(121326, 10, 0, 'Огни! Нужно больше огней! Покажите, как сверкают ваши самые чародейские наряды! И не забудьте наложить чары!', 12, 0, 100, 0, 0, 0, 130475, 'Азирис Песнь Красоты to Player'),
(121326, 11, 0, 'Пора повеселиться и позволить себе немного сумасбродства!', 12, 0, 100, 0, 0, 0, 130476, 'Азирис Песнь Красоты to Player'),
(121326, 12, 0, 'Вы представляете Терамор? Или Кирин-Тор? У Нелли есть для вас лишние гербовые накидки!', 12, 0, 100, 0, 0, 0, 130477, 'Азирис Песнь Красоты to Player'),
(121326, 13, 0, 'Кем вы будете? Фермером? Шеф-поваром? Ученым? Пиратом? Ох... Не терпится увидеть, что для нас приготовили!', 12, 0, 100, 0, 0, 0, 130478, 'Азирис Песнь Красоты to Player'),
(121326, 14, 0, 'Как вам известно, самая эпическая броня ВСЕГДА фиолетовая. Облачитесь в этот самый восхитительный из цветов радуги!', 12, 0, 100, 0, 0, 0, 130479, 'Азирис Песнь Красоты to Player'),
(121326, 15, 0, 'Белоснежные одеяния и сияющие доспехи сейчас актуальны, как никогда!', 12, 0, 100, 0, 0, 0, 130480, 'Азирис Песнь Красоты to Player'),
(121326, 16, 0, 'Да-да. У сегодняшнего конкурса нет конкретной темы. Дайте волю своему воображению!', 12, 0, 100, 0, 0, 0, 130481, 'Азирис Песнь Красоты to Player'),
(121326, 17, 0, 'Осталось 30 секунд!', 41, 0, 100, 0, 0, 0, 132232, 'Азирис Песнь Красоты to 1329'),
(121326, 18, 0, 'Осталось 10 секунд!', 41, 0, 100, 0, 0, 0, 132233, 'Азирис Песнь Красоты to 1329'),
(121326, 19, 0, 'А справа – $n! Какое обаяние!', 12, 0, 100, 0, 0, 0, 130434, 'Азирис Песнь Красоты to Player'),
(121326, 20, 0, 'На втором месте у нас... $n! Ты сегодня на высоте!', 12, 0, 100, 0, 0, 0, 130436, 'Азирис Песнь Красоты to Player');

DELETE FROM instance_template WHERE map = 1744;
INSERT INTO `instance_template` (`map`, `parent`, `script`, `allowMount`, `bonusChance`) VALUES
('1744', '0', 'instance_trial_of_style', '0', '0');

DELETE FROM spell_scene WHERE SceneScriptPackageID = 1874;
INSERT INTO `spell_scene` (`SceneScriptPackageID`, `MiscValue`, `PlaybackFlags`, `CustomDuration`, `ScriptName`, `comment`) VALUES
('1874', '1694', '20', '0', 'sceneTrigger_trial_of_style', 'Trial of Style');

DELETE FROM spell_script_names WHERE spell_id in (241844,241866);
INSERT INTO `spell_script_names` (`spell_id`, `ScriptName`) VALUES
('241844', 'spell_trial_of_style_on_stage'),
('241866', 'spell_trial_of_style_vote');

DELETE FROM game_event WHERE eventEntry in (302,303);
INSERT INTO `game_event` (`eventEntry`, `start_time`, `end_time`, `occurence`, `length`, `holiday`, `description`, `world_event`) VALUES
('302', '2018-08-17 00:01:00', '2025-08-21 23:59:00', '525600', '7320', '691', 'Trial of Style (August)', '0'),
('303', '2018-03-05 00:01:00', '2025-03-09 23:59:00', '525600', '7320', '691', 'Trial of Style (March)', '0');

DELETE FROM spell_loot_template WHERE entry in (242149,242146,242147,242148);
INSERT INTO `spell_loot_template` (`entry`, `item`, `ChanceOrQuestChance`, `lootmode`, `groupid`, `mincountOrRef`, `maxcount`) VALUES
('242149', '147576', '100', '1', '0', '1', '1'),
('242146', '147573', '100', '1', '0', '1', '1'),
('242147', '147574', '100', '1', '0', '1', '1'),
('242148', '147575', '100', '1', '0', '1', '1');

DELETE FROM spell_target_position WHERE id in (242091,241865,241848);
INSERT INTO `spell_target_position` (`id`, `target_map`, `target_position_x`, `target_position_y`, `target_position_z`, `target_orientation`) VALUES
('242091', '1744', '240.3', '0.38', '1.71', '3.12571'),
('241865', '1744', '241.05', '-3.31', '1.68', '2.99394'),
('241848', '1744', '241.36', '4.11', '1.71', '3.2964');

DELETE FROM conditions WHERE SourceTypeOrReferenceId = 15 and SourceGroup = 21043;
INSERT INTO `conditions` (`SourceTypeOrReferenceId`, `SourceGroup`, `SourceEntry`, `SourceId`, `ElseGroup`, `ConditionTypeOrReference`, `ConditionTarget`, `ConditionValue1`, `ConditionValue2`, `ConditionValue3`, `NegativeCondition`, `ErrorTextId`, `ScriptName`, `Comment`) VALUES
('15', '21043', '2', '0', '0', '12', '0', '302', '0', '0', '0', '0', '', 'true if active event'),
('15', '21043', '2', '0', '1', '12', '0', '303', '0', '0', '0', '0', '', 'true if active event');

DELETE FROM conditions WHERE SourceTypeOrReferenceId = 25 and SourceEntry in (156863,156864,156862);
INSERT INTO `conditions` (`SourceTypeOrReferenceId`, `SourceGroup`, `SourceEntry`, `SourceId`, `ElseGroup`, `ConditionTypeOrReference`, `ConditionTarget`, `ConditionValue1`, `ConditionValue2`, `ConditionValue3`, `NegativeCondition`, `ErrorTextId`, `ScriptName`, `Comment`) VALUES
('25', '0', '156864', '0', '0', '13', '0', '1', '1', '0', '1', '0', '', 'true if data dont complate'),
('25', '0', '156864', '0', '1', '13', '0', '1', '3', '0', '1', '0', '', 'true if data dont complate'),
('25', '0', '156863', '0', '0', '13', '0', '1', '1', '0', '1', '0', '', 'true if data dont complate'),
('25', '0', '156863', '0', '1', '13', '0', '1', '3', '0', '1', '0', '', 'true if data dont complate'),
('25', '0', '156862', '0', '0', '13', '0', '1', '1', '0', '1', '0', '', 'true if data dont complate'),
('25', '0', '156862', '0', '1', '13', '0', '1', '3', '0', '1', '0', '', 'true if data dont complate');

DELETE FROM npc_vendor WHERE entry in (54442,86395,54473,64573,85291,99867,85289,85961,67014,133196);
INSERT INTO `npc_vendor` (`entry`, `slot`, `item`, `maxcount`, `incrtime`, `ExtendedCost`, `money`, `type`, `PlayerConditionID`, `IgnoreFiltering`, `RandomPropertiesSeed`, `RandomPropertiesID`, `BonusListID`, `ItemModifiers`, `Context`, `VerifiedBuild`) VALUES
('54442', '10', '151116', '0', '0', '6211', '0', '1', '50225', '0', '0', '0', '', '', '16', '27144'),
('54442', '6', '151117', '0', '0', '6188', '0', '1', '4619', '0', '0', '0', '', '', '16', '27144'),
('54442', '7', '151118', '0', '0', '6188', '0', '1', '17097', '0', '0', '0', '', '', '16', '27144'),
('54442', '8', '151119', '0', '0', '6188', '0', '1', '4617', '0', '0', '0', '', '', '16', '27144'),
('54442', '9', '151120', '0', '0', '6188', '0', '1', '9206', '0', '0', '0', '', '', '16', '27144'),
('54442', '2', '157573', '0', '0', '6188', '0', '1', '4619', '0', '0', '0', '', '', '16', '27144'),
('54442', '3', '157574', '0', '0', '6188', '0', '1', '17097', '0', '0', '0', '', '', '16', '27144'),
('54442', '4', '157576', '0', '0', '6188', '0', '1', '4617', '0', '0', '0', '', '', '16', '27144'),
('54442', '5', '157577', '0', '0', '6188', '0', '1', '9206', '0', '0', '0', '', '', '16', '27144'),
('54442', '1', '164378', '0', '0', '6444', '0', '1', '0', '0', '0', '0', '', '', '16', '27144'),
('86395', '10', '151116', '0', '0', '6211', '0', '1', '50225', '0', '0', '0', '', '', '16', '27144'),
('86395', '6', '151117', '0', '0', '6188', '0', '1', '4619', '0', '0', '0', '', '', '16', '27144'),
('86395', '7', '151118', '0', '0', '6188', '0', '1', '17097', '0', '0', '0', '', '', '16', '27144'),
('86395', '8', '151119', '0', '0', '6188', '0', '1', '4617', '0', '0', '0', '', '', '16', '27144'),
('86395', '9', '151120', '0', '0', '6188', '0', '1', '9206', '0', '0', '0', '', '', '16', '27144'),
('86395', '2', '157573', '0', '0', '6188', '0', '1', '4619', '0', '0', '0', '', '', '16', '27144'),
('86395', '3', '157574', '0', '0', '6188', '0', '1', '17097', '0', '0', '0', '', '', '16', '27144'),
('86395', '4', '157576', '0', '0', '6188', '0', '1', '4617', '0', '0', '0', '', '', '16', '27144'),
('86395', '5', '157577', '0', '0', '6188', '0', '1', '9206', '0', '0', '0', '', '', '16', '27144'),
('86395', '1', '164378', '0', '0', '6444', '0', '1', '0', '0', '0', '0', '', '', '16', '27144'),
('54473', '10', '151116', '0', '0', '6211', '0', '1', '50225', '0', '0', '0', '', '', '16', '27144'),
('54473', '6', '151117', '0', '0', '6188', '0', '1', '4619', '0', '0', '0', '', '', '16', '27144'),
('54473', '7', '151118', '0', '0', '6188', '0', '1', '17097', '0', '0', '0', '', '', '16', '27144'),
('54473', '8', '151119', '0', '0', '6188', '0', '1', '4617', '0', '0', '0', '', '', '16', '27144'),
('54473', '9', '151120', '0', '0', '6188', '0', '1', '9206', '0', '0', '0', '', '', '16', '27144'),
('54473', '2', '157573', '0', '0', '6188', '0', '1', '4619', '0', '0', '0', '', '', '16', '27144'),
('54473', '3', '157574', '0', '0', '6188', '0', '1', '17097', '0', '0', '0', '', '', '16', '27144'),
('54473', '4', '157576', '0', '0', '6188', '0', '1', '4617', '0', '0', '0', '', '', '16', '27144'),
('54473', '5', '157577', '0', '0', '6188', '0', '1', '9206', '0', '0', '0', '', '', '16', '27144'),
('54473', '1', '164378', '0', '0', '6444', '0', '1', '0', '0', '0', '0', '', '', '16', '27144'),
('64573', '10', '151116', '0', '0', '6211', '0', '1', '50225', '0', '0', '0', '', '', '16', '27144'),
('64573', '6', '151117', '0', '0', '6188', '0', '1', '4619', '0', '0', '0', '', '', '16', '27144'),
('64573', '7', '151118', '0', '0', '6188', '0', '1', '17097', '0', '0', '0', '', '', '16', '27144'),
('64573', '8', '151119', '0', '0', '6188', '0', '1', '4617', '0', '0', '0', '', '', '16', '27144'),
('64573', '9', '151120', '0', '0', '6188', '0', '1', '9206', '0', '0', '0', '', '', '16', '27144'),
('64573', '2', '157573', '0', '0', '6188', '0', '1', '4619', '0', '0', '0', '', '', '16', '27144'),
('64573', '3', '157574', '0', '0', '6188', '0', '1', '17097', '0', '0', '0', '', '', '16', '27144'),
('64573', '4', '157576', '0', '0', '6188', '0', '1', '4617', '0', '0', '0', '', '', '16', '27144'),
('64573', '5', '157577', '0', '0', '6188', '0', '1', '9206', '0', '0', '0', '', '', '16', '27144'),
('64573', '1', '164378', '0', '0', '6444', '0', '1', '0', '0', '0', '0', '', '', '16', '27144'),
('85291', '10', '151116', '0', '0', '6211', '0', '1', '50225', '0', '0', '0', '', '', '16', '27144'),
('85291', '6', '151117', '0', '0', '6188', '0', '1', '4619', '0', '0', '0', '', '', '16', '27144'),
('85291', '7', '151118', '0', '0', '6188', '0', '1', '17097', '0', '0', '0', '', '', '16', '27144'),
('85291', '8', '151119', '0', '0', '6188', '0', '1', '4617', '0', '0', '0', '', '', '16', '27144'),
('85291', '9', '151120', '0', '0', '6188', '0', '1', '9206', '0', '0', '0', '', '', '16', '27144'),
('85291', '2', '157573', '0', '0', '6188', '0', '1', '4619', '0', '0', '0', '', '', '16', '27144'),
('85291', '3', '157574', '0', '0', '6188', '0', '1', '17097', '0', '0', '0', '', '', '16', '27144'),
('85291', '4', '157576', '0', '0', '6188', '0', '1', '4617', '0', '0', '0', '', '', '16', '27144'),
('85291', '5', '157577', '0', '0', '6188', '0', '1', '9206', '0', '0', '0', '', '', '16', '27144'),
('85291', '1', '164378', '0', '0', '6444', '0', '1', '0', '0', '0', '0', '', '', '16', '27144'),
('99867', '10', '151116', '0', '0', '6211', '0', '1', '50225', '0', '0', '0', '', '', '16', '27144'),
('99867', '6', '151117', '0', '0', '6188', '0', '1', '4619', '0', '0', '0', '', '', '16', '27144'),
('99867', '7', '151118', '0', '0', '6188', '0', '1', '17097', '0', '0', '0', '', '', '16', '27144'),
('99867', '8', '151119', '0', '0', '6188', '0', '1', '4617', '0', '0', '0', '', '', '16', '27144'),
('99867', '9', '151120', '0', '0', '6188', '0', '1', '9206', '0', '0', '0', '', '', '16', '27144'),
('99867', '2', '157573', '0', '0', '6188', '0', '1', '4619', '0', '0', '0', '', '', '16', '27144'),
('99867', '3', '157574', '0', '0', '6188', '0', '1', '17097', '0', '0', '0', '', '', '16', '27144'),
('99867', '4', '157576', '0', '0', '6188', '0', '1', '4617', '0', '0', '0', '', '', '16', '27144'),
('99867', '5', '157577', '0', '0', '6188', '0', '1', '9206', '0', '0', '0', '', '', '16', '27144'),
('99867', '1', '164378', '0', '0', '6444', '0', '1', '0', '0', '0', '0', '', '', '16', '27144'),
('85289', '10', '151116', '0', '0', '6211', '0', '1', '50225', '0', '0', '0', '', '', '16', '27144'),
('85289', '6', '151117', '0', '0', '6188', '0', '1', '4619', '0', '0', '0', '', '', '16', '27144'),
('85289', '7', '151118', '0', '0', '6188', '0', '1', '17097', '0', '0', '0', '', '', '16', '27144'),
('85289', '8', '151119', '0', '0', '6188', '0', '1', '4617', '0', '0', '0', '', '', '16', '27144'),
('85289', '9', '151120', '0', '0', '6188', '0', '1', '9206', '0', '0', '0', '', '', '16', '27144'),
('85289', '2', '157573', '0', '0', '6188', '0', '1', '4619', '0', '0', '0', '', '', '16', '27144'),
('85289', '3', '157574', '0', '0', '6188', '0', '1', '17097', '0', '0', '0', '', '', '16', '27144'),
('85289', '4', '157576', '0', '0', '6188', '0', '1', '4617', '0', '0', '0', '', '', '16', '27144'),
('85289', '5', '157577', '0', '0', '6188', '0', '1', '9206', '0', '0', '0', '', '', '16', '27144'),
('85289', '1', '164378', '0', '0', '6444', '0', '1', '0', '0', '0', '0', '', '', '16', '27144'),
('85961', '10', '151116', '0', '0', '6211', '0', '1', '50225', '0', '0', '0', '', '', '16', '27144'),
('85961', '6', '151117', '0', '0', '6188', '0', '1', '4619', '0', '0', '0', '', '', '16', '27144'),
('85961', '7', '151118', '0', '0', '6188', '0', '1', '17097', '0', '0', '0', '', '', '16', '27144'),
('85961', '8', '151119', '0', '0', '6188', '0', '1', '4617', '0', '0', '0', '', '', '16', '27144'),
('85961', '9', '151120', '0', '0', '6188', '0', '1', '9206', '0', '0', '0', '', '', '16', '27144'),
('85961', '2', '157573', '0', '0', '6188', '0', '1', '4619', '0', '0', '0', '', '', '16', '27144'),
('85961', '3', '157574', '0', '0', '6188', '0', '1', '17097', '0', '0', '0', '', '', '16', '27144'),
('85961', '4', '157576', '0', '0', '6188', '0', '1', '4617', '0', '0', '0', '', '', '16', '27144'),
('85961', '5', '157577', '0', '0', '6188', '0', '1', '9206', '0', '0', '0', '', '', '16', '27144'),
('85961', '1', '164378', '0', '0', '6444', '0', '1', '0', '0', '0', '0', '', '', '16', '27144'),
('67014', '10', '151116', '0', '0', '6211', '0', '1', '50225', '0', '0', '0', '', '', '16', '27144'),
('67014', '6', '151117', '0', '0', '6188', '0', '1', '4619', '0', '0', '0', '', '', '16', '27144'),
('67014', '7', '151118', '0', '0', '6188', '0', '1', '17097', '0', '0', '0', '', '', '16', '27144'),
('67014', '8', '151119', '0', '0', '6188', '0', '1', '4617', '0', '0', '0', '', '', '16', '27144'),
('67014', '9', '151120', '0', '0', '6188', '0', '1', '9206', '0', '0', '0', '', '', '16', '27144'),
('67014', '2', '157573', '0', '0', '6188', '0', '1', '4619', '0', '0', '0', '', '', '16', '27144'),
('67014', '3', '157574', '0', '0', '6188', '0', '1', '17097', '0', '0', '0', '', '', '16', '27144'),
('67014', '4', '157576', '0', '0', '6188', '0', '1', '4617', '0', '0', '0', '', '', '16', '27144'),
('67014', '5', '157577', '0', '0', '6188', '0', '1', '9206', '0', '0', '0', '', '', '16', '27144'),
('67014', '1', '164378', '0', '0', '6444', '0', '1', '0', '0', '0', '0', '', '', '16', '27144'),
('133196', '10', '151116', '0', '0', '6211', '0', '1', '50225', '0', '0', '0', '', '', '16', '27144'),
('133196', '6', '151117', '0', '0', '6188', '0', '1', '4619', '0', '0', '0', '', '', '16', '27144'),
('133196', '7', '151118', '0', '0', '6188', '0', '1', '17097', '0', '0', '0', '', '', '16', '27144'),
('133196', '8', '151119', '0', '0', '6188', '0', '1', '4617', '0', '0', '0', '', '', '16', '27144'),
('133196', '9', '151120', '0', '0', '6188', '0', '1', '9206', '0', '0', '0', '', '', '16', '27144'),
('133196', '2', '157573', '0', '0', '6188', '0', '1', '4619', '0', '0', '0', '', '', '16', '27144'),
('133196', '3', '157574', '0', '0', '6188', '0', '1', '17097', '0', '0', '0', '', '', '16', '27144'),
('133196', '4', '157576', '0', '0', '6188', '0', '1', '4617', '0', '0', '0', '', '', '16', '27144'),
('133196', '5', '157577', '0', '0', '6188', '0', '1', '9206', '0', '0', '0', '', '', '16', '27144'),
('133196', '1', '164378', '0', '0', '6444', '0', '1', '0', '0', '0', '0', '', '', '16', '27144'),
('133196', '0', '156862', '0', '0', '6297', '0', '1', '0', '0', '0', '0', '', '', '0', '27144'),
('133196', '0', '156863', '0', '0', '6296', '0', '1', '0', '0', '0', '0', '', '', '0', '27144'),
('133196', '0', '156864', '0', '0', '6296', '0', '1', '0', '0', '0', '0', '', '', '0', '27144');

DELETE FROM npc_vendor WHERE entry in (133164);
INSERT INTO `npc_vendor` (`entry`, `slot`, `item`, `maxcount`, `ExtendedCost`, `type`, `PlayerConditionID`, `IgnoreFiltering`, `VerifiedBuild`) VALUES
(133164, 31, 5976, 0, 0, 1, 0, 0, 27144), -- 5976
(133164, 30, 35221, 0, 0, 1, 0, 0, 27144), -- 35221
(133164, 29, 31775, 0, 1994, 1, 0, 0, 27144), -- 31775
(133164, 28, 32445, 0, 0, 1, 0, 0, 27144), -- 32445
(133164, 27, 31781, 0, 0, 1, 0, 0, 27144), -- 31781
(133164, 26, 31780, 0, 0, 1, 0, 0, 27144), -- 31780
(133164, 25, 32828, 0, 1958, 1, 0, 0, 27144), -- 32828
(133164, 24, 31778, 0, 0, 1, 0, 0, 27144), -- 31778
(133164, 23, 31777, 0, 0, 1, 0, 0, 27144), -- 31777
(133164, 22, 31776, 0, 0, 1, 0, 0, 27144), -- 31776
(133164, 21, 31804, 0, 0, 1, 0, 0, 27144), -- 31804
(133164, 20, 31779, 0, 0, 1, 0, 0, 27144), -- 31779
(133164, 13, 24004, 0, 0, 1, 0, 0, 27144), -- 24004
(133164, 12, 31773, 0, 0, 1, 0, 0, 27144), -- 31773
(133164, 9, 15199, 0, 5962, 1, 0, 0, 27144), -- 15199
(133164, 8, 15197, 0, 5962, 1, 0, 0, 27144), -- 15197
(133164, 7, 19031, 0, 5992, 1, 0, 0, 27144), -- 19031
(133164, 6, 19505, 0, 5992, 1, 0, 0, 27144), -- 19505
(133164, 1, 16060, 0, 0, 1, 0, 0, 27144); -- 16060