DELETE FROM world_quest_template WHERE ZoneID = 1377;
INSERT INTO `world_quest_template` (`QuestInfoID`, `ZoneID`, `PrimaryID`, `MinItemLevel`, `BonusLevel`, `modTreeID`, `Chance`, `Min`, `Max`, `AllMax`, `CurrencyID`, `CurrencyID_A`, `CurrencyID_H`, `CurrencyMin`, `CurrencyMax`, `GoldMin`, `GoldMax`, `ItemCAList`, `ItemResourceList`, `ArmorList`, `HasArmor`, `Currency`, `CurrencyCount`, `IsPvP`, `Comment`) VALUES
('113', '1377', '0', '0', '0', '0', '100', '1', '1', '1', '0', '1325', '1324', '100', '100', '0', '0', '', '', '', '0', '0', '0', '0', 'Локальные Задания в Силитусе'),
('137', '1377', '0', '0', '0', '0', '100', '2', '2', '2', '0', '1325', '1324', '150', '150', '0', '0', '', '', '', '0', '0', '0', '0', 'Локальные Задания в Силитусе'),
('109', '1377', '0', '0', '0', '0', '100', '1', '1', '1', '0', '1325', '1324', '150', '150', '0', '0', '', '', '', '0', '0', '0', '0', 'Локальные Задания в Силитусе'),
('111', '1377', '0', '0', '0', '0', '100', '1', '1', '3', '0', '1325', '1324', '150', '150', '0', '0', '', '', '', '0', '0', '0', '0', 'Локальные Задания в Силитусе');

DELETE FROM world_quest_faction_analogs WHERE alliance_quest IN (45736,45737,45738,45739,45740,45741,45742);
INSERT INTO `world_quest_faction_analogs` (`alliance_quest`, `horde_quest`) VALUES
('45736', '45651'),
('45737', '45654'),
('45738', '45655'),
('45739', '45656'),
('45740', '45657'),
('45741', '45674'),
('45742', '45675');

DELETE FROM world_quest_update WHERE QuestID in (45739,45737,45736,45740,45738,45741,45742,45656,45654,45651,45657,45655,45674,45675);
INSERT INTO `world_quest_update` (`QuestID`, `Timer`, `VariableID`, `Value`, `EventID`, `VerifiedBuild`) VALUES
('45739', '86400', '12958', '1', '78', '26124'),
('45737', '86400', '12956', '1', '78', '26124'),
('45736', '86400', '12955', '1', '78', '26124'),
('45740', '86400', '12958', '1', '78', '26124'),
('45656', '86400', '12958', '1', '78', '26124'),
('45654', '86400', '12956', '1', '78', '26124'),
('45651', '86400', '12955', '1', '78', '26124'),
('45657', '86400', '12958', '1', '78', '26124');

INSERT INTO `world_quest_update` (`QuestID`, `Timer`, `VariableID`, `VariableID1`, `Value`, `Value1`, `AreaID`, `EventID`, `VerifiedBuild`) VALUES
('45655', '86400', '12957', '0', '1', '0', '', '78', '26124'),
('45738', '86400', '12957', '0', '1', '0', '', '78', '26124'),
('45674', '86400', '12976', '0', '1', '0', '', '78', '26124'),
('45741', '86400', '12976', '0', '1', '0', '', '78', '26124'),
('45675', '86400', '12977', '0', '1', '0', '', '78', '26124'),
('45742', '86400', '12977', '0', '1', '0', '', '78', '26124');

DELETE FROM worldstate_template WHERE VariableID IN (12972,12973,12974);
INSERT INTO `worldstate_template` (`VariableID`, `Type`, `ConditionID`, `Flags`, `DefaultValue`, `LinkedID`, `Comment`) VALUES
('12972', '3', '0', '65536', '0', '0', 'Enable WQ Silithus'),
('12973', '3', '0', '65536', '0', '0', 'Enable WQ Silithus'),
('12974', '3', '0', '65536', '0', '0', 'Enable WQ Silithus');

DELETE FROM game_event_worldstate WHERE eventEntry = 78;
INSERT INTO `game_event_worldstate` (`eventEntry`, `WorldStateID`, `Type`, `TypeID`, `Value`) VALUES
('78', '12951', '3', '0', '1'),
('78', '12972', '3', '0', '1'),
('78', '12973', '3', '0', '1'),
('78', '12974', '3', '0', '1');

DELETE FROM outdoorpvp_template WHERE TypeId = 5;
INSERT INTO `outdoorpvp_template` (`TypeId`, `ScriptName`, `comment`) VALUES
('5', 'outdoorpvp_silithus', 'Mirco-Holiday Call of the Scarab');

DELETE FROM spell_script_names WHERE spell_id = 29519;
INSERT INTO `spell_script_names` (`spell_id`, `ScriptName`) VALUES
('29519', 'spell_silithyst');

DELETE FROM game_event WHERE eventEntry IN (76,77,78,306);
INSERT INTO `game_event` (`eventEntry`, `start_time`, `end_time`, `occurence`, `length`, `holiday`, `description`, `world_event`) VALUES
('76', '0000-00-00 00:00:00', '2030-01-21 00:01:00', '2592000', '525600', '0', 'Call of the Scarab (Horde Flag)', '0'),
('77', '0000-00-00 00:00:00', '2030-01-21 00:01:00', '2592000', '525600', '0', 'Call of the Scarab (Alliance Flag)', '0'),
('78', '2019-01-21 00:01:00', '2030-01-24 00:01:00', '525600', '4320', '638', 'Call of the Scarab', '0'),
('306', '2019-01-24 00:00:00', '2030-01-24 00:01:00', '525600', '1', '0', 'Call of the Scarab - Event for choose Winner', '0');

DELETE FROM phase_definitions WHERE zoneId = 1377 AND entry IN (4,5,6);
INSERT INTO `phase_definitions` (`zoneId`, `entry`, `phasemask`, `phaseId`, `PreloadMapID`, `VisibleMapID`, `UiWorldMapAreaID`, `flags`, `comment`) VALUES
('1377', '4', '0', '6350', '0', '0', '0', '16', 'Ashi'),
('1377', '5', '0', '6352', '0', '0', '0', '16', 'Regal'),
('1377', '6', '0', '6354', '0', '0', '0', '16', 'Zora');

DELETE FROM world_visible_distance WHERE type = 1 AND id = 1377;
INSERT INTO `world_visible_distance` (`type`, `id`, `distance`, `comment`) VALUES
('1', '1377', '200', 'Silithus');

DELETE FROM creature WHERE id IN (117432,117433,117434,117435,117489,117490,117491);
INSERT INTO `creature` (`id`, `map`, `zoneId`, `areaId`, `spawnMask`, `phaseMask`, `PhaseId`, `modelid`, `equipment_id`, `position_x`, `position_y`, `position_z`, `orientation`, `spawntimesecs`, `spawndist`, `currentwaypoint`, `curhealth`, `curmana`, `MovementType`, `npcflag`, `npcflag2`, `unit_flags`, `dynamicflags`, `AiID`, `MovementID`, `MeleeID`, `isActive`, `skipClone`, `personal_size`) VALUES
('117432', '1', '1377', '2741', '1', '1', '', '0', '0', '-8087.21', '1607.05', '13.0353', '5.00829', '180', '0', '0', '0', '0', '0', '0', '0', '0', '0', '0', '0', '0', '0', '0', '0'),
('117433', '1', '1377', '2741', '1', '1', '', '0', '0', '-8089.25', '1605.68', '13.0266', '5.34364', '180', '0', '0', '0', '0', '0', '0', '0', '0', '0', '0', '0', '0', '0', '0', '0'),
('117434', '1', '1377', '2741', '1', '1', '', '0', '0', '-8050.96', '1603.12', '13.7113', '3.95637', '180', '0', '0', '0', '0', '0', '0', '0', '0', '0', '0', '0', '0', '0', '0', '0'),
('117435', '1', '1377', '2741', '1', '1', '', '0', '0', '-8049.63', '1600.95', '13.6188', '3.83996', '180', '0', '0', '0', '0', '0', '0', '0', '0', '0', '0', '0', '0', '0', '0', '0'),
('117489', '1', '1377', '2743', '1', '1', '', '0', '0', '-7313.99', '1661.84', '-36.4705', '5.60646', '1', '0', '0', '0', '0', '0', '0', '0', '0', '0', '0', '0', '0', '0', '0', '0'),
('117490', '1', '1377', '2744', '1', '1', '', '0', '0', '-7812.05', '681.941', '-35.3159', '3.59462', '1', '0', '0', '0', '0', '0', '0', '0', '0', '0', '0', '0', '0', '0', '0', '0'),
('117491', '1', '1377', '2742', '1', '1', '', '0', '0', '-6462.26', '1065.27', '-2.4524', '3.48464', '1', '0', '0', '0', '0', '0', '0', '0', '0', '0', '0', '0', '0', '0', '0', '0');

DELETE FROM gameobject WHERE id IN (268413,268414,267178,267179);
INSERT INTO `gameobject` (`id`, `map`, `zoneId`, `areaId`, `spawnMask`, `phaseMask`, `PhaseId`, `position_x`, `position_y`, `position_z`, `orientation`, `rotation0`, `rotation1`, `rotation2`, `rotation3`, `spawntimesecs`, `animprogress`, `AiID`, `state`, `isActive`, `personal_size`) VALUES
('268414', '1', '1377', '2737', '1', '1', '', '-8119.83', '1489.87', '28.6166', '6.25721', '0', '0', '0', '1', '180', '255', '0', '1', '0', '0'),
('268414', '1', '1377', '2737', '1', '1', '', '-8118.08', '1560.16', '29.5156', '6.25939', '0', '0', '0', '1', '180', '255', '0', '1', '0', '0'),
('268413', '1', '1377', '2737', '1', '1', '', '-8120.12', '1489.89', '31.3895', '6.25829', '0', '0', '0', '1', '180', '255', '0', '1', '0', '0'),
('268413', '1', '1377', '2737', '1', '1', '', '-8118.52', '1560.37', '31.445', '6.25829', '0', '0', '0', '1', '180', '255', '0', '1', '0', '0'),
('267179', '1', '1377', '2741', '1', '1', '', '-8080.68', '1641.85', '24.3372', '4.63678', '0', '0', '0', '1', '180', '255', '0', '1', '0', '0'),
('267179', '1', '1377', '2741', '1', '1', '', '-8056.87', '1641.62', '24.3368', '4.67866', '0', '0', '0', '1', '180', '255', '0', '1', '0', '0'),
('267178', '1', '1377', '2741', '1', '1', '', '-8080.58', '1641.85', '24.3372', '4.69783', '0', '0', '0', '1', '180', '255', '0', '1', '0', '0'),
('267178', '1', '1377', '2741', '1', '1', '', '-8056.93', '1641.47', '24.3369', '4.68415', '0', '0', '0', '1', '180', '255', '0', '1', '0', '0');

DELETE FROM gameobject WHERE id IN (301045,301046,301047,301048,301049,301050,301051,301052,301053,301054,301055,301056,301057,301058,301059);
INSERT INTO `gameobject` (`guid`, `id`, `map`, `zoneId`, `areaId`, `spawnMask`, `phaseMask`, `PhaseId`, `position_x`, `position_y`, `position_z`, `orientation`, `rotation0`, `rotation1`, `rotation2`, `rotation3`, `spawntimesecs`, `animprogress`, `AiID`, `state`, `isActive`) VALUES
('301045', '181598', '1', '0', '0', '1', '1', '', '-7958.16', '926.969', '1.57018', '0.244346', '0', '0', '0', '1', '60', '255', '0', '1', '0'),
('301046', '181598', '1', '0', '0', '1', '1', '', '-7949.14', '1941.53', '6.34631', '4.43314', '0', '0', '0', '1', '60', '255', '0', '1', '0'),
('301047', '181598', '1', '0', '0', '1', '1', '', '-7923.45', '1241.1', '-2.82965', '3.15906', '0', '0', '0', '1', '60', '255', '0', '1', '0'),
('301048', '181598', '1', '0', '0', '1', '1', '', '-7836.4', '1182.2', '-1.61276', '5.75959', '0', '0', '0', '1', '60', '255', '0', '1', '0'),
('301049', '181598', '1', '0', '0', '1', '1', '', '-7822.73', '1879.87', '5.44712', '3.12412', '0', '0', '0', '1', '60', '255', '0', '1', '0'),
('301050', '181598', '1', '0', '0', '1', '1', '', '-7750.52', '1103.53', '4.65512', '2.75761', '0', '0', '0', '1', '60', '255', '0', '1', '0'),
('301051', '181598', '1', '0', '0', '1', '1', '', '-7748.15', '1021.03', '0.958661', '5.70723', '0', '0', '0', '1', '60', '255', '0', '1', '0'),
('301052', '181598', '1', '0', '0', '1', '1', '', '-7650.27', '1321.9', '1.73712', '4.86947', '0', '0', '0', '1', '60', '255', '0', '1', '0'),
('301053', '181598', '1', '0', '0', '1', '1', '', '-7501.63', '1293.44', '1.92576', '1.91986', '0', '0', '0', '1', '60', '255', '0', '1', '0'),
('301054', '181598', '1', '0', '0', '1', '1', '', '-7118.89', '514.718', '5.04252', '0.383971', '0', '0', '0', '1', '60', '255', '0', '1', '0'),
('301055', '181598', '1', '0', '0', '1', '1', '', '-7084.57', '458.54', '2.37607', '3.56047', '0', '0', '0', '1', '60', '255', '0', '1', '0'),
('301056', '181598', '1', '0', '0', '1', '1', '', '-6982.91', '549.999', '11.5462', '1.0821', '0', '0', '0', '1', '60', '255', '0', '1', '0'),
('301057', '181598', '1', '0', '0', '1', '1', '', '-6933.7', '1045.84', '1.90702', '2.74016', '0', '0', '0', '1', '60', '255', '0', '1', '0'),
('301058', '181598', '1', '0', '0', '1', '1', '', '-6577.79', '1451.49', '1.91757', '0.191985', '0', '0', '0', '1', '60', '255', '0', '1', '0'),
('301059', '181598', '1', '0', '0', '1', '1', '', '-6448.94', '1345.23', '3.04718', '2.23402', '0', '0', '0', '1', '60', '255', '0', '1', '0');

DELETE FROM game_event_gameobject WHERE eventEntry IN (76,77,78);
DELETE FROM game_event_creature WHERE eventEntry IN (76,77,78);
REPLACE INTO `game_event_gameobject` (`eventEntry`, `guid`) SELECT 76, guid FROM gameobject WHERE id in (267178, 268413);
REPLACE INTO `game_event_gameobject` (`eventEntry`, `guid`) SELECT 77, guid FROM gameobject WHERE id IN (267179, 268414);
REPLACE INTO `game_event_creature` (`eventEntry`, `guid`) SELECT 78, guid FROM creature WHERE id IN (117432, 117433, 117434, 117435, 117491, 117490, 117489);

DELETE FROM creature_template WHERE entry IN (117663,117665,117662,117664,117666,117667,117670,117672,117491);
INSERT INTO `creature_template` (`entry`, `gossip_menu_id`, `minlevel`, `maxlevel`, `SandboxScalingID`, `ScaleLevelMin`, `ScaleLevelMax`, `ScaleLevelDelta`, `ScaleLevelDuration`, `exp`, `faction`, `npcflag`, `npcflag2`, `speed_walk`, `speed_run`, `speed_fly`, `scale`, `mindmg`, `maxdmg`, `dmgschool`, `attackpower`, `dmg_multiplier`, `baseattacktime`, `rangeattacktime`, `unit_class`, `unit_flags`, `unit_flags2`, `unit_flags3`, `dynamicflags`, `trainer_type`, `trainer_spell`, `trainer_class`, `trainer_race`, `minrangedmg`, `maxrangedmg`, `rangedattackpower`, `lootid`, `pickpocketloot`, `skinloot`, `resistance1`, `resistance2`, `resistance3`, `resistance4`, `resistance5`, `resistance6`, `spell1`, `spell2`, `spell3`, `spell4`, `spell5`, `spell6`, `spell7`, `spell8`, `PetSpellDataId`, `VehicleId`, `mingold`, `maxgold`, `AIName`, `MovementType`, `InhabitType`, `HoverHeight`, `Mana_mod_extra`, `Armor_mod`, `RegenHealth`, `mechanic_immune_mask`, `flags_extra`, `ControllerID`, `WorldEffects`, `PassiveSpells`, `StateWorldEffectID`, `SpellStateVisualID`, `SpellStateAnimID`, `SpellStateAnimKitID`, `IgnoreLos`, `AffixState`, `MaxVisible`, `ScriptName`) VALUES
('117663', '0', '42', '42', '0', '42', '110', '0', '0', '0', '14', '0', '0', '1', '1.14286', '1.14286', '1', '343.9', '480.7', '0', '509', '1', '1108', '1219', '1', '0', '2048', '0', '0', '0', '0', '0', '0', '147', '219', '32', '0', '0', '0', '0', '0', '0', '0', '0', '0', '0', '0', '0', '0', '0', '0', '0', '0', '0', '0', '0', '0', '', '0', '3', '1', '1', '1', '1', '0', '0', '-1', '', '', '0', '0', '0', '0', '0', '0', '0', ''),
('117665', '0', '42', '42', '0', '42', '110', '0', '0', '0', '14', '0', '0', '1', '1.14286', '1.14286', '1', '343.9', '480.7', '0', '509', '1', '1108', '1219', '1', '0', '2048', '0', '0', '0', '0', '0', '0', '147', '219', '32', '0', '0', '0', '0', '0', '0', '0', '0', '0', '0', '0', '0', '0', '0', '0', '0', '0', '0', '0', '0', '0', '', '0', '3', '1', '1', '1', '1', '0', '0', '-1', '', '', '0', '0', '0', '0', '0', '0', '0', ''),
('117662', '0', '42', '42', '0', '42', '110', '0', '0', '0', '14', '0', '0', '1', '1.14286', '1.14286', '1', '343.9', '480.7', '0', '509', '1', '1108', '1219', '1', '0', '2048', '0', '0', '0', '0', '0', '0', '147', '219', '32', '0', '0', '0', '0', '0', '0', '0', '0', '0', '0', '0', '0', '0', '0', '0', '0', '0', '0', '0', '0', '0', '', '0', '3', '1', '1', '1', '1', '0', '0', '-1', '', '', '0', '0', '0', '0', '0', '0', '0', ''),
('117664', '0', '42', '42', '0', '42', '110', '0', '0', '0', '14', '0', '0', '1', '1.14286', '1.14286', '1', '343.9', '480.7', '0', '509', '1', '1108', '1219', '1', '0', '2048', '0', '0', '0', '0', '0', '0', '147', '219', '32', '0', '0', '0', '0', '0', '0', '0', '0', '0', '0', '0', '0', '0', '0', '0', '0', '0', '0', '0', '0', '0', '', '0', '3', '1', '1', '1', '1', '0', '0', '-1', '', '', '0', '0', '0', '0', '0', '0', '0', ''),
('117666', '0', '43', '43', '0', '43', '110', '0', '0', '0', '14', '0', '0', '1', '1.14286', '1.14286', '1', '343.9', '480.7', '0', '509', '1', '1108', '1219', '1', '0', '2048', '0', '0', '0', '0', '0', '0', '147', '219', '32', '0', '0', '0', '0', '0', '0', '0', '0', '0', '0', '0', '0', '0', '0', '0', '0', '0', '0', '0', '0', '0', '', '0', '3', '1', '1', '1', '1', '0', '0', '-1', '', '', '0', '0', '0', '0', '0', '0', '0', ''),
('117667', '0', '43', '43', '0', '43', '110', '0', '0', '0', '14', '0', '0', '1', '1.14286', '1.14286', '1', '343.9', '480.7', '0', '509', '1', '1108', '1219', '1', '0', '2048', '0', '0', '0', '0', '0', '0', '147', '219', '32', '0', '0', '0', '0', '0', '0', '0', '0', '0', '0', '0', '0', '0', '0', '0', '0', '0', '0', '0', '0', '0', '', '0', '3', '1', '1', '1', '1', '0', '0', '-1', '', '', '0', '0', '0', '0', '0', '0', '0', ''),
('117670', '0', '43', '43', '0', '43', '110', '0', '0', '0', '14', '0', '0', '1', '1.14286', '1.14286', '1', '343.9', '480.7', '0', '509', '1', '1108', '1219', '1', '0', '2048', '0', '0', '0', '0', '0', '0', '147', '219', '32', '0', '0', '0', '0', '0', '0', '0', '0', '0', '0', '0', '0', '0', '0', '0', '0', '0', '0', '0', '0', '0', '', '0', '3', '1', '1', '1', '1', '0', '0', '-1', '', '', '0', '0', '0', '0', '0', '0', '0', ''),
('117672', '0', '43', '43', '0', '43', '110', '0', '0', '0', '14', '0', '0', '1', '1.14286', '1.14286', '1', '343.9', '480.7', '0', '509', '1', '1108', '1219', '1', '0', '2048', '0', '0', '0', '0', '0', '0', '147', '219', '32', '0', '0', '0', '0', '0', '0', '0', '0', '0', '0', '0', '0', '0', '0', '0', '0', '0', '0', '0', '0', '0', '', '0', '3', '1', '1', '1', '1', '0', '0', '-1', '', '', '0', '0', '0', '0', '0', '0', '0', ''),
('117491', '0', '113', '113', '0', '0', '0', '0', '100', '0', '370', '0', '0', '1', '2.85714', '1.14286', '1', '0', '0', '0', '0', '1', '2000', '2000', '1', '64', '4194304', '0', '0', '0', '0', '0', '0', '0', '0', '0', '117491', '0', '0', '0', '0', '0', '0', '0', '0', '0', '0', '0', '0', '0', '0', '0', '0', '0', '0', '0', '0', '', '0', '3', '1', '1', '1', '1', '0', '0', '-1', '', '', '0', '0', '0', '0', '0', '0', '0', '');

DELETE FROM creature_template WHERE entry IN (117432,117433,117434,117435,117489,117490);
INSERT INTO `creature_template` (`entry`, `trainer_type`, `gossip_menu_id`, `exp`, `minlevel`, `maxlevel`, `faction`, `npcflag`, `npcflag2`, `RangeAttackTime`, `unit_class`, `unit_flags`, `unit_flags2`, `unit_flags3`, `VehicleId`, `HoverHeight`, `InhabitType`, `SandboxScalingID`, `ScaleLevelMin`, `ScaleLevelMax`, `ScaleLevelDelta`, `ScaleLevelDuration`, `ControllerID`, `StateWorldEffectID`, `SpellStateVisualID`, `SpellStateAnimID`, `SpellStateAnimKitID`, `WorldEffects`, `PassiveSpells`, `flags_extra`, `speed_walk`, `speed_run`, `BaseAttackTime`) VALUES
(117432, 0, 20748, 0, 110, 110, 126, 3, 0, 2000, 1, 33024, 2048, 0, 0, 1, 3, 0, 0, 0, 0, 100, -1, 0, 0, 0, 0, '', '', 2, 1, 1.142857, 2000), -- 117432
(117433, 0, 20772, 0, 110, 110, 29, 131, 0, 2000, 1, 33024, 2048, 0, 0, 1, 3, 0, 0, 0, 0, 2000, -1, 0, 0, 0, 0, '', '', 2, 1, 1.385714, 2000), -- 117433
(117434, 0, 20769, 0, 110, 110, 875, 3, 0, 2000, 1, 33024, 2048, 0, 0, 1, 3, 0, 0, 0, 0, 100, -1, 0, 0, 0, 0, '', '', 2, 1, 1.142857, 2000), -- 117434
(117435, 0, 20772, 0, 110, 110, 55, 131, 0, 2000, 1, 33024, 2048, 0, 0, 1, 3, 0, 0, 0, 0, 2000, -1, 0, 0, 0, 0, '', '', 2, 1, 1.385714, 2000), -- 117435
(117489, 0, 0, 0, 113, 113, 370, 0, 0, 2000, 1, 64, 4194304, 0, 0, 1, 3, 0, 0, 0, 0, 100, -1, 0, 0, 0, 0, '', '', 0, 1, 2.857143, 2000), -- 117489
(117490, 0, 0, 0, 113, 113, 370, 0, 0, 2000, 1, 64, 4194304, 0, 0, 1, 3, 0, 0, 0, 0, 100, -1, 0, 0, 0, 0, '', '', 0, 1, 2.857143, 2000); -- 117490

UPDATE gameobject_template SET MaxVisible = 1 WHERE entry IN (267178, 268413, 267179, 268414);
UPDATE `gameobject_template` SET `Data10`='29519', `Data23`='1' WHERE (`entry`='181597');
UPDATE `gameobject_template` SET `Data10`='29519', `Data23`='1' WHERE (`entry`='181598');
UPDATE `gameobject_template` SET `Data3`='29534', `Data16`='1' WHERE (`entry`='181603');
UPDATE `gameobject_template` SET `Data3`='29534', `Data16`='1' WHERE (`entry`='181617');
UPDATE gameobject SET spawntimesecs = 60 WHERE id IN (181598);
UPDATE creature_template SET flags_extra = 64 WHERE entry IN (11882,11880,11881,11883,15201,15213,14479,15542,15541,15200,15308);
UPDATE creature_template SET `ScaleLevelMin` = 40, ScaleLevelMax = 110, ScaleLevelDuration = 100 WHERE entry IN (15307,15209,15211,15212);
UPDATE `creature_template` SET `minlevel`='42', `maxlevel`='42' WHERE (`entry`='15209');
UPDATE creature_template SET lootid = 15307 WHERE entry = 15307;
UPDATE creature_template SET lootid = 15209 WHERE entry = 15209;
UPDATE creature_template SET lootid = 15211 WHERE entry = 15211;
UPDATE creature_template SET lootid = 15212 WHERE entry = 15212;
UPDATE creature_template SET lootid = 117663 WHERE entry = 117663;
UPDATE creature_template SET lootid = 117665 WHERE entry = 117665;
UPDATE creature_template SET lootid = 117662 WHERE entry = 117662;
UPDATE creature_template SET lootid = 117664 WHERE entry = 117664;
UPDATE creature_template SET lootid = 117666 WHERE entry = 117666;
UPDATE creature_template SET lootid = 117667 WHERE entry = 117667;
UPDATE creature_template SET lootid = 117670 WHERE entry = 117670;
UPDATE creature_template SET lootid = 117672 WHERE entry = 117672;
UPDATE creature_template SET lootid = 117489, ScriptName = 'npc_sillithis_colossus', mechanic_immune_mask = 617299711 WHERE entry = 117489;
UPDATE creature_template SET lootid = 117490, ScriptName = 'npc_sillithis_colossus', mechanic_immune_mask = 617299711 WHERE entry = 117490;
UPDATE creature_template SET ScriptName = 'npc_sillithis_colossus', mechanic_immune_mask = 617299711 WHERE entry = 117491;
UPDATE creature_template SET flags_extra = 512, MaxVisible = 1 WHERE entry IN (117489,117490,117491);
UPDATE `creature_model_info` SET `BoundingRadius`='12', `CombatReach`='22.68' WHERE DisplayID IN (15693, 15695, 15694);
UPDATE creature_template_wdb SET KillCredit1 = 15209 WHERE Entry in (15211,15212,15307);
DELETE FROM creature_template_spell WHERE entry IN (117490,117489,117491);

DELETE FROM creature_text WHERE Entry IN (15307,15209,15211,15212,117491,117490,117489);
INSERT INTO `creature_text` (`Entry`, `GroupID`, `ID`, `Text`, `Type`, `Language`, `Probability`, `Emote`, `Duration`, `Sound`, `BroadcastTextID`, `MinTimer`, `MaxTimer`, `SpellID`, `comment`) VALUES
('15307', '0', '0', 'Совет Бездны не терпит лжи! Узнай же нашу ярость, |3-6($r)!', '12', '0', '100', '0', '0', '0', '10686', '0', '0', '0', 'to player'),
('15307', '0', '1', 'Это мой долг и большая честь – умереть за Совет Бездны!', '12', '0', '100', '0', '0', '0', '10695', '0', '0', '0', 'to player'),
('15211', '0', '0', 'Совет Бездны не терпит лжи! Узнай же нашу ярость, |3-6($r)!', '12', '0', '100', '0', '0', '0', '10686', '0', '0', '0', 'to player'),
('15211', '0', '1', 'Это мой долг и большая честь – умереть за Совет Бездны!', '12', '0', '100', '0', '0', '0', '10695', '0', '0', '0', 'to player'),
('15209', '0', '0', 'Совет Бездны не терпит лжи! Узнай же нашу ярость, |3-6($r)!', '12', '0', '100', '0', '0', '0', '10686', '0', '0', '0', 'to player'),
('15209', '0', '1', 'Это мой долг и большая честь – умереть за Совет Бездны!', '12', '0', '100', '0', '0', '0', '10695', '0', '0', '0', 'to player'),
('15212', '0', '0', 'Совет Бездны не терпит лжи! Узнай же нашу ярость, |3-6($r)!', '12', '0', '100', '0', '0', '0', '10686', '0', '0', '0', 'to player'),
('15212', '0', '1', 'Это мой долг и большая честь – умереть за Совет Бездны!', '12', '0', '100', '0', '0', '0', '10695', '0', '0', '0', 'to player'),
('117491', '0', '0', '%s начинает мощную атаку.', '16', '0', '100', '0', '0', '0', '11423', '0', '0', '0', 'Colossus of Ashi'),
('117491', '5', '0', '%s вырывается на свободу из своего кокона под Ульем Аши.', '16', '0', '100', '0', '0', '0', '11426', '0', '0', '0', 'Colossus of Ashi'),
('117490', '0', '0', '%s начинает мощную атаку.', '16', '0', '100', '0', '0', '0', '11423', '0', '0', '0', 'Colossus of Regal'),
('117490', '5', '0', '%s слышит зов и поднимается, чтобы служить своему хозяину.', '16', '0', '100', '0', '0', '0', '11424', '0', '0', '0', 'Colossus of Regal'),
('117489', '0', '0', '%s начинает мощную атаку.', '16', '0', '100', '0', '0', '0', '11423', '0', '0', '0', 'Colossus of Zora'),
('117489', '5', '0', '%s слышит зов и поднимается, чтобы служить своему хозяину.', '16', '0', '100', '0', '0', '0', '11424', '0', '0', '0', 'Colossus of Zora');

DELETE FROM creature_loot_template WHERE item IN (20406,20408,20407,143857,143858,143855) AND entry in (11882,11880,11881,11883,15201,15213,14479,15542,15541,15200,15308);
DELETE FROM creature_loot_template WHERE entry IN (11882,11880,11881,11883,15201,15213,14479,15542,15541,15200,15308) AND item in (143857,143858,143855);
DELETE FROM creature_loot_template WHERE entry IN (15307,15309,15211,15212,15209,117663,117665,117662,117664,117666,117667,117670,117672);
INSERT INTO `creature_loot_template` (`entry`, `item`, `ChanceOrQuestChance`, `lootmode`, `groupid`, `mincountOrRef`, `maxcount`, `shared`) VALUES
('11880', '143857', '6.3277', '0', '0', '1', '1', '0'),
('11880', '143858', '6.6632', '0', '0', '1', '1', '0'),
('11880', '143855', '6.3738', '0', '0', '1', '1', '0'),
('11881', '143857', '4.5031', '0', '0', '1', '1', '0'),
('11881', '143858', '4.8577', '0', '0', '1', '1', '0'),
('11881', '143855', '4.5835', '0', '0', '1', '1', '0'),
('11882', '143857', '6.036', '0', '0', '1', '1', '0'),
('11882', '143858', '6.2923', '0', '0', '1', '1', '0'),
('11882', '143855', '6.2646', '0', '0', '1', '1', '0'),
('11883', '143857', '5.9071', '0', '0', '1', '1', '0'),
('11883', '143858', '6.0068', '0', '0', '1', '1', '0'),
('11883', '143855', '5.4678', '0', '0', '1', '1', '0'),
('14479', '143857', '3.3376', '0', '0', '1', '1', '0'),
('14479', '143858', '4.6885', '0', '0', '1', '1', '0'),
('14479', '143855', '3.4488', '0', '0', '1', '1', '0'),
('15201', '143857', '6.1237', '0', '0', '1', '1', '0'),
('15201', '143858', '6.4795', '0', '0', '1', '1', '0'),
('15201', '143855', '6.2604', '0', '0', '1', '1', '0'),
('15213', '143857', '5.911', '0', '0', '1', '1', '0'),
('15213', '143858', '6.3857', '0', '0', '1', '1', '0'),
('15213', '143855', '6.0734', '0', '0', '1', '1', '0'),
('15541', '143857', '2.7076', '0', '0', '1', '1', '0'),
('15541', '143858', '4.1516', '0', '0', '1', '1', '0'),
('15541', '143855', '3.2265', '0', '0', '1', '1', '0'),
('15542', '143858', '3.3489', '0', '0', '1', '1', '0'),
('15542', '143855', '3.0381', '0', '0', '1', '1', '0'),
('15307', '143865', '100', '0', '0', '1', '1', '0'),
('15307', '22527', '100', '0', '0', '1', '1', '0'),
('15209', '143865', '100', '0', '0', '1', '1', '0'),
('15209', '22527', '100', '0', '0', '1', '1', '0'),
('15211', '143865', '100', '0', '0', '1', '1', '0'),
('15211', '22527', '100', '0', '0', '1', '1', '0'),
('15212', '143865', '100', '0', '0', '1', '1', '0'),
('15212', '22527', '100', '0', '0', '1', '1', '0'),
('117662', '7077', '57.1429', '0', '0', '1', '1', '0'),
('117662', '7078', '14.2857', '0', '0', '1', '1', '0'),
('117662', '22527', '14.2857', '0', '0', '1', '1', '0'),
('117662', '143857', '14.2857', '0', '0', '1', '1', '0'),
('117662', '143865', '-40', '0', '0', '1', '1', '0'),
('117662', '143872', '100', '0', '0', '1', '1', '0'),
('117662', '143880', '100', '0', '0', '1', '1', '0'),
('117663', '7070', '50', '0', '0', '1', '1', '0'),
('117663', '7079', '50', '0', '0', '1', '1', '0'),
('117663', '7080', '50', '0', '0', '1', '1', '0'),
('117663', '143858', '25', '0', '0', '1', '1', '0'),
('117663', '143873', '100', '0', '0', '1', '1', '0'),
('117663', '143881', '100', '0', '0', '1', '1', '0'),
('117664', '7067', '40', '0', '0', '1', '1', '0'),
('117664', '7075', '40', '0', '0', '1', '1', '0'),
('117664', '7076', '20', '0', '0', '1', '1', '0'),
('117664', '7080', '20', '0', '0', '1', '1', '0'),
('117664', '22527', '40', '0', '0', '1', '1', '0'),
('117664', '143865', '-40', '0', '0', '1', '1', '0'),
('117664', '143874', '100', '0', '0', '1', '1', '0'),
('117664', '143882', '100', '0', '0', '1', '1', '0'),
('117665', '7082', '25', '0', '0', '1', '1', '0'),
('117665', '22527', '25', '0', '0', '1', '1', '0'),
('117665', '143855', '25', '0', '0', '1', '1', '0'),
('117665', '143857', '25', '0', '0', '1', '1', '0'),
('117665', '143858', '25', '0', '0', '1', '1', '0'),
('117665', '143865', '-40', '0', '0', '1', '1', '0'),
('117665', '143875', '100', '0', '0', '1', '1', '0'),
('117665', '143883', '100', '0', '0', '1', '1', '0'),
('117666', '7068', '60', '0', '0', '3', '5', '0'),
('117666', '7077', '100', '0', '0', '2', '3', '0'),
('117666', '7078', '80', '0', '0', '1', '2', '0'),
('117666', '22527', '20', '0', '0', '1', '1', '0'),
('117666', '143857', '20', '0', '0', '1', '1', '0'),
('117666', '143865', '-20', '0', '0', '1', '1', '0'),
('117666', '143876', '100', '0', '0', '1', '1', '0'),
('117666', '143884', '100', '0', '0', '1', '1', '0'),
('117667', '3914', '12.5', '0', '0', '1', '1', '0'),
('117667', '7069', '100', '0', '0', '3', '5', '0'),
('117667', '7081', '100', '0', '0', '2', '4', '0'),
('117667', '7082', '100', '0', '0', '1', '2', '0'),
('117667', '22527', '62.5', '0', '0', '1', '1', '0'),
('117667', '143857', '25', '0', '0', '1', '1', '0'),
('117667', '143865', '-50', '0', '0', '1', '1', '0'),
('117667', '143877', '100', '0', '0', '1', '1', '0'),
('117667', '143885', '100', '0', '0', '1', '1', '0'),
('117670', '7067', '100', '0', '0', '3', '4', '0'),
('117670', '7075', '100', '0', '0', '3', '3', '0'),
('117670', '7076', '100', '0', '0', '2', '2', '0'),
('117670', '143857', '25', '0', '0', '1', '1', '0'),
('117670', '143878', '100', '0', '0', '1', '1', '0'),
('117670', '143886', '100', '0', '0', '1', '1', '0'),
('117672', '7070', '100', '0', '0', '3', '5', '0'),
('117672', '7075', '8.3333', '0', '0', '1', '1', '0'),
('117672', '7079', '91.6667', '0', '0', '2', '4', '0'),
('117672', '7080', '91.6667', '0', '0', '1', '2', '0'),
('117672', '7082', '8.3333', '0', '0', '1', '1', '0'),
('117672', '22527', '41.6667', '0', '0', '1', '1', '0'),
('117672', '143857', '8.3333', '0', '0', '1', '1', '0'),
('117672', '143858', '8.3333', '0', '0', '1', '1', '0'),
('117672', '143865', '-41.6667', '0', '0', '1', '1', '0'),
('117672', '143879', '100', '0', '0', '1', '1', '0'),
('117672', '143887', '100', '0', '0', '1', '1', '0');

DELETE FROM conditions WHERE SourceTypeOrReferenceId = 30 AND SourceEntry IN (143857,143858,143855,143872,143880,143874,143882,143875,143883,143873,143881,143887,143879,143886,143878,143885,143877,143884,143876);
DELETE FROM conditions WHERE SourceTypeOrReferenceId = 15 AND SourceGroup IN (6540,6542,6543);
DELETE FROM conditions WHERE SourceTypeOrReferenceId = 17 AND SourceGroup IN (29534);
DELETE FROM conditions WHERE SourceTypeOrReferenceId = 23 AND SourceGroup = 1377 AND SourceEntry IN (4,5,6);
INSERT INTO `conditions` (`SourceTypeOrReferenceId`, `SourceGroup`, `SourceEntry`, `SourceId`, `ElseGroup`, `ConditionTypeOrReference`, `ConditionTarget`, `ConditionValue1`, `ConditionValue2`, `ConditionValue3`, `NegativeCondition`, `ErrorTextId`, `ScriptName`, `Comment`) VALUES
('30', '1', '143857', '0', '0', '12', '0', '78', '0', '0', '0', '0', '', 'true if event is active'),
('30', '1', '143858', '0', '0', '12', '0', '78', '0', '0', '0', '0', '', 'true if event is active'),
('30', '1', '143855', '0', '0', '12', '0', '78', '0', '0', '0', '0', '', 'true if event is active'),
('30', '1', '143872', '0', '0', '6', '0', '67', '0', '0', '0', '0', '', 'true if player is horde'),
('30', '1', '143880', '0', '0', '6', '0', '469', '0', '0', '0', '0', '', 'true if player is alliance'),
('30', '1', '143874', '0', '0', '6', '0', '67', '0', '0', '0', '0', '', 'true if player is horde'),
('30', '1', '143882', '0', '0', '6', '0', '469', '0', '0', '0', '0', '', 'true if player is alliance'),
('30', '1', '143875', '0', '0', '6', '0', '67', '0', '0', '0', '0', '', 'true if player is horde'),
('30', '1', '143883', '0', '0', '6', '0', '469', '0', '0', '0', '0', '', 'true if player is alliance'),
('30', '1', '143873', '0', '0', '6', '0', '67', '0', '0', '0', '0', '', 'true if player is horde'),
('30', '1', '143881', '0', '0', '6', '0', '469', '0', '0', '0', '0', '', 'true if player is alliance'),
('30', '1', '143876', '0', '0', '6', '0', '67', '0', '0', '0', '0', '', 'true if player is horde'),
('30', '1', '143884', '0', '0', '6', '0', '469', '0', '0', '0', '0', '', 'true if player is alliance'),
('30', '1', '143877', '0', '0', '6', '0', '67', '0', '0', '0', '0', '', 'true if player is horde'), 
('30', '1', '143885', '0', '0', '6', '0', '469', '0', '0', '0', '0', '', 'true if player is alliance'),
('30', '1', '143878', '0', '0', '6', '0', '67', '0', '0', '0', '0', '', 'true if player is horde'),
('30', '1', '143886', '0', '0', '6', '0', '469', '0', '0', '0', '0', '', 'true if player is alliance'),
('30', '1', '143879', '0', '0', '6', '0', '67', '0', '0', '0', '0', '', 'true if player is horde'),
('30', '1', '143887', '0', '0', '6', '0', '469', '0', '0', '0', '0', '', 'true if player is alliance'),
('15', '6540', '0', '0', '0', '1', '0', '234185', '0', '0', '0', '0', '', 'true if player has aura'),
('15', '6540', '0', '0', '0', '1', '0', '234182', '0', '0', '0', '0', '', 'true if player has aura'),
('15', '6540', '0', '0', '0', '1', '0', '234184', '0', '0', '0', '0', '', 'true if player has aura'),
('15', '6542', '0', '0', '0', '2', '0', '143867', '1', '0', '0', '0', '', 'tue if player has item'),
('15', '6542', '0', '0', '0', '1', '0', '234185', '0', '0', '0', '0', '', 'true if player has aura'),
('15', '6542', '0', '0', '0', '1', '0', '234182', '0', '0', '0', '0', '', 'true if player has aura'),
('15', '6542', '0', '0', '0', '1', '0', '234184', '0', '0', '0', '0', '', 'true if player has aura'),
('15', '6543', '0', '0', '0', '2', '0', '143866', '1', '0', '0', '0', '', 'tue if player has item'),
('15', '6543', '0', '0', '0', '1', '0', '234185', '0', '0', '0', '0', '', 'true if player has aura'),
('15', '6543', '0', '0', '0', '1', '0', '234182', '0', '0', '0', '0', '', 'true if player has aura'),
('15', '6543', '0', '0', '0', '1', '0', '234184', '0', '0', '0', '0', '', 'true if player has aura'),
('17', '0', '29534', '0', '0', '1', '0', '29519', '0', '0', '0', '0', '', 'true if player has aura'),
('23', '1377', '4', '0', '0', '60', '0', '45655', '0', '0', '0', '0', '', 'true if player has world quest'),
('23', '1377', '4', '0', '1', '60', '0', '45738', '0', '0', '0', '0', '', 'true if player has world quest'),
('23', '1377', '5', '0', '0', '60', '0', '45674', '0', '0', '0', '0', '', 'true if player has world quest'),
('23', '1377', '5', '0', '1', '60', '0', '45741', '0', '0', '0', '0', '', 'true if player has world quest'),
('23', '1377', '6', '0', '0', '60', '0', '45675', '0', '0', '0', '0', '', 'true if player has world quest'),
('23', '1377', '6', '0', '1', '60', '0', '45742', '0', '0', '0', '0', '', 'true if player has world quest');

DELETE FROM gossip_menu_option WHERE MenuID IN (6540,6542,6543);
INSERT INTO `gossip_menu_option` (`MenuID`, `OptionIndex`, `OptionNPC`, `OptionText`, `OptionType`, `OptionNpcflag`, `OptionNpcflag2`, `ActionMenuID`, `ActionPoiID`, `BoxCoded`, `BoxMoney`, `BoxCurrency`, `BoxText`, `OptionBroadcastTextID`, `BoxBroadcastTextID`, `VerifiedBuild`) VALUES
('6540', '0', '0', 'I am no cultist, you monster!  Come to me and face your destruction!', '1', '1', '0', '0', '0', '0', '0', '0', NULL, '10684', '0', '0'),
('6542', '0', '0', 'You will listen to this, vile duke!  I am not your Twilight\'s Hammer lapdog!  I am here to challenge you!  Come!  Come, and meet your death...', '1', '1', '0', '0', '0', '0', '0', '0', NULL, '10698', '0', '0'),
('6543', '0', '0', 'The day of judgement has come, fiend!  I challenge you to battle!', '1', '1', '0', '0', '0', '0', '0', '0', NULL, '10707', '0', '0');

DELETE FROM spell_scripts WHERE id = 29534;
INSERT INTO `spell_scripts` (`id`, `effIndex`, `command`, `datalong`) VALUES
('29534', '2', '14', '29519');

DELETE FROM creature_equip_template WHERE CreatureID IN (117432,117433,117434,117435);
INSERT INTO `creature_equip_template` (`CreatureID`, `ItemID1`, `ItemID2`, `ItemID3`, `ItemID4`, `ItemID5`, `ItemID6`) VALUES
(117432, 10612, 0, 0, 0, 0, 0), -- 117432
(117433, 18419, 0, 0, 0, 0, 0), -- 117433
(117434, 13312, 0, 0, 0, 0, 0), -- 117434
(117435, 21286, 0, 0, 0, 0, 0); -- 117435

DELETE FROM gossip_menu WHERE Entry IN (20769,20772,20774,20773,20748);
INSERT INTO `gossip_menu` (`Entry`, `TextID`, `FriendshipFactionID`) VALUES
(20769, 31192, 0), -- 117434
(20772, 31195, 0), -- 117435
(20774, 31197, 0), -- 117435
(20773, 31196, 0), -- 117435
(20748, 31153, 0); -- 117432

DELETE FROM gossip_menu_option WHERE MenuID IN (20772,20774,20773);
INSERT INTO `gossip_menu_option` (`MenuID`, `OptionIndex`, `OptionNPC`, `OptionText`, `OptionType`, `OptionNpcflag`, `OptionNpcflag2`, `ActionMenuID`, `ActionPoiID`, `BoxCoded`, `BoxMoney`, `BoxText`, `OptionBroadcastTextID`, `BoxBroadcastTextID`) VALUES
(20772, 2, 1, 'Мне бы хотелось купить что-нибудь у вас.', 3, 128, 0, 0, 0, 0, 0, '', 2583, 0),
(20772, 1, 0, 'А почему у тебя все так дорого?', 1, 1, 0, 20774, 0, 0, 0, '', 126275, 0),
(20772, 0, 0, 'Чем я могу помочь военной кампании?', 1, 1, 0, 20773, 0, 0, 0, '', 126274, 0),
(20774, 0, 0, 'Понятно.', 1, 1, 0, 0, 0, 0, 0, '', 97920, 0),
(20773, 0, 0, 'Понятно.', 1, 1, 0, 0, 0, 0, 0, '', 97920, 0);

DELETE FROM `npc_text` WHERE `ID` IN (31192,31195,31196,31197,31153);
INSERT INTO `npc_text` (`ID`, `Probability0`, `Probability1`, `Probability2`, `Probability3`, `Probability4`, `Probability5`, `Probability6`, `Probability7`, `BroadcastTextId0`, `BroadcastTextId1`, `BroadcastTextId2`, `BroadcastTextId3`, `BroadcastTextId4`, `BroadcastTextId5`, `BroadcastTextId6`, `BroadcastTextId7`, `VerifiedBuild`) VALUES
(31153, 1, 0, 0, 0, 0, 0, 0, 0, 126026, 0, 0, 0, 0, 0, 0, 0, 23360), -- 31153
(31192, 1, 0, 0, 0, 0, 0, 0, 0, 126218, 0, 0, 0, 0, 0, 0, 0, 23360), -- 31192
(31195, 1, 0, 0, 0, 0, 0, 0, 0, 126271, 0, 0, 0, 0, 0, 0, 0, 23360), -- 31195
(31196, 1, 0, 0, 0, 0, 0, 0, 0, 126272, 0, 0, 0, 0, 0, 0, 0, 23360), -- 31196
(31197, 1, 0, 0, 0, 0, 0, 0, 0, 126273, 0, 0, 0, 0, 0, 0, 0, 23360); -- 31197

DELETE FROM npc_vendor WHERE entry IN (117435,117433);
INSERT INTO `npc_vendor` (`entry`, `slot`, `item`, `maxcount`, `incrtime`, `ExtendedCost`, `money`, `type`, `PlayerConditionID`, `IgnoreFiltering`, `RandomPropertiesSeed`, `RandomPropertiesID`, `BonusListID`, `ItemModifiers`, `Context`, `VerifiedBuild`) VALUES
('117435', '0', '151626', '0', '0', '6197', '0', '1', '0', '0', '0', '0', '', '', '0', '25600'),
('117435', '0', '143866', '0', '0', '6144', '0', '1', '0', '0', '0', '0', '', '', '0', '25600'),
('117435', '0', '143867', '0', '0', '6145', '0', '1', '0', '0', '0', '0', '', '', '0', '25600'),
('117433', '0', '151625', '0', '0', '6197', '0', '1', '0', '0', '0', '0', '', '', '0', '25600'),
('117433', '0', '143866', '0', '0', '6144', '0', '1', '0', '0', '0', '0', '', '', '0', '25600'),
('117433', '0', '143867', '0', '0', '6145', '0', '1', '0', '0', '0', '0', '', '', '0', '25600');

DELETE FROM creature_template_addon WHERE entry IN (117433,117435);
INSERT INTO `creature_template_addon` (`entry`, `mount`, `bytes1`, `bytes2`, `auras`) VALUES
(117433, 14573, 0x0, 0x1, ''),
(117435, 14347, 0x0, 0x1, '');

DELETE FROM area_queststart WHERE quest IN (45787,45785);
INSERT INTO `area_queststart` (`id`, `quest`) VALUES
('2741', '45787'),
('1377', '45787'),
('2742', '45787'),
('2740', '45787'),
('3426', '45787'),
('3077', '45787'),
('2738', '45787'),
('2744', '45787'),
('2743', '45787'),
('2741', '45785'),
('1377', '45785'),
('2742', '45785'),
('2740', '45785'),
('3426', '45785'),
('3077', '45785'),
('2738', '45785'),
('2744', '45785'),
('2743', '45785');

DELETE FROM conditions WHERE SourceTypeOrReferenceId = 19 AND SourceEntry IN (45787,45785);
INSERT INTO `conditions` (`SourceTypeOrReferenceId`, `SourceGroup`, `SourceEntry`, `SourceId`, `ElseGroup`, `ConditionTypeOrReference`, `ConditionTarget`, `ConditionValue1`, `ConditionValue2`, `ConditionValue3`, `NegativeCondition`, `ErrorTextId`, `ScriptName`, `Comment`) VALUES
('19', '0', '45787', '0', '0', '12', '0', '78', '0', '0', '0', '0', '', 'true if event is active'),
('19', '0', '45785', '0', '0', '12', '0', '78', '0', '0', '0', '0', '', 'true if event is active');

DELETE FROM creature_queststarter WHERE id IN (117434,117432);
INSERT INTO `creature_queststarter` (`id`, `quest`) VALUES
('117434', '45729'),
('117434', '45730'),
('117434', '45731'),
('117434', '45732'),
('117434', '45733'),
('117434', '45734'),
('117434', '45735'),
('117432', '45637'),
('117432', '45638'),
('117432', '45639'),
('117432', '45640'),
('117432', '45641'),
('117432', '45642'),
('117432', '45643');

DELETE FROM creature_questender WHERE id IN (117434,117432);
INSERT INTO `creature_questender` (`id`, `quest`) VALUES
('117434', '45729'),
('117434', '45730'),
('117434', '45731'),
('117434', '45732'),
('117434', '45733'),
('117434', '45734'),
('117434', '45735'),
('117432', '45637'),
('117432', '45638'),
('117432', '45639'),
('117432', '45640'),
('117432', '45641'),
('117432', '45642'),
('117432', '45643');

DELETE FROM quest_template WHERE ID IN (45643,45735,45641,45733,45639,45731,45638,45730,45637,45729,45640,45732,45642,45734);
INSERT INTO `quest_template` (`ID`, `QuestType`, `QuestLevel`, `QuestMaxScalingLevel`, `QuestPackageID`, `MinLevel`, `QuestSortID`, `QuestInfoID`, `SuggestedGroupNum`, `RewardNextQuest`, `RewardXPDifficulty`, `RewardXPMultiplier`, `RewardMoney`, `RewardMoneyDifficulty`, `RewardMoneyMultiplier`, `RewardBonusMoney`, `RewardDisplaySpell1`, `RewardDisplaySpell2`, `RewardDisplaySpell3`, `RewardSpell`, `RewardHonor`, `RewardKillHonor`, `RewardArtifactXP`, `RewardArtifactXPMultiplier`, `RewardArtifactCategoryID`, `StartItem`, `Flags`, `FlagsEx`, `RewardSkillLineID`, `RewardNumSkillUps`, `PortraitGiver`, `PortraitTurnIn`, `RewardItem1`, `RewardItem2`, `RewardItem3`, `RewardItem4`, `RewardAmount1`, `RewardAmount2`, `RewardAmount3`, `RewardAmount4`, `ItemDrop1`, `ItemDrop2`, `ItemDrop3`, `ItemDrop4`, `ItemDropQuantity1`, `ItemDropQuantity2`, `ItemDropQuantity3`, `ItemDropQuantity4`, `RewardChoiceItemID1`, `RewardChoiceItemID2`, `RewardChoiceItemID3`, `RewardChoiceItemID4`, `RewardChoiceItemID5`, `RewardChoiceItemID6`, `RewardChoiceItemQuantity1`, `RewardChoiceItemQuantity2`, `RewardChoiceItemQuantity3`, `RewardChoiceItemQuantity4`, `RewardChoiceItemQuantity5`, `RewardChoiceItemQuantity6`, `RewardChoiceItemDisplayID1`, `RewardChoiceItemDisplayID2`, `RewardChoiceItemDisplayID3`, `RewardChoiceItemDisplayID4`, `RewardChoiceItemDisplayID5`, `RewardChoiceItemDisplayID6`, `POIContinent`, `POIx`, `POIy`, `POIPriority`, `RewardTitle`, `RewardArenaPoints`, `RewardFactionID1`, `RewardFactionID2`, `RewardFactionID3`, `RewardFactionID4`, `RewardFactionID5`, `RewardFactionValue1`, `RewardFactionValue2`, `RewardFactionValue3`, `RewardFactionValue4`, `RewardFactionValue5`, `RewardFactionOverride1`, `RewardFactionOverride2`, `RewardFactionOverride3`, `RewardFactionOverride4`, `RewardFactionOverride5`, `FactionCapIn1`, `FactionCapIn2`, `FactionCapIn3`, `FactionCapIn4`, `FactionCapIn5`, `RewardFactionFlags`, `AreaGroupID`, `TimeAllowed`, `AllowableRaces`, `QuestRewardID`, `Expansion`, `RewardCurrencyID1`, `RewardCurrencyID2`, `RewardCurrencyID3`, `RewardCurrencyID4`, `RewardCurrencyQty1`, `RewardCurrencyQty2`, `RewardCurrencyQty3`, `RewardCurrencyQty4`, `AcceptedSoundKitID`, `CompleteSoundKitID`, `VerifiedBuild`) VALUES
(45643, 0, -1, 0, 0, 100, 1377, 0, 0, 0, 1, 1, 0, 0, 1, 0, 0, 0, 0, 0, 0, 0, 0, 1, 0, 0, 328, 0, 0, 0, 0, 0, 0, 0, 0, 0, 0, 0, 0, 0, 0, 0, 0, 0, 0, 0, 0, 0, 0, 0, 0, 0, 0, 0, 0, 0, 0, 0, 0, 0, 0, 0, 0, 0, 0, 0, 0, 0, 0, 0, 0, 0, 0, 0, 0, 0, 0, 0, 0, 0, 0, 0, 0, 0, 0, 0, 0, 7, 7, 7, 7, 7, 0, 0, 0, 33555378, 0, 0, 1324, 0, 0, 0, 20, 0, 0, 0, 890, 878, 23360), -- 45643
(45735, 0, -1, 0, 0, 100, 1377, 0, 0, 0, 1, 1, 0, 0, 1, 0, 0, 0, 0, 0, 0, 0, 0, 1, 0, 0, 328, 0, 0, 0, 0, 0, 0, 0, 0, 0, 0, 0, 0, 0, 0, 0, 0, 0, 0, 0, 0, 0, 0, 0, 0, 0, 0, 0, 0, 0, 0, 0, 0, 0, 0, 0, 0, 0, 0, 0, 0, 0, 0, 0, 0, 0, 0, 0, 0, 0, 0, 0, 0, 0, 0, 0, 0, 0, 0, 0, 0, 7, 7, 7, 7, 7, 0, 0, 0, 824181837, 0, 0, 1325, 0, 0, 0, 20, 0, 0, 0, 890, 878, 23360), -- 45643
(45641, 0, -1, 0, 0, 85, 1377, 0, 0, 0, 1, 1, 0, 0, 1, 0, 0, 0, 0, 0, 0, 0, 0, 1, 0, 0, 328, 0, 0, 0, 0, 0, 0, 0, 0, 0, 0, 0, 0, 0, 0, 0, 0, 0, 0, 0, 0, 0, 0, 0, 0, 0, 0, 0, 0, 0, 0, 0, 0, 0, 0, 0, 0, 0, 0, 0, 0, 0, 0, 0, 0, 0, 0, 0, 0, 0, 0, 0, 0, 0, 0, 0, 0, 0, 0, 0, 0, 7, 7, 7, 7, 7, 0, 0, 0, 33555378, 0, 0, 1324, 0, 0, 0, 20, 0, 0, 0, 890, 878, 23360), -- 45641
(45733, 0, -1, 0, 0, 85, 1377, 0, 0, 0, 1, 1, 0, 0, 1, 0, 0, 0, 0, 0, 0, 0, 0, 1, 0, 0, 328, 0, 0, 0, 0, 0, 0, 0, 0, 0, 0, 0, 0, 0, 0, 0, 0, 0, 0, 0, 0, 0, 0, 0, 0, 0, 0, 0, 0, 0, 0, 0, 0, 0, 0, 0, 0, 0, 0, 0, 0, 0, 0, 0, 0, 0, 0, 0, 0, 0, 0, 0, 0, 0, 0, 0, 0, 0, 0, 0, 0, 7, 7, 7, 7, 7, 0, 0, 0, 824181837, 0, 0, 1325, 0, 0, 0, 20, 0, 0, 0, 890, 878, 23360), -- 45641
(45639, 0, -1, 0, 0, 68, 1377, 0, 0, 0, 1, 1, 0, 0, 1, 0, 0, 0, 0, 0, 0, 0, 0, 1, 0, 0, 328, 0, 0, 0, 0, 0, 0, 0, 0, 0, 0, 0, 0, 0, 0, 0, 0, 0, 0, 0, 0, 0, 0, 0, 0, 0, 0, 0, 0, 0, 0, 0, 0, 0, 0, 0, 0, 0, 0, 0, 0, 0, 0, 0, 0, 0, 0, 0, 0, 0, 0, 0, 0, 0, 0, 0, 0, 0, 0, 0, 0, 7, 7, 7, 7, 7, 0, 0, 0, 33555378, 0, 0, 1324, 0, 0, 0, 20, 0, 0, 0, 890, 878, 23360), -- 45639
(45731, 0, -1, 0, 0, 68, 1377, 0, 0, 0, 1, 1, 0, 0, 1, 0, 0, 0, 0, 0, 0, 0, 0, 1, 0, 0, 328, 0, 0, 0, 0, 0, 0, 0, 0, 0, 0, 0, 0, 0, 0, 0, 0, 0, 0, 0, 0, 0, 0, 0, 0, 0, 0, 0, 0, 0, 0, 0, 0, 0, 0, 0, 0, 0, 0, 0, 0, 0, 0, 0, 0, 0, 0, 0, 0, 0, 0, 0, 0, 0, 0, 0, 0, 0, 0, 0, 0, 7, 7, 7, 7, 7, 0, 0, 0, 824181837, 0, 0, 1325, 0, 0, 0, 20, 0, 0, 0, 890, 878, 23360), -- 45639
(45638, 0, -1, 0, 0, 58, 1377, 0, 0, 0, 1, 1, 0, 0, 1, 0, 0, 0, 0, 0, 0, 0, 0, 1, 0, 0, 328, 0, 0, 0, 0, 0, 0, 0, 0, 0, 0, 0, 0, 0, 0, 0, 0, 0, 0, 0, 0, 0, 0, 0, 0, 0, 0, 0, 0, 0, 0, 0, 0, 0, 0, 0, 0, 0, 0, 0, 0, 0, 0, 0, 0, 0, 0, 0, 0, 0, 0, 0, 0, 0, 0, 0, 0, 0, 0, 0, 0, 7, 7, 7, 7, 7, 0, 0, 0, 33555378, 0, 0, 1324, 0, 0, 0, 20, 0, 0, 0, 890, 878, 23360), -- 45638
(45730, 0, -1, 0, 0, 58, 1377, 0, 0, 0, 1, 1, 0, 0, 1, 0, 0, 0, 0, 0, 0, 0, 0, 1, 0, 0, 328, 0, 0, 0, 0, 0, 0, 0, 0, 0, 0, 0, 0, 0, 0, 0, 0, 0, 0, 0, 0, 0, 0, 0, 0, 0, 0, 0, 0, 0, 0, 0, 0, 0, 0, 0, 0, 0, 0, 0, 0, 0, 0, 0, 0, 0, 0, 0, 0, 0, 0, 0, 0, 0, 0, 0, 0, 0, 0, 0, 0, 7, 7, 7, 7, 7, 0, 0, 0, 824181837, 0, 0, 1325, 0, 0, 0, 20, 0, 0, 0, 890, 878, 23360), -- 45638
(45637, 0, -1, 0, 0, 55, 1377, 0, 0, 0, 1, 1, 0, 0, 1, 0, 0, 0, 0, 0, 0, 0, 0, 1, 0, 0, 328, 0, 0, 0, 0, 0, 0, 0, 0, 0, 0, 0, 0, 0, 0, 0, 0, 0, 0, 0, 0, 0, 0, 0, 0, 0, 0, 0, 0, 0, 0, 0, 0, 0, 0, 0, 0, 0, 0, 0, 0, 0, 0, 0, 0, 0, 0, 0, 0, 0, 0, 0, 0, 0, 0, 0, 0, 0, 0, 0, 0, 7, 7, 7, 7, 7, 0, 0, 0, 33555378, 0, 0, 1324, 0, 0, 0, 20, 0, 0, 0, 890, 878, 23360), -- 45637
(45729, 0, -1, 0, 0, 55, 1377, 0, 0, 0, 1, 1, 0, 0, 1, 0, 0, 0, 0, 0, 0, 0, 0, 1, 0, 0, 328, 0, 0, 0, 0, 0, 0, 0, 0, 0, 0, 0, 0, 0, 0, 0, 0, 0, 0, 0, 0, 0, 0, 0, 0, 0, 0, 0, 0, 0, 0, 0, 0, 0, 0, 0, 0, 0, 0, 0, 0, 0, 0, 0, 0, 0, 0, 0, 0, 0, 0, 0, 0, 0, 0, 0, 0, 0, 0, 0, 0, 7, 7, 7, 7, 7, 0, 0, 0, 824181837, 0, 0, 1325, 0, 0, 0, 20, 0, 0, 0, 890, 878, 23360), -- 45637
(45640, 0, -1, 0, 0, 80, 1377, 0, 0, 0, 1, 1, 0, 0, 1, 0, 0, 0, 0, 0, 0, 0, 0, 1, 0, 0, 328, 0, 0, 0, 0, 0, 0, 0, 0, 0, 0, 0, 0, 0, 0, 0, 0, 0, 0, 0, 0, 0, 0, 0, 0, 0, 0, 0, 0, 0, 0, 0, 0, 0, 0, 0, 0, 0, 0, 0, 0, 0, 0, 0, 0, 0, 0, 0, 0, 0, 0, 0, 0, 0, 0, 0, 0, 0, 0, 0, 0, 7, 7, 7, 7, 7, 0, 0, 0, 33555378, 0, 0, 1324, 0, 0, 0, 20, 0, 0, 0, 890, 878, 23360), -- 45637
(45732, 0, -1, 0, 0, 80, 1377, 0, 0, 0, 1, 1, 0, 0, 1, 0, 0, 0, 0, 0, 0, 0, 0, 1, 0, 0, 328, 0, 0, 0, 0, 0, 0, 0, 0, 0, 0, 0, 0, 0, 0, 0, 0, 0, 0, 0, 0, 0, 0, 0, 0, 0, 0, 0, 0, 0, 0, 0, 0, 0, 0, 0, 0, 0, 0, 0, 0, 0, 0, 0, 0, 0, 0, 0, 0, 0, 0, 0, 0, 0, 0, 0, 0, 0, 0, 0, 0, 7, 7, 7, 7, 7, 0, 0, 0, 824181837, 0, 0, 1325, 0, 0, 0, 20, 0, 0, 0, 890, 878, 23360), -- 45637
(45642, 0, -1, 0, 0, 90, 1377, 0, 0, 0, 1, 1, 0, 0, 1, 0, 0, 0, 0, 0, 0, 0, 0, 1, 0, 0, 328, 0, 0, 0, 0, 0, 0, 0, 0, 0, 0, 0, 0, 0, 0, 0, 0, 0, 0, 0, 0, 0, 0, 0, 0, 0, 0, 0, 0, 0, 0, 0, 0, 0, 0, 0, 0, 0, 0, 0, 0, 0, 0, 0, 0, 0, 0, 0, 0, 0, 0, 0, 0, 0, 0, 0, 0, 0, 0, 0, 0, 7, 7, 7, 7, 7, 0, 0, 0, 33555378, 0, 0, 1324, 0, 0, 0, 20, 0, 0, 0, 890, 878, 23360), -- 45637
(45734, 0, -1, 0, 0, 90, 1377, 0, 0, 0, 1, 1, 0, 0, 1, 0, 0, 0, 0, 0, 0, 0, 0, 1, 0, 0, 328, 0, 0, 0, 0, 0, 0, 0, 0, 0, 0, 0, 0, 0, 0, 0, 0, 0, 0, 0, 0, 0, 0, 0, 0, 0, 0, 0, 0, 0, 0, 0, 0, 0, 0, 0, 0, 0, 0, 0, 0, 0, 0, 0, 0, 0, 0, 0, 0, 0, 0, 0, 0, 0, 0, 0, 0, 0, 0, 0, 0, 7, 7, 7, 7, 7, 0, 0, 0, 824181837, 0, 0, 1325, 0, 0, 0, 20, 0, 0, 0, 890, 878, 23360); -- 45637

DELETE FROM quest_template WHERE ID IN (45736,45654);
INSERT INTO quest_template (`ID`, `QuestType`, `QuestLevel`, `QuestMaxScalingLevel`, `QuestPackageID`, `MinLevel`, `QuestSortID`, `QuestInfoID`, `SuggestedGroupNum`, `RewardNextQuest`, `RewardXPDifficulty`, `RewardXPMultiplier`, `RewardMoney`, `RewardMoneyDifficulty`, `RewardMoneyMultiplier`, `RewardBonusMoney`, `RewardDisplaySpell1`, `RewardDisplaySpell2`, `RewardDisplaySpell3`, `RewardSpell`, `RewardHonor`, `RewardKillHonor`, `RewardArtifactXP`, `RewardArtifactXPMultiplier`, `RewardArtifactCategoryID`, `StartItem`, `Flags`, `FlagsEx`, `RewardItem1`, `RewardAmount1`, `RewardItem2`, `RewardAmount2`, `RewardItem3`, `RewardAmount3`, `RewardItem4`, `RewardAmount4`, `ItemDrop1`, `ItemDropQuantity1`, `ItemDrop2`, `ItemDropQuantity2`, `ItemDrop3`, `ItemDropQuantity3`, `ItemDrop4`, `ItemDropQuantity4`, `RewardChoiceItemID1`, `RewardChoiceItemQuantity1`, `RewardChoiceItemDisplayID1`, `RewardChoiceItemID2`, `RewardChoiceItemQuantity2`, `RewardChoiceItemDisplayID2`, `RewardChoiceItemID3`, `RewardChoiceItemQuantity3`, `RewardChoiceItemDisplayID3`, `RewardChoiceItemID4`, `RewardChoiceItemQuantity4`, `RewardChoiceItemDisplayID4`, `RewardChoiceItemID5`, `RewardChoiceItemQuantity5`, `RewardChoiceItemDisplayID5`, `RewardChoiceItemID6`, `RewardChoiceItemQuantity6`, `RewardChoiceItemDisplayID6`, `POIContinent`, `POIx`, `POIy`, `POIPriority`, `RewardTitle`, `RewardArenaPoints`, `RewardSkillLineID`, `RewardNumSkillUps`, `PortraitGiver`, `PortraitTurnIn`, `RewardFactionID1`, `RewardFactionValue1`, `RewardFactionOverride1`, `FactionCapIn1`, `RewardFactionID2`, `RewardFactionValue2`, `RewardFactionOverride2`, `FactionCapIn2`, `RewardFactionID3`, `RewardFactionValue3`, `RewardFactionOverride3`, `FactionCapIn3`, `RewardFactionID4`, `RewardFactionValue4`, `RewardFactionOverride4`, `FactionCapIn4`, `RewardFactionID5`, `RewardFactionValue5`, `RewardFactionOverride5`, `FactionCapIn5`, `RewardFactionFlags`, `RewardCurrencyID1`, `RewardCurrencyQty1`, `RewardCurrencyID2`, `RewardCurrencyQty2`, `RewardCurrencyID3`, `RewardCurrencyQty3`, `RewardCurrencyID4`, `RewardCurrencyQty4`, `AcceptedSoundKitID`, `CompleteSoundKitID`, `AreaGroupID`, `TimeAllowed`, `AllowableRaces`, `QuestRewardID`, `Expansion`, `LogTitle`, `LogDescription`, `QuestDescription`, `AreaDescription`, `QuestCompletionLog`, `PortraitGiverText`, `PortraitGiverName`, `PortraitTurnInText`, `PortraitTurnInName`, `StartScript`, `CompleteScript`, `VerifiedBuild`) VALUES
('45736', '3', '-1', '255', '0', '60', '1377', '137', '0', '0', '8', '3', '0', '0', '1', '0', '0', '0', '0', '0', '0', '0', '0', '0', '0', '0', '34144576', '0', '0', '0', '0', '0', '0', '0', '0', '0', '0', '0', '0', '0', '0', '0', '0', '0', '0', '0', '0', '0', '0', '0', '0', '0', '0', '0', '0', '0', '0', '0', '0', '0', '0', '0', '0', '0', '0', '0', '0', '0', '0', '0', '0', '0', '609', '7', '0', '7', '0', '0', '0', '7', '0', '0', '0', '7', '0', '0', '0', '7', '0', '0', '0', '7', '0', '0', '0', '0', '0', '0', '0', '0', '0', '890', '878', '5087', '0', '824181837', '319', '0', '', '', '', '', '', '', '', '', '', '0', '0', '24367'),
('45654', '3', '-1', '255', '0', '60', '3428', '137', '0', '0', '8', '5', '0', '0', '1', '0', '0', '0', '0', '0', '0', '0', '0', '0', '0', '0', '34144576', '0', '0', '0', '0', '0', '0', '0', '0', '0', '0', '0', '0', '0', '0', '0', '0', '0', '0', '0', '0', '0', '0', '0', '0', '0', '0', '0', '0', '0', '0', '0', '0', '0', '0', '0', '0', '0', '0', '0', '0', '0', '0', '0', '0', '0', '910', '8', '0', '7', '0', '0', '0', '7', '0', '0', '0', '7', '0', '0', '0', '7', '0', '0', '0', '7', '0', '0', '0', '0', '0', '0', '0', '0', '0', '890', '878', '3589', '0', '234881970', '320', '0', '', '', '', '', '', '', '', '', '', '0', '0', '26124');

UPDATE `quest_template` SET `AreaGroupID`='44' WHERE ID IN (45655,45674,45675,45738,45741,45742);
UPDATE `quest_template` SET `QuestMaxScalingLevel` = 255 WHERE ID IN (45740,45739,45738,45657,45656,45651,45675,45742,45674,45655,45741,45737,45736,45654);
UPDATE quest_template SET QuestSortID = 1377 WHERE ID IN (45739,45737,45736,45740,45738,45741,45742,45656,45654,45651,45657,45655,45674,45675);
DELETE FROM `quest_objectives_locale` WHERE (`ID`='288293') AND (`locale`='itIT');

DELETE FROM quest_objectives WHERE QuestID IN (45643,45735,45641,45733,45639,45731,45638,45730,45637,45729,45640,45732,45642,45734,45736,45654);
INSERT INTO `quest_objectives` (`ID`, `QuestID`, `Type`, `StorageIndex`, `ObjectID`, `Amount`, `Flags`, `Flags2`, `TaskStep`, `VerifiedBuild`) VALUES
(288260, 45643, 1, 0, 124117, 20, 0, 0, 0, 23360), -- 288260
(288259, 45642, 1, 0, 109131, 20, 0, 0, 0, 23360), -- 288259
(288258, 45641, 1, 0, 74833, 20, 0, 0, 0, 23360), -- 288258
(288257, 45640, 1, 0, 62784, 20, 0, 0, 0, 23360), -- 288257
(288256, 45639, 1, 0, 43013, 20, 0, 0, 0, 23360), -- 288256
(288255, 45638, 1, 0, 22644, 20, 0, 0, 0, 23360), -- 288255
(288254, 45637, 1, 0, 20424, 20, 0, 0, 0, 23360), -- 288254
(288286, 45735, 1, 0, 124117, 20, 0, 0, 0, 23360), -- 288260 (ids fake)
(288285, 45734, 1, 0, 109131, 20, 0, 0, 0, 23360), -- 288259
(288284, 45733, 1, 0, 74833, 20, 0, 0, 0, 23360), -- 288258
(288283, 45732, 1, 0, 62784, 20, 0, 0, 0, 23360), -- 288257
(288282, 45731, 1, 0, 43013, 20, 0, 0, 0, 23360), -- 288256
(288281, 45730, 1, 0, 22644, 20, 0, 0, 0, 23360), -- 288255
(288280, 45729, 1, 0, 20424, 20, 0, 0, 0, 23360), -- 288254
(288398, 45736, 0, 0, 15339, 1, 0, 0, 0, 23360), -- 288398
(288300, 45654, 0, 0, 15727, 1, 0, 0, 0, 23360); -- 288254

DELETE FROM quest_template_locale WHERE ID IN (45643,45735,45641,45733,45639,45731,45638,45730,45637,45729,45640,45732,45642,45734,45739,45737,45736,45740,45738,45741,45742,45656,45654,45651,45657,45655,45674,45675);
INSERT INTO `quest_template_locale` (`ID`, `locale`, `LogTitle`, `LogDescription`, `QuestDescription`, `AreaDescription`, `PortraitGiverText`, `PortraitGiverName`, `PortraitTurnInText`, `PortraitTurnInName`, `QuestCompletionLog`, `VerifiedBuild`) VALUES
(45643, 'ruRU', 'Постные рульки', '', '', '', '', '', '', '', '', 23360),
(45641, 'ruRU', 'Сырые стейки из тигрятины', '', '', '', '', '', '', '', '', 23360),
(45639, 'ruRU', 'Охлажденное мясо', '', '', '', '', '', '', '', '', 23360),
(45638, 'ruRU', 'Хрустящие паучьи лапки', '', '', '', '', '', '', '', '', 23360),
(45637, 'ruRU', 'Мясо песчаных червей', '', '', '', '', '', '', '', '', 23360),
(45640, 'ruRU', 'Хвосты кроколисков', '', '', '', '', '', '', '', '', 23360),
(45642, 'ruRU', 'Сырое мясо копытня', '', '', '', '', '', '', '', '', 23360),
(45735, 'ruRU', 'Постные рульки', '', '', '', '', '', '', '', '', 23360),
(45733, 'ruRU', 'Сырые стейки из тигрятины', '', '', '', '', '', '', '', '', 23360),
(45731, 'ruRU', 'Охлажденное мясо', '', '', '', '', '', '', '', '', 23360),
(45730, 'ruRU', 'Хрустящие паучьи лапки', '', '', '', '', '', '', '', '', 23360),
(45729, 'ruRU', 'Мясо песчаных червей', '', '', '', '', '', '', '', '', 23360),
(45732, 'ruRU', 'Хвосты кроколисков', '', '', '', '', '', '', '', '', 23360),
(45734, 'ruRU', 'Сырое мясо копытня', '', '', '', '', '', '', '', '', 23360),
(45739, 'ruRU', 'Меньшие камни Ветров', '', '', '', '', '', '', '', '', 23360),
(45737, 'ruRU', 'Ан\'Кираж: К\'Тун', '', '', '', '', '', '', '', '', 23360),
(45736, 'ruRU', 'Руины Ан\'Киража: Оссириан', '', '', '', '', '', '', '', '', 23360),
(45740, 'ruRU', 'Силитист', '', '', '', '', '', '', '', '', 23360),
(45738, 'ruRU', 'Колосс Аши', '', '', '', '', '', '', '', '', 23360),
(45741, 'ruRU', 'Колосс Регала', '', '', '', '', '', '', '', '', 23360),
(45742, 'ruRU', 'Колосс Зоры', '', '', '', '', '', '', '', '', 23360),
(45656, 'ruRU', 'Меньшие камни Ветров', '', '', '', '', '', '', '', '', 23360),
(45654, 'ruRU', 'Ан\'Кираж: К\'Тун', '', '', '', '', '', '', '', '', 23360),
(45651, 'ruRU', 'Руины Ан\'Киража: Оссириан', '', '', '', '', '', '', '', '', 23360),
(45657, 'ruRU', 'Силитист', '', '', '', '', '', '', '', '', 23360),
(45655, 'ruRU', 'Колосс Аши', '', '', '', '', '', '', '', '', 23360),
(45674, 'ruRU', 'Колосс Регала', '', '', '', '', '', '', '', '', 23360),
(45675, 'ruRU', 'Колосс Зоры', '', '', '', '', '', '', '', '', 23360),
(45643, 'enUS', 'Lean Shanks', '', '', '', '', '', '', '', '', 23360),
(45641, 'enUS', 'Raw Tiger Steaks', '', '', '', '', '', '', '', '', 23360),
(45639, 'enUS', 'Chilled Meat', '', '', '', '', '', '', '', '', 23360),
(45638, 'enUS', 'Crunchy Spider Legs', '', '', '', '', '', '', '', '', 23360),
(45637, 'enUS', 'Sandworm Meat', '', '', '', '', '', '', '', '', 23360),
(45640, 'enUS', 'Crocolisk Tails', '', '', '', '', '', '', '', '', 23360),
(45642, 'enUS', 'Raw Clefthoof Meat', '', '', '', '', '', '', '', '', 23360),
(45735, 'enUS', 'Lean Shanks', '', '', '', '', '', '', '', '', 23360),
(45733, 'enUS', 'Raw Tiger Steaks', '', '', '', '', '', '', '', '', 23360),
(45731, 'enUS', 'Chilled Meat', '', '', '', '', '', '', '', '', 23360),
(45730, 'enUS', 'Crunchy Spider Legs', '', '', '', '', '', '', '', '', 23360),
(45729, 'enUS', 'Sandworm Meat', '', '', '', '', '', '', '', '', 23360),
(45732, 'enUS', 'Crocolisk Tails', '', '', '', '', '', '', '', '', 23360),
(45734, 'enUS', 'Raw Clefthoof Meat', '', '', '', '', '', '', '', '', 23360),
(45739, 'enUS', 'Lesser Wind Stones', '', '', '', '', '', '', '', '', 23360),
(45643, 'deDE', 'Lean Shanks', '', '', '', '', '', '', '', '', 23360),
(45641, 'deDE', 'Raw Tiger Steaks', '', '', '', '', '', '', '', '', 23360),
(45639, 'deDE', 'Chilled Meat', '', '', '', '', '', '', '', '', 23360),
(45638, 'deDE', 'Crunchy Spider Legs', '', '', '', '', '', '', '', '', 23360),
(45637, 'deDE', 'Sandworm Meat', '', '', '', '', '', '', '', '', 23360),
(45640, 'deDE', 'Crocolisk Tails', '', '', '', '', '', '', '', '', 23360),
(45642, 'deDE', 'Raw Clefthoof Meat', '', '', '', '', '', '', '', '', 23360),
(45735, 'deDE', 'Lean Shanks', '', '', '', '', '', '', '', '', 23360),
(45733, 'deDE', 'Raw Tiger Steaks', '', '', '', '', '', '', '', '', 23360),
(45731, 'deDE', 'Chilled Meat', '', '', '', '', '', '', '', '', 23360),
(45730, 'deDE', 'Crunchy Spider Legs', '', '', '', '', '', '', '', '', 23360),
(45729, 'deDE', 'Sandworm Meat', '', '', '', '', '', '', '', '', 23360),
(45732, 'deDE', 'Crocolisk Tails', '', '', '', '', '', '', '', '', 23360),
(45734, 'deDE', 'Raw Clefthoof Meat', '', '', '', '', '', '', '', '', 23360),
(45643, 'zhTW', 'Lean Shanks', '', '', '', '', '', '', '', '', 23360),
(45641, 'zhTW', 'Raw Tiger Steaks', '', '', '', '', '', '', '', '', 23360),
(45639, 'zhTW', 'Chilled Meat', '', '', '', '', '', '', '', '', 23360),
(45638, 'zhTW', 'Crunchy Spider Legs', '', '', '', '', '', '', '', '', 23360),
(45637, 'zhTW', 'Sandworm Meat', '', '', '', '', '', '', '', '', 23360),
(45640, 'zhTW', 'Crocolisk Tails', '', '', '', '', '', '', '', '', 23360),
(45642, 'zhTW', 'Raw Clefthoof Meat', '', '', '', '', '', '', '', '', 23360),
(45735, 'zhTW', 'Lean Shanks', '', '', '', '', '', '', '', '', 23360),
(45733, 'zhTW', 'Raw Tiger Steaks', '', '', '', '', '', '', '', '', 23360),
(45731, 'zhTW', 'Chilled Meat', '', '', '', '', '', '', '', '', 23360),
(45730, 'zhTW', 'Crunchy Spider Legs', '', '', '', '', '', '', '', '', 23360),
(45729, 'zhTW', 'Sandworm Meat', '', '', '', '', '', '', '', '', 23360),
(45732, 'zhTW', 'Crocolisk Tails', '', '', '', '', '', '', '', '', 23360),
(45734, 'zhTW', 'Raw Clefthoof Meat', '', '', '', '', '', '', '', '', 23360),
(45643, 'zhCN', 'Lean Shanks', '', '', '', '', '', '', '', '', 23360),
(45641, 'zhCN', 'Raw Tiger Steaks', '', '', '', '', '', '', '', '', 23360),
(45639, 'zhCN', 'Chilled Meat', '', '', '', '', '', '', '', '', 23360),
(45638, 'zhCN', 'Crunchy Spider Legs', '', '', '', '', '', '', '', '', 23360),
(45637, 'zhCN', 'Sandworm Meat', '', '', '', '', '', '', '', '', 23360),
(45640, 'zhCN', 'Crocolisk Tails', '', '', '', '', '', '', '', '', 23360),
(45642, 'zhCN', 'Raw Clefthoof Meat', '', '', '', '', '', '', '', '', 23360),
(45735, 'zhCN', 'Lean Shanks', '', '', '', '', '', '', '', '', 23360),
(45733, 'zhCN', 'Raw Tiger Steaks', '', '', '', '', '', '', '', '', 23360),
(45731, 'zhCN', 'Chilled Meat', '', '', '', '', '', '', '', '', 23360),
(45730, 'zhCN', 'Crunchy Spider Legs', '', '', '', '', '', '', '', '', 23360),
(45729, 'zhCN', 'Sandworm Meat', '', '', '', '', '', '', '', '', 23360),
(45732, 'zhCN', 'Crocolisk Tails', '', '', '', '', '', '', '', '', 23360),
(45734, 'zhCN', 'Raw Clefthoof Meat', '', '', '', '', '', '', '', '', 23360),
(45643, 'ptBR', 'Lean Shanks', '', '', '', '', '', '', '', '', 23360),
(45641, 'ptBR', 'Raw Tiger Steaks', '', '', '', '', '', '', '', '', 23360),
(45639, 'ptBR', 'Chilled Meat', '', '', '', '', '', '', '', '', 23360),
(45638, 'ptBR', 'Crunchy Spider Legs', '', '', '', '', '', '', '', '', 23360),
(45637, 'ptBR', 'Sandworm Meat', '', '', '', '', '', '', '', '', 23360),
(45640, 'ptBR', 'Crocolisk Tails', '', '', '', '', '', '', '', '', 23360),
(45642, 'ptBR', 'Raw Clefthoof Meat', '', '', '', '', '', '', '', '', 23360),
(45735, 'ptBR', 'Lean Shanks', '', '', '', '', '', '', '', '', 23360),
(45733, 'ptBR', 'Raw Tiger Steaks', '', '', '', '', '', '', '', '', 23360),
(45731, 'ptBR', 'Chilled Meat', '', '', '', '', '', '', '', '', 23360),
(45730, 'ptBR', 'Crunchy Spider Legs', '', '', '', '', '', '', '', '', 23360),
(45729, 'ptBR', 'Sandworm Meat', '', '', '', '', '', '', '', '', 23360),
(45732, 'ptBR', 'Crocolisk Tails', '', '', '', '', '', '', '', '', 23360),
(45734, 'ptBR', 'Raw Clefthoof Meat', '', '', '', '', '', '', '', '', 23360),
(45643, 'itIT', 'Lean Shanks', '', '', '', '', '', '', '', '', 23360),
(45641, 'itIT', 'Raw Tiger Steaks', '', '', '', '', '', '', '', '', 23360),
(45639, 'itIT', 'Chilled Meat', '', '', '', '', '', '', '', '', 23360),
(45638, 'itIT', 'Crunchy Spider Legs', '', '', '', '', '', '', '', '', 23360),
(45637, 'itIT', 'Sandworm Meat', '', '', '', '', '', '', '', '', 23360),
(45640, 'itIT', 'Crocolisk Tails', '', '', '', '', '', '', '', '', 23360),
(45642, 'itIT', 'Raw Clefthoof Meat', '', '', '', '', '', '', '', '', 23360),
(45735, 'itIT', 'Lean Shanks', '', '', '', '', '', '', '', '', 23360),
(45733, 'itIT', 'Raw Tiger Steaks', '', '', '', '', '', '', '', '', 23360),
(45731, 'itIT', 'Chilled Meat', '', '', '', '', '', '', '', '', 23360),
(45730, 'itIT', 'Crunchy Spider Legs', '', '', '', '', '', '', '', '', 23360),
(45729, 'itIT', 'Sandworm Meat', '', '', '', '', '', '', '', '', 23360),
(45732, 'itIT', 'Crocolisk Tails', '', '', '', '', '', '', '', '', 23360),
(45734, 'itIT', 'Raw Clefthoof Meat', '', '', '', '', '', '', '', '', 23360),
(45643, 'frFR', 'Lean Shanks', '', '', '', '', '', '', '', '', 23360),
(45641, 'frFR', 'Raw Tiger Steaks', '', '', '', '', '', '', '', '', 23360),
(45639, 'frFR', 'Chilled Meat', '', '', '', '', '', '', '', '', 23360),
(45638, 'frFR', 'Crunchy Spider Legs', '', '', '', '', '', '', '', '', 23360),
(45637, 'frFR', 'Sandworm Meat', '', '', '', '', '', '', '', '', 23360),
(45640, 'frFR', 'Crocolisk Tails', '', '', '', '', '', '', '', '', 23360),
(45642, 'frFR', 'Raw Clefthoof Meat', '', '', '', '', '', '', '', '', 23360),
(45735, 'frFR', 'Lean Shanks', '', '', '', '', '', '', '', '', 23360),
(45733, 'frFR', 'Raw Tiger Steaks', '', '', '', '', '', '', '', '', 23360),
(45731, 'frFR', 'Chilled Meat', '', '', '', '', '', '', '', '', 23360),
(45730, 'frFR', 'Crunchy Spider Legs', '', '', '', '', '', '', '', '', 23360),
(45729, 'frFR', 'Sandworm Meat', '', '', '', '', '', '', '', '', 23360),
(45732, 'frFR', 'Crocolisk Tails', '', '', '', '', '', '', '', '', 23360),
(45734, 'frFR', 'Raw Clefthoof Meat', '', '', '', '', '', '', '', '', 23360),
(45643, 'koKR', 'Lean Shanks', '', '', '', '', '', '', '', '', 23360),
(45641, 'koKR', 'Raw Tiger Steaks', '', '', '', '', '', '', '', '', 23360),
(45639, 'koKR', 'Chilled Meat', '', '', '', '', '', '', '', '', 23360),
(45638, 'koKR', 'Crunchy Spider Legs', '', '', '', '', '', '', '', '', 23360),
(45637, 'koKR', 'Sandworm Meat', '', '', '', '', '', '', '', '', 23360),
(45640, 'koKR', 'Crocolisk Tails', '', '', '', '', '', '', '', '', 23360),
(45642, 'koKR', 'Raw Clefthoof Meat', '', '', '', '', '', '', '', '', 23360),
(45735, 'koKR', 'Lean Shanks', '', '', '', '', '', '', '', '', 23360),
(45733, 'koKR', 'Raw Tiger Steaks', '', '', '', '', '', '', '', '', 23360),
(45731, 'koKR', 'Chilled Meat', '', '', '', '', '', '', '', '', 23360),
(45730, 'koKR', 'Crunchy Spider Legs', '', '', '', '', '', '', '', '', 23360),
(45729, 'koKR', 'Sandworm Meat', '', '', '', '', '', '', '', '', 23360),
(45732, 'koKR', 'Crocolisk Tails', '', '', '', '', '', '', '', '', 23360),
(45734, 'koKR', 'Raw Clefthoof Meat', '', '', '', '', '', '', '', '', 23360),
(45643, 'esMX', 'Lean Shanks', '', '', '', '', '', '', '', '', 23360),
(45641, 'esMX', 'Raw Tiger Steaks', '', '', '', '', '', '', '', '', 23360),
(45639, 'esMX', 'Chilled Meat', '', '', '', '', '', '', '', '', 23360),
(45638, 'esMX', 'Crunchy Spider Legs', '', '', '', '', '', '', '', '', 23360),
(45637, 'esMX', 'Sandworm Meat', '', '', '', '', '', '', '', '', 23360),
(45640, 'esMX', 'Crocolisk Tails', '', '', '', '', '', '', '', '', 23360),
(45642, 'esMX', 'Raw Clefthoof Meat', '', '', '', '', '', '', '', '', 23360),
(45735, 'esMX', 'Lean Shanks', '', '', '', '', '', '', '', '', 23360),
(45733, 'esMX', 'Raw Tiger Steaks', '', '', '', '', '', '', '', '', 23360),
(45731, 'esMX', 'Chilled Meat', '', '', '', '', '', '', '', '', 23360),
(45730, 'esMX', 'Crunchy Spider Legs', '', '', '', '', '', '', '', '', 23360),
(45729, 'esMX', 'Sandworm Meat', '', '', '', '', '', '', '', '', 23360),
(45732, 'esMX', 'Crocolisk Tails', '', '', '', '', '', '', '', '', 23360),
(45734, 'esMX', 'Raw Clefthoof Meat', '', '', '', '', '', '', '', '', 23360),
(45737, 'enUS', 'Ahn\'Qiraj: C\'thun', '', '', '', '', '', '', '', '', 23360),
(45736, 'enUS', 'The Ruins of Ahn\'Qiraj: Ossirian', '', '', '', '', '', '', '', '', 23360),
(45740, 'enUS', 'Silithyst', '', '', '', '', '', '', '', '', 23360),
(45738, 'enUS', 'The Colossus of Ashi', '', '', '', '', '', '', '', '', 23360),
(45741, 'enUS', 'The Colossus of Regal', '', '', '', '', '', '', '', '', 23360),
(45742, 'enUS', 'The Colossus of Zora', '', '', '', '', '', '', '', '', 23360),
(45656, 'enUS', 'Lesser Wind Stones', '', '', '', '', '', '', '', '', 23360),
(45654, 'enUS', 'Ahn\'Qiraj: C\'thun', '', '', '', '', '', '', '', '', 23360),
(45651, 'enUS', 'The Ruins of Ahn\'Qiraj: Ossirian', '', '', '', '', '', '', '', '', 23360),
(45657, 'enUS', 'Silithyst', '', '', '', '', '', '', '', '', 23360),
(45655, 'enUS', 'The Colossus of Ashi', '', '', '', '', '', '', '', '', 23360),
(45674, 'enUS', 'The Colossus of Regal', '', '', '', '', '', '', '', '', 23360),
(45675, 'enUS', 'The Colossus of Zora', '', '', '', '', '', '', '', '', 23360),
(45739, 'esMX', 'Geringe Windsteine', '', '', '', '', '', '', '', '', 23360),
(45737, 'esMX', 'Ahn\'Qiraj: C\'thun', '', '', '', '', '', '', '', '', 23360),
(45736, 'esMX', 'Die Ruinen von Ahn\'Qiraj: Ossirian', '', '', '', '', '', '', '', '', 23360),
(45740, 'esMX', 'Silithyst', '', '', '', '', '', '', '', '', 23360),
(45738, 'esMX', 'Der Koloss von Ashi', '', '', '', '', '', '', '', '', 23360),
(45741, 'esMX', 'Der Koloss von Regal', '', '', '', '', '', '', '', '', 23360),
(45742, 'esMX', 'Der Koloss von Zora', '', '', '', '', '', '', '', '', 23360),
(45656, 'esMX', 'Geringe Windsteine', '', '', '', '', '', '', '', '', 23360),
(45654, 'esMX', 'Ahn\'Qiraj: C\'thun', '', '', '', '', '', '', '', '', 23360),
(45651, 'esMX', 'Die Ruinen von Ahn\'Qiraj: Ossirian', '', '', '', '', '', '', '', '', 23360),
(45657, 'esMX', 'Silithyst', '', '', '', '', '', '', '', '', 23360),
(45655, 'esMX', 'Der Koloss von Ashii', '', '', '', '', '', '', '', '', 23360),
(45674, 'esMX', 'Der Koloss von Regal', '', '', '', '', '', '', '', '', 23360),
(45675, 'esMX', 'Der Koloss von Zora', '', '', '', '', '', '', '', '', 23360),
(45739, 'esES', 'Piedras de viento inferiores', '', '', '', '', '', '', '', '', 23360),
(45737, 'esES', 'Ahn\'Qiraj: C\'thun', '', '', '', '', '', '', '', '', 23360),
(45736, 'esES', 'Las Ruinas de Ahn\'Qiraj: Osirio', '', '', '', '', '', '', '', '', 23360),
(45740, 'esES', 'Silitista', '', '', '', '', '', '', '', '', 23360),
(45738, 'esES', 'El coloso de Ashi', '', '', '', '', '', '', '', '', 23360),
(45741, 'esES', 'El coloso de Regal', '', '', '', '', '', '', '', '', 23360),
(45742, 'esES', 'El coloso de Zora', '', '', '', '', '', '', '', '', 23360),
(45656, 'esES', 'Piedras de viento inferiores', '', '', '', '', '', '', '', '', 23360),
(45654, 'esES', 'Ahn\'Qiraj: C\'thun', '', '', '', '', '', '', '', '', 23360),
(45651, 'esES', 'Las Ruinas de Ahn\'Qiraj: Osirio', '', '', '', '', '', '', '', '', 23360),
(45657, 'esES', 'Silitista', '', '', '', '', '', '', '', '', 23360),
(45655, 'esES', 'El coloso de Ashi', '', '', '', '', '', '', '', '', 23360),
(45674, 'esES', 'El coloso de Regal', '', '', '', '', '', '', '', '', 23360),
(45675, 'esES', 'El coloso de Zora', '', '', '', '', '', '', '', '', 23360),
(45739, 'koKR', '하급 바람의 돌', '', '', '', '', '', '', '', '', 23360),
(45737, 'koKR', '안퀴라즈: 크툰', '', '', '', '', '', '', '', '', 23360),
(45736, 'koKR', '안퀴라즈 폐허: 오시리안', '', '', '', '', '', '', '', '', 23360),
(45740, 'koKR', '실리시스트', '', '', '', '', '', '', '', '', 23360),
(45738, 'koKR', '아쉬 거대괴수', '', '', '', '', '', '', '', '', 23360),
(45741, 'koKR', '레갈 거대괴수', '', '', '', '', '', '', '', '', 23360),
(45742, 'koKR', '조라 거대괴수', '', '', '', '', '', '', '', '', 23360),
(45656, 'koKR', '하급 바람의 돌', '', '', '', '', '', '', '', '', 23360),
(45654, 'koKR', '안퀴라즈: 크툰', '', '', '', '', '', '', '', '', 23360),
(45651, 'koKR', '안퀴라즈 폐허: 오시리안', '', '', '', '', '', '', '', '', 23360),
(45657, 'koKR', '실리시스트', '', '', '', '', '', '', '', '', 23360),
(45655, 'koKR', '아쉬 거대괴수', '', '', '', '', '', '', '', '', 23360),
(45674, 'koKR', '레갈 거대괴수', '', '', '', '', '', '', '', '', 23360),
(45675, 'koKR', '조라 거대괴수', '', '', '', '', '', '', '', '', 23360),
(45739, 'deDE', 'Geringe Windsteine', '', '', '', '', '', '', '', '', 23360),
(45737, 'deDE', 'Ahn\'Qiraj: C\'thun', '', '', '', '', '', '', '', '', 23360),
(45736, 'deDE', 'Die Ruinen von Ahn\'Qiraj: Ossirian', '', '', '', '', '', '', '', '', 23360),
(45740, 'deDE', 'Silithyst', '', '', '', '', '', '', '', '', 23360),
(45738, 'deDE', 'Der Koloss von Ashi', '', '', '', '', '', '', '', '', 23360),
(45741, 'deDE', 'Der Koloss von Regal', '', '', '', '', '', '', '', '', 23360),
(45742, 'deDE', 'Der Koloss von Zora', '', '', '', '', '', '', '', '', 23360),
(45656, 'deDE', 'Geringe Windsteine', '', '', '', '', '', '', '', '', 23360),
(45654, 'deDE', 'Ahn\'Qiraj: C\'thun', '', '', '', '', '', '', '', '', 23360),
(45651, 'deDE', 'Die Ruinen von Ahn\'Qiraj: Ossirian', '', '', '', '', '', '', '', '', 23360),
(45657, 'deDE', 'Silithyst', '', '', '', '', '', '', '', '', 23360),
(45655, 'deDE', 'Der Koloss von Ashi', '', '', '', '', '', '', '', '', 23360),
(45674, 'deDE', 'Der Koloss von Regal', '', '', '', '', '', '', '', '', 23360),
(45675, 'deDE', 'Der Koloss von Zora', '', '', '', '', '', '', '', '', 23360),
(45739, 'zhTW', '次級風石', '', '', '', '', '', '', '', '', 23360),
(45737, 'zhTW', '安其拉：克蘇恩', '', '', '', '', '', '', '', '', 23360),
(45736, 'zhTW', '安其拉廢墟：奧斯里安', '', '', '', '', '', '', '', '', 23360),
(45740, 'zhTW', '希利蘇斯紅塵', '', '', '', '', '', '', '', '', 23360),
(45738, 'zhTW', '亞什巨像', '', '', '', '', '', '', '', '', 23360),
(45741, 'zhTW', '雷戈巨像', '', '', '', '', '', '', '', '', 23360),
(45742, 'zhTW', '佐拉巨像', '', '', '', '', '', '', '', '', 23360),
(45656, 'zhTW', '次級風石', '', '', '', '', '', '', '', '', 23360),
(45654, 'zhTW', '安其拉：克蘇恩', '', '', '', '', '', '', '', '', 23360),
(45651, 'zhTW', '安其拉廢墟：奧斯里安', '', '', '', '', '', '', '', '', 23360),
(45657, 'zhTW', '希利蘇斯紅塵', '', '', '', '', '', '', '', '', 23360),
(45655, 'zhTW', '亞什巨像', '', '', '', '', '', '', '', '', 23360),
(45674, 'zhTW', '雷戈巨像', '', '', '', '', '', '', '', '', 23360),
(45675, 'zhTW', '佐拉巨像', '', '', '', '', '', '', '', '', 23360),
(45739, 'zhCN', '次级风石', '', '', '', '', '', '', '', '', 23360),
(45737, 'zhCN', '安其拉：克苏恩', '', '', '', '', '', '', '', '', 23360),
(45736, 'zhCN', '安其拉废墟：奥斯里安', '', '', '', '', '', '', '', '', 23360),
(45740, 'zhCN', '水晶尘', '', '', '', '', '', '', '', '', 23360),
(45738, 'zhCN', '亚什巨甲虫', '', '', '', '', '', '', '', '', 23360),
(45741, 'zhCN', '雷戈巨甲虫', '', '', '', '', '', '', '', '', 23360),
(45742, 'zhCN', '佐拉巨甲虫', '', '', '', '', '', '', '', '', 23360),
(45656, 'zhCN', '次级风石', '', '', '', '', '', '', '', '', 23360),
(45654, 'zhCN', '安其拉：克苏恩', '', '', '', '', '', '', '', '', 23360),
(45651, 'zhCN', '安其拉废墟：奥斯里安', '', '', '', '', '', '', '', '', 23360),
(45657, 'zhCN', '水晶尘', '', '', '', '', '', '', '', '', 23360),
(45655, 'zhCN', '亚什巨甲虫', '', '', '', '', '', '', '', '', 23360),
(45674, 'zhCN', '雷戈巨甲虫', '', '', '', '', '', '', '', '', 23360),
(45675, 'zhCN', '佐拉巨甲虫', '', '', '', '', '', '', '', '', 23360),
(45739, 'ptBR', 'Pedras Eólicas Menores', '', '', '', '', '', '', '', '', 23360),
(45737, 'ptBR', 'Ahn\'Qiraj: C\'thun', '', '', '', '', '', '', '', '', 23360),
(45736, 'ptBR', 'As Ruínas de Ahn\'Qiraj: Ossirian', '', '', '', '', '', '', '', '', 23360),
(45740, 'ptBR', 'Silitista', '', '', '', '', '', '', '', '', 23360),
(45738, 'ptBR', 'O Colosso de Ashi', '', '', '', '', '', '', '', '', 23360),
(45741, 'ptBR', 'O Colosso de Régia', '', '', '', '', '', '', '', '', 23360),
(45742, 'ptBR', 'O Colosso de Zora', '', '', '', '', '', '', '', '', 23360),
(45656, 'ptBR', 'Pedras Eólicas Menores', '', '', '', '', '', '', '', '', 23360),
(45654, 'ptBR', 'Ahn\'Qiraj: C\'thun', '', '', '', '', '', '', '', '', 23360),
(45651, 'ptBR', 'As Ruínas de Ahn\'Qiraj: Ossirian', '', '', '', '', '', '', '', '', 23360),
(45657, 'ptBR', 'Silitista', '', '', '', '', '', '', '', '', 23360),
(45655, 'ptBR', 'O Colosso de Ashi', '', '', '', '', '', '', '', '', 23360),
(45674, 'ptBR', 'O Colosso de Régia', '', '', '', '', '', '', '', '', 23360),
(45675, 'ptBR', 'O Colosso de Zora', '', '', '', '', '', '', '', '', 23360),
(45739, 'itIT', 'Pietre del Vento Minori', '', '', '', '', '', '', '', '', 23360),
(45737, 'itIT', 'Ahn\'qiraj: C\'thun', '', '', '', '', '', '', '', '', 23360),
(45736, 'itIT', 'Rovine di Ahn\'qiraj: Ossirian', '', '', '', '', '', '', '', '', 23360),
(45740, 'itIT', 'Silitista', '', '', '', '', '', '', '', '', 23360),
(45738, 'itIT', 'Colosso di Ashi', '', '', '', '', '', '', '', '', 23360),
(45741, 'itIT', 'Colosso Regale', '', '', '', '', '', '', '', '', 23360),
(45742, 'itIT', 'Colosso di Zora', '', '', '', '', '', '', '', '', 23360),
(45656, 'itIT', 'Pietre del Vento Minori', '', '', '', '', '', '', '', '', 23360),
(45654, 'itIT', 'Ahn\'qiraj: C\'thun', '', '', '', '', '', '', '', '', 23360),
(45651, 'itIT', 'Rovine di Ahn\'qiraj: Ossirian', '', '', '', '', '', '', '', '', 23360),
(45657, 'itIT', 'Silitista', '', '', '', '', '', '', '', '', 23360),
(45655, 'itIT', 'Colosso di Ashi', '', '', '', '', '', '', '', '', 23360),
(45674, 'itIT', 'Colosso Regale', '', '', '', '', '', '', '', '', 23360),
(45675, 'itIT', 'Colosso di Zora', '', '', '', '', '', '', '', '', 23360),
(45739, 'frFR', 'Pierres des vents inférieures', '', '', '', '', '', '', '', '', 23360),
(45737, 'frFR', 'Ahn\'Qiraj: C\'thun', '', '', '', '', '', '', '', '', 23360),
(45736, 'frFR', 'Les ruines d’Ahn’Qiraj : Ossirian', '', '', '', '', '', '', '', '', 23360),
(45740, 'frFR', 'Silithyste', '', '', '', '', '', '', '', '', 23360),
(45738, 'frFR', 'Le colosse d’Ashi', '', '', '', '', '', '', '', '', 23360),
(45741, 'frFR', 'Le colosse de Regal', '', '', '', '', '', '', '', '', 23360),
(45742, 'frFR', 'Le colosse de Zora', '', '', '', '', '', '', '', '', 23360),
(45656, 'frFR', 'Pierres des vents inférieures', '', '', '', '', '', '', '', '', 23360),
(45654, 'frFR', 'Ahn\'Qiraj: C\'thun', '', '', '', '', '', '', '', '', 23360),
(45651, 'frFR', 'Les ruines d’Ahn’Qiraj : Ossirian', '', '', '', '', '', '', '', '', 23360),
(45657, 'frFR', 'Silithyste', '', '', '', '', '', '', '', '', 23360),
(45655, 'frFR', 'The Colossus of Ashi', '', '', '', '', '', '', '', '', 23360),
(45674, 'frFR', 'The Colossus of Regal', '', '', '', '', '', '', '', '', 23360),
(45675, 'frFR', 'Le colosse de Zora', '', '', '', '', '', '', '', '', 23360);

DELETE FROM quest_request_items WHERE ID IN (45643,45735,45641,45733,45639,45731,45638,45730,45637,45729);
INSERT INTO `quest_request_items` (`ID`, `EmoteOnComplete`, `EmoteOnCompleteDelay`, `CompletionText`, `VerifiedBuild`) VALUES
(45643, 1, 0, 'Нам нужно мясо. Много мяса. Ты с виду вроде $gнеплохой охотник:неплохая охотница; – отправляйся-ка на Расколотые острова за добычей.', 23360),
(45641, 1, 0, 'В Пандарии, к югу отсюда, тигры отъедаются до огромных размеров, охотясь на мелюзгу. Раздобудь-ка мне свежей тигрятины.', 23360),
(45639, 1, 0, 'Звери Нордскола крупные и очень мясистые. Отправляйтся на охоту и добудь мяса, которое пойдет на корм колоссам.', 23360),
(45638, 1, 0, 'Чтобы прокормить колоссов, нужно очень много мяса – любого мяса. А самое доступное и дешевое мясо – это, конечно же, паучатина. В Запределье ее полно.', 23360),
(45637, 1, 0, 'Чтобы расшевелить колоссов, нужна целая гора мяса. К счастью для тебя, Силитус буквально кишит песчаными червями, а колоссов их вкус не смущает.', 23360),
(45735, 1, 0, 'Нам нужно мясо. Много мяса. Ты с виду вроде $gнеплохой охотник:неплохая охотница; – отправляйся-ка на Расколотые острова за добычей.', 23360),
(45733, 1, 0, 'В Пандарии, к югу отсюда, тигры отъедаются до огромных размеров, охотясь на мелюзгу. Раздобудь-ка мне свежей тигрятины.', 23360),
(45731, 1, 0, 'Звери Нордскола крупные и очень мясистые. Отправляйтся на охоту и добудь мяса, которое пойдет на корм колоссам.', 23360),
(45730, 1, 0, 'Чтобы прокормить колоссов, нужно очень много мяса – любого мяса. А самое доступное и дешевое мясо – это, конечно же, паучатина. В Запределье ее полно.', 23360),
(45729, 1, 0, 'Чтобы расшевелить колоссов, нужна целая гора мяса. К счастью для тебя, Силитус буквально кишит песчаными червями, а колоссов их вкус не смущает.', 23360);

DELETE FROM quest_request_items_locale WHERE ID IN (45643,45735,45641,45733,45639,45731,45638,45730,45637,45729);
INSERT INTO `quest_request_items_locale` (`ID`, `Locale`, `CompletionText`, `VerifiedBuild`) VALUES
(45643, 'enUS', 'We need meat, and lots of it. You look pretty tough - maybe you could go slay some beasts in de Broken Isles.', 23360),
(45641, 'enUS', 'Down south, in Pandaria, the tigers grow fat hunting smaller creatures. Bring me some of their meat.', 23360),
(45639, 'enUS', 'De beasts of Northrend are big, heavy, and full of meat. Go find sometin\' we can feed to the colossi.', 23360),
(45638, 'enUS', 'We need meat - any kind of meat - to feed the colossi... and there\'s no cheaper meat than spider meat. You can find plenty of it out in Outland.', 23360),
(45637, 'enUS', 'Convincing the giant colossi of Silithus to wake up requires a whole heap of meat. Lucky for you, Silithus is crawling with sandworms, and the colossi don\'t seem to mind the taste too much!', 23360),
(45735, 'enUS', 'We need meat, and lots of it. You look pretty tough - maybe you could go slay some beasts in the Broken Isles.', 23360),
(45733, 'enUS', 'Down south, in Pandaria, the tigers grow fat hunting smaller creatures. Bring me some of their meat.', 23360),
(45731, 'enUS', 'De beasts of Northrend are big, heavy, and full of meat. Go find sometin\' we can feed to the colossi.', 23360),
(45730, 'enUS', 'We need meat - any kind of meat - to feed the colossi... and there\'s no cheaper meat than spider meat. You can find plenty of it out in Outland.', 23360),
(45729, 'enUS', 'Convincing the giant colossi of Silithus to wake up requires a whole heap of meat. Lucky for you, Silithus is crawling with sandworms, and the colossi don\'t seem to mind the taste too much!', 23360),
(45643, 'ruRU', 'Нам нужно мясо. Много мяса. Ты с виду вроде $gнеплохой охотник:неплохая охотница; – отправляйся-ка на Расколотые острова за добычей.', 23360),
(45641, 'ruRU', 'В Пандарии, к югу отсюда, тигры отъедаются до огромных размеров, охотясь на мелюзгу. Раздобудь-ка мне свежей тигрятины.', 23360),
(45639, 'ruRU', 'Звери Нордскола крупные и очень мясистые. Отправляйтся на охоту и добудь мяса, которое пойдет на корм колоссам.', 23360),
(45638, 'ruRU', 'Чтобы прокормить колоссов, нужно очень много мяса – любого мяса. А самое доступное и дешевое мясо – это, конечно же, паучатина. В Запределье ее полно.', 23360),
(45637, 'ruRU', 'Чтобы расшевелить колоссов, нужна целая гора мяса. К счастью для тебя, Силитус буквально кишит песчаными червями, а колоссов их вкус не смущает.', 23360),
(45735, 'ruRU', 'Нам нужно мясо. Много мяса. Ты с виду вроде $gнеплохой охотник:неплохая охотница; – отправляйся-ка на Расколотые острова за добычей.', 23360),
(45733, 'ruRU', 'В Пандарии, к югу отсюда, тигры отъедаются до огромных размеров, охотясь на мелюзгу. Раздобудь-ка мне свежей тигрятины.', 23360),
(45731, 'ruRU', 'Звери Нордскола крупные и очень мясистые. Отправляйтся на охоту и добудь мяса, которое пойдет на корм колоссам.', 23360),
(45730, 'ruRU', 'Чтобы прокормить колоссов, нужно очень много мяса – любого мяса. А самое доступное и дешевое мясо – это, конечно же, паучатина. В Запределье ее полно.', 23360),
(45729, 'ruRU', 'Чтобы расшевелить колоссов, нужна целая гора мяса. К счастью для тебя, Силитус буквально кишит песчаными червями, а колоссов их вкус не смущает.', 23360),
(45643, 'deDE', 'We need meat, and lots of it. You look pretty tough - maybe you could go slay some beasts in de Broken Isles.', 23360),
(45641, 'deDE', 'Down south, in Pandaria, the tigers grow fat hunting smaller creatures. Bring me some of their meat.', 23360),
(45639, 'deDE', 'De beasts of Northrend are big, heavy, and full of meat. Go find sometin\' we can feed to the colossi.', 23360),
(45638, 'deDE', 'We need meat - any kind of meat - to feed the colossi... and there\'s no cheaper meat than spider meat. You can find plenty of it out in Outland.', 23360),
(45637, 'deDE', 'Convincing the giant colossi of Silithus to wake up requires a whole heap of meat. Lucky for you, Silithus is crawling with sandworms, and the colossi don\'t seem to mind the taste too much!', 23360),
(45735, 'deDE', 'We need meat, and lots of it. You look pretty tough - maybe you could go slay some beasts in the Broken Isles.', 23360),
(45733, 'deDE', 'Down south, in Pandaria, the tigers grow fat hunting smaller creatures. Bring me some of their meat.', 23360),
(45731, 'deDE', 'De beasts of Northrend are big, heavy, and full of meat. Go find sometin\' we can feed to the colossi.', 23360),
(45730, 'deDE', 'We need meat - any kind of meat - to feed the colossi... and there\'s no cheaper meat than spider meat. You can find plenty of it out in Outland.', 23360),
(45729, 'deDE', 'Convincing the giant colossi of Silithus to wake up requires a whole heap of meat. Lucky for you, Silithus is crawling with sandworms, and the colossi don\'t seem to mind the taste too much!', 23360),
(45643, 'zhTW', 'We need meat, and lots of it. You look pretty tough - maybe you could go slay some beasts in de Broken Isles.', 23360),
(45641, 'zhTW', 'Down south, in Pandaria, the tigers grow fat hunting smaller creatures. Bring me some of their meat.', 23360),
(45639, 'zhTW', 'De beasts of Northrend are big, heavy, and full of meat. Go find sometin\' we can feed to the colossi.', 23360),
(45638, 'zhTW', 'We need meat - any kind of meat - to feed the colossi... and there\'s no cheaper meat than spider meat. You can find plenty of it out in Outland.', 23360),
(45637, 'zhTW', 'Convincing the giant colossi of Silithus to wake up requires a whole heap of meat. Lucky for you, Silithus is crawling with sandworms, and the colossi don\'t seem to mind the taste too much!', 23360),
(45735, 'zhTW', 'We need meat, and lots of it. You look pretty tough - maybe you could go slay some beasts in the Broken Isles.', 23360),
(45733, 'zhTW', 'Down south, in Pandaria, the tigers grow fat hunting smaller creatures. Bring me some of their meat.', 23360),
(45731, 'zhTW', 'De beasts of Northrend are big, heavy, and full of meat. Go find sometin\' we can feed to the colossi.', 23360),
(45730, 'zhTW', 'We need meat - any kind of meat - to feed the colossi... and there\'s no cheaper meat than spider meat. You can find plenty of it out in Outland.', 23360),
(45729, 'zhTW', 'Convincing the giant colossi of Silithus to wake up requires a whole heap of meat. Lucky for you, Silithus is crawling with sandworms, and the colossi don\'t seem to mind the taste too much!', 23360),
(45643, 'zhCN', 'We need meat, and lots of it. You look pretty tough - maybe you could go slay some beasts in de Broken Isles.', 23360),
(45641, 'zhCN', 'Down south, in Pandaria, the tigers grow fat hunting smaller creatures. Bring me some of their meat.', 23360),
(45639, 'zhCN', 'De beasts of Northrend are big, heavy, and full of meat. Go find sometin\' we can feed to the colossi.', 23360),
(45638, 'zhCN', 'We need meat - any kind of meat - to feed the colossi... and there\'s no cheaper meat than spider meat. You can find plenty of it out in Outland.', 23360),
(45637, 'zhCN', 'Convincing the giant colossi of Silithus to wake up requires a whole heap of meat. Lucky for you, Silithus is crawling with sandworms, and the colossi don\'t seem to mind the taste too much!', 23360),
(45735, 'zhCN', 'We need meat, and lots of it. You look pretty tough - maybe you could go slay some beasts in the Broken Isles.', 23360),
(45733, 'zhCN', 'Down south, in Pandaria, the tigers grow fat hunting smaller creatures. Bring me some of their meat.', 23360),
(45731, 'zhCN', 'De beasts of Northrend are big, heavy, and full of meat. Go find sometin\' we can feed to the colossi.', 23360),
(45730, 'zhCN', 'We need meat - any kind of meat - to feed the colossi... and there\'s no cheaper meat than spider meat. You can find plenty of it out in Outland.', 23360),
(45729, 'zhCN', 'Convincing the giant colossi of Silithus to wake up requires a whole heap of meat. Lucky for you, Silithus is crawling with sandworms, and the colossi don\'t seem to mind the taste too much!', 23360),
(45643, 'ptBR', 'We need meat, and lots of it. You look pretty tough - maybe you could go slay some beasts in de Broken Isles.', 23360),
(45641, 'ptBR', 'Down south, in Pandaria, the tigers grow fat hunting smaller creatures. Bring me some of their meat.', 23360),
(45639, 'ptBR', 'De beasts of Northrend are big, heavy, and full of meat. Go find sometin\' we can feed to the colossi.', 23360),
(45638, 'ptBR', 'We need meat - any kind of meat - to feed the colossi... and there\'s no cheaper meat than spider meat. You can find plenty of it out in Outland.', 23360),
(45637, 'ptBR', 'Convincing the giant colossi of Silithus to wake up requires a whole heap of meat. Lucky for you, Silithus is crawling with sandworms, and the colossi don\'t seem to mind the taste too much!', 23360),
(45735, 'ptBR', 'We need meat, and lots of it. You look pretty tough - maybe you could go slay some beasts in the Broken Isles.', 23360),
(45733, 'ptBR', 'Down south, in Pandaria, the tigers grow fat hunting smaller creatures. Bring me some of their meat.', 23360),
(45731, 'ptBR', 'De beasts of Northrend are big, heavy, and full of meat. Go find sometin\' we can feed to the colossi.', 23360),
(45730, 'ptBR', 'We need meat - any kind of meat - to feed the colossi... and there\'s no cheaper meat than spider meat. You can find plenty of it out in Outland.', 23360),
(45729, 'ptBR', 'Convincing the giant colossi of Silithus to wake up requires a whole heap of meat. Lucky for you, Silithus is crawling with sandworms, and the colossi don\'t seem to mind the taste too much!', 23360),
(45643, 'itIT', 'We need meat, and lots of it. You look pretty tough - maybe you could go slay some beasts in de Broken Isles.', 23360),
(45641, 'itIT', 'Down south, in Pandaria, the tigers grow fat hunting smaller creatures. Bring me some of their meat.', 23360),
(45639, 'itIT', 'De beasts of Northrend are big, heavy, and full of meat. Go find sometin\' we can feed to the colossi.', 23360),
(45638, 'itIT', 'We need meat - any kind of meat - to feed the colossi... and there\'s no cheaper meat than spider meat. You can find plenty of it out in Outland.', 23360),
(45637, 'itIT', 'Convincing the giant colossi of Silithus to wake up requires a whole heap of meat. Lucky for you, Silithus is crawling with sandworms, and the colossi don\'t seem to mind the taste too much!', 23360),
(45735, 'itIT', 'We need meat, and lots of it. You look pretty tough - maybe you could go slay some beasts in the Broken Isles.', 23360),
(45733, 'itIT', 'Down south, in Pandaria, the tigers grow fat hunting smaller creatures. Bring me some of their meat.', 23360),
(45731, 'itIT', 'De beasts of Northrend are big, heavy, and full of meat. Go find sometin\' we can feed to the colossi.', 23360),
(45730, 'itIT', 'We need meat - any kind of meat - to feed the colossi... and there\'s no cheaper meat than spider meat. You can find plenty of it out in Outland.', 23360),
(45729, 'itIT', 'Convincing the giant colossi of Silithus to wake up requires a whole heap of meat. Lucky for you, Silithus is crawling with sandworms, and the colossi don\'t seem to mind the taste too much!', 23360),
(45643, 'frFR', 'We need meat, and lots of it. You look pretty tough - maybe you could go slay some beasts in de Broken Isles.', 23360),
(45641, 'frFR', 'Down south, in Pandaria, the tigers grow fat hunting smaller creatures. Bring me some of their meat.', 23360),
(45639, 'frFR', 'De beasts of Northrend are big, heavy, and full of meat. Go find sometin\' we can feed to the colossi.', 23360),
(45638, 'frFR', 'We need meat - any kind of meat - to feed the colossi... and there\'s no cheaper meat than spider meat. You can find plenty of it out in Outland.', 23360),
(45637, 'frFR', 'Convincing the giant colossi of Silithus to wake up requires a whole heap of meat. Lucky for you, Silithus is crawling with sandworms, and the colossi don\'t seem to mind the taste too much!', 23360),
(45735, 'frFR', 'We need meat, and lots of it. You look pretty tough - maybe you could go slay some beasts in the Broken Isles.', 23360),
(45733, 'frFR', 'Down south, in Pandaria, the tigers grow fat hunting smaller creatures. Bring me some of their meat.', 23360),
(45731, 'frFR', 'De beasts of Northrend are big, heavy, and full of meat. Go find sometin\' we can feed to the colossi.', 23360),
(45730, 'frFR', 'We need meat - any kind of meat - to feed the colossi... and there\'s no cheaper meat than spider meat. You can find plenty of it out in Outland.', 23360),
(45729, 'frFR', 'Convincing the giant colossi of Silithus to wake up requires a whole heap of meat. Lucky for you, Silithus is crawling with sandworms, and the colossi don\'t seem to mind the taste too much!', 23360),
(45643, 'koKR', 'We need meat, and lots of it. You look pretty tough - maybe you could go slay some beasts in de Broken Isles.', 23360),
(45641, 'koKR', 'Down south, in Pandaria, the tigers grow fat hunting smaller creatures. Bring me some of their meat.', 23360),
(45639, 'koKR', 'De beasts of Northrend are big, heavy, and full of meat. Go find sometin\' we can feed to the colossi.', 23360),
(45638, 'koKR', 'We need meat - any kind of meat - to feed the colossi... and there\'s no cheaper meat than spider meat. You can find plenty of it out in Outland.', 23360),
(45637, 'koKR', 'Convincing the giant colossi of Silithus to wake up requires a whole heap of meat. Lucky for you, Silithus is crawling with sandworms, and the colossi don\'t seem to mind the taste too much!', 23360),
(45735, 'koKR', 'We need meat, and lots of it. You look pretty tough - maybe you could go slay some beasts in the Broken Isles.', 23360),
(45733, 'koKR', 'Down south, in Pandaria, the tigers grow fat hunting smaller creatures. Bring me some of their meat.', 23360),
(45731, 'koKR', 'De beasts of Northrend are big, heavy, and full of meat. Go find sometin\' we can feed to the colossi.', 23360),
(45730, 'koKR', 'We need meat - any kind of meat - to feed the colossi... and there\'s no cheaper meat than spider meat. You can find plenty of it out in Outland.', 23360),
(45729, 'koKR', 'Convincing the giant colossi of Silithus to wake up requires a whole heap of meat. Lucky for you, Silithus is crawling with sandworms, and the colossi don\'t seem to mind the taste too much!', 23360),
(45643, 'esMX', 'We need meat, and lots of it. You look pretty tough - maybe you could go slay some beasts in de Broken Isles.', 23360),
(45641, 'esMX', 'Down south, in Pandaria, the tigers grow fat hunting smaller creatures. Bring me some of their meat.', 23360),
(45639, 'esMX', 'De beasts of Northrend are big, heavy, and full of meat. Go find sometin\' we can feed to the colossi.', 23360),
(45638, 'esMX', 'We need meat - any kind of meat - to feed the colossi... and there\'s no cheaper meat than spider meat. You can find plenty of it out in Outland.', 23360),
(45637, 'esMX', 'Convincing the giant colossi of Silithus to wake up requires a whole heap of meat. Lucky for you, Silithus is crawling with sandworms, and the colossi don\'t seem to mind the taste too much!', 23360),
(45735, 'esMX', 'We need meat, and lots of it. You look pretty tough - maybe you could go slay some beasts in the Broken Isles.', 23360),
(45733, 'esMX', 'Down south, in Pandaria, the tigers grow fat hunting smaller creatures. Bring me some of their meat.', 23360),
(45731, 'esMX', 'De beasts of Northrend are big, heavy, and full of meat. Go find sometin\' we can feed to the colossi.', 23360),
(45730, 'esMX', 'We need meat - any kind of meat - to feed the colossi... and there\'s no cheaper meat than spider meat. You can find plenty of it out in Outland.', 23360),
(45729, 'esMX', 'Convincing the giant colossi of Silithus to wake up requires a whole heap of meat. Lucky for you, Silithus is crawling with sandworms, and the colossi don\'t seem to mind the taste too much!', 23360);

DELETE FROM quest_template_addon WHERE ID IN (45643,45735,45641,45733,45639,45731,45638,45730,45637,45729,45640,45732,45642,45734,45742,45674,45655,45741,45737,45736,45654);
INSERT INTO `quest_template_addon` (`ID`, `MaxLevel`, `AllowableClasses`, `SourceSpellID`, `PrevQuestID`, `NextQuestID`, `ExclusiveGroup`, `RewardMailTemplateID`, `RewardMailDelay`, `RewardMailTitle`, `RequiredSkillID`, `RequiredSkillPoints`, `RequiredMinRepFaction`, `RequiredMaxRepFaction`, `RequiredMinRepValue`, `RequiredMaxRepValue`, `ProvidedItemCount`, `SpecialFlags`) VALUES
('45643', '0', '0', '0', '0', '0', '0', '0', '0', '', '0', '0', '0', '0', '0', '0', '0', '1'),
('45735', '0', '0', '0', '0', '0', '0', '0', '0', '', '0', '0', '0', '0', '0', '0', '0', '1'),
('45641', '0', '0', '0', '0', '0', '0', '0', '0', '', '0', '0', '0', '0', '0', '0', '0', '1'),
('45733', '0', '0', '0', '0', '0', '0', '0', '0', '', '0', '0', '0', '0', '0', '0', '0', '1'),
('45639', '0', '0', '0', '0', '0', '0', '0', '0', '', '0', '0', '0', '0', '0', '0', '0', '1'),
('45731', '0', '0', '0', '0', '0', '0', '0', '0', '', '0', '0', '0', '0', '0', '0', '0', '1'),
('45638', '0', '0', '0', '0', '0', '0', '0', '0', '', '0', '0', '0', '0', '0', '0', '0', '1'),
('45730', '0', '0', '0', '0', '0', '0', '0', '0', '', '0', '0', '0', '0', '0', '0', '0', '1'),
('45637', '0', '0', '0', '0', '0', '0', '0', '0', '', '0', '0', '0', '0', '0', '0', '0', '1'),
('45729', '0', '0', '0', '0', '0', '0', '0', '0', '', '0', '0', '0', '0', '0', '0', '0', '1'),
('45640', '0', '0', '0', '0', '0', '0', '0', '0', '', '0', '0', '0', '0', '0', '0', '0', '1'),
('45732', '0', '0', '0', '0', '0', '0', '0', '0', '', '0', '0', '0', '0', '0', '0', '0', '1'),
('45642', '0', '0', '0', '0', '0', '0', '0', '0', '', '0', '0', '0', '0', '0', '0', '0', '1'),
('45734', '0', '0', '0', '0', '0', '0', '0', '0', '', '0', '0', '0', '0', '0', '0', '0', '1'),
('45742', '0', '0', '0', '0', '0', '0', '0', '0', '', '0', '0', '0', '0', '0', '0', '0', '0'),
('45674', '0', '0', '0', '0', '0', '0', '0', '0', '', '0', '0', '0', '0', '0', '0', '0', '0'),
('45655', '0', '0', '0', '0', '0', '0', '0', '0', '', '0', '0', '0', '0', '0', '0', '0', '0'),
('45741', '0', '0', '0', '0', '0', '0', '0', '0', '', '0', '0', '0', '0', '0', '0', '0', '0'),
('45737', '0', '0', '0', '0', '0', '0', '0', '0', '', '0', '0', '0', '0', '0', '0', '0', '0'),
('45736', '0', '0', '0', '0', '0', '0', '0', '0', '', '0', '0', '0', '0', '0', '0', '0', '0'),
('45654', '0', '0', '0', '0', '0', '0', '0', '0', '', '0', '0', '0', '0', '0', '0', '0', '0');

UPDATE `quest_template` SET `RewardCurrencyID1`='1325', `RewardCurrencyQty1`='200' WHERE (`ID`='45755');
UPDATE `quest_template` SET `RewardCurrencyID1`='1324', `RewardCurrencyQty1`='200' WHERE (`ID`='45747');
UPDATE `quest_template` SET `RewardCurrencyID1`='1325', `RewardCurrencyQty1`='200' WHERE (`ID`='45757');
UPDATE `quest_template` SET `RewardCurrencyID1`='1324', `RewardCurrencyQty1`='200' WHERE (`ID`='45749');
UPDATE `quest_template` SET `RewardCurrencyID1`='1325', `RewardCurrencyQty1`='200' WHERE (`ID`='45758');
UPDATE `quest_template` SET `RewardCurrencyID1`='1324', `RewardCurrencyQty1`='200' WHERE (`ID`='45750');
UPDATE `quest_template` SET `RewardCurrencyID1`='1325', `RewardCurrencyQty1`='200' WHERE (`ID`='45756');
UPDATE `quest_template` SET `RewardCurrencyID1`='1324', `RewardCurrencyQty1`='200' WHERE (`ID`='45748');
UPDATE `quest_template` SET `RewardCurrencyID1`='1324', `RewardCurrencyQty1`='500' WHERE (`ID`='45751');
UPDATE `quest_template` SET `RewardCurrencyID1`='1324', `RewardCurrencyQty1`='500' WHERE (`ID`='45753');
UPDATE `quest_template` SET `RewardCurrencyID1`='1324', `RewardCurrencyQty1`='500' WHERE (`ID`='45752');
UPDATE `quest_template` SET `RewardCurrencyID1`='1324', `RewardCurrencyQty1`='500' WHERE (`ID`='45754');
UPDATE `quest_template` SET `RewardCurrencyID1`='1325', `RewardCurrencyQty1`='500' WHERE (`ID`='45759');
UPDATE `quest_template` SET `RewardCurrencyID1`='1325', `RewardCurrencyQty1`='500' WHERE (`ID`='45761');
UPDATE `quest_template` SET `RewardCurrencyID1`='1325', `RewardCurrencyQty1`='500' WHERE (`ID`='45760');
UPDATE `quest_template` SET `RewardCurrencyID1`='1325', `RewardCurrencyQty1`='500' WHERE (`ID`='45762');
UPDATE `quest_template` SET `QuestMaxScalingLevel`='110' WHERE (`ID`='45737');
UPDATE `quest_template` SET `AllowableRaces`='234881970' WHERE (`ID`='45655');

 -- [Hotfixes]
DELETE FROM  hotfix_data WHERE Id IN (30000,30001,30002,30003,30004,30005,30006,30007,30008,30009,30010,30011,30012,30013);
INSERT INTO `hotfix_data` (`Id`, `TableHash`, `RecordID`, `Timestamp`, `Deleted`) VALUES
('30000', '157446066', '30000', '0', '0'),
('30001', '157446066', '30001', '0', '0'),
('30002', '157446066', '30002', '0', '0'),
('30003', '157446066', '30003', '0', '0'),
('30004', '157446066', '30004', '0', '0'),
('30005', '157446066', '30005', '0', '0'),
('30006', '157446066', '30006', '0', '0'),
('30007', '157446066', '30007', '0', '0'),
('30008', '157446066', '30008', '0', '0'),
('30009', '157446066', '30009', '0', '0'),
('30010', '157446066', '30010', '0', '0'),
('30011', '157446066', '30011', '0', '0'),
('30012', '157446066', '30012', '0', '0'),
('30013', '157446066', '30013', '0', '0');

DELETE FROM area_group_member WHERE ID IN (30000,30001,30002,30003,30004,30005,30006,30007,30008,30009,30010,30011,30012,30013);
INSERT INTO `area_group_member` (`ID`, `AreaID`, `AreaGroupID`, `VerifiedBuild`) VALUES
('30000', '3453', '5087', '1'),
('30001', '3452', '5087', '1'),
('30002', '3451', '5087', '1'),
('30003', '3449', '5087', '1'),
('30004', '3450', '5087', '1'),
('30005', '2744', '44', '1'),
('30006', '2743', '44', '1'),
('30007', '2739', '44', '1'),
('30008', '3099', '44', '1'),
('30009', '3098', '44', '1'),
('30010', '2741', '44', '1'),
('30011', '2744', '44', '1'),
('30012', '2742', '44', '1'),
('30013', '2743', '44', '1');