DELETE FROM gameobject WHERE id IN (267574,267596,267437,267481,267480,267535,267539,267487,267540,267287,267291,267290,267286,267474,267473,267289,267288,267285) AND zoneId = 400;
INSERT INTO `gameobject` (`id`, `map`, `zoneId`, `areaId`, `spawnMask`, `phaseMask`, `PhaseId`, `position_x`, `position_y`, `position_z`, `orientation`, `rotation0`, `rotation1`, `rotation2`, `rotation3`, `spawntimesecs`, `animprogress`, `AiID`, `state`, `isActive`, `personal_size`) VALUES
('267574', '1', '400', '5046', '1', '1', '', '-5747.47', '-3777.33', '0', '0', '0', '0', '0', '1', '60', '255', '0', '1', '0', '0'),
('267596', '1', '400', '5046', '1', '1', '', '-5756.77', '-3753.18', '0', '0', '0', '0', '0', '1', '60', '255', '0', '1', '0', '0'),
('267596', '1', '400', '5025', '1', '1', '', '-5742.83', '-3731.5', '0', '0', '0', '0', '0', '1', '60', '255', '0', '1', '0', '0'),
('267596', '1', '400', '5025', '1', '1', '', '-5732.66', '-3760.24', '0', '0', '0', '0', '0', '1', '60', '255', '0', '1', '0', '0'),
('267596', '1', '400', '5025', '1', '1', '', '-5900.93', '-3665.93', '0', '0', '0', '0', '0', '1', '60', '255', '0', '1', '0', '0'),
('267574', '1', '400', '5046', '1', '1', '', '-5917.02', '-3691.29', '0', '0', '0', '0', '0', '1', '60', '255', '0', '1', '0', '0'),
('267574', '1', '400', '5025', '1', '1', '', '-5919.54', '-3658.65', '0', '0', '0', '0', '0', '1', '60', '255', '0', '1', '0', '0'),
('267574', '1', '400', '5046', '1', '1', '', '-5937.88', '-3672.33', '0', '0', '0', '0', '0', '1', '60', '255', '0', '1', '0', '0'),
('267574', '1', '400', '5025', '1', '1', '', '-6067.12', '-3593.74', '0', '0', '0', '0', '0', '1', '60', '255', '0', '1', '0', '0'),
('267596', '1', '400', '5025', '1', '1', '', '-6067.19', '-3612.66', '0', '0', '0', '0', '0', '1', '60', '255', '0', '1', '0', '0'),
('267574', '1', '400', '5025', '1', '1', '', '-6094.48', '-3615.17', '0', '0', '0', '0', '0', '1', '60', '255', '0', '1', '0', '0'),
('267574', '1', '400', '5025', '1', '1', '', '-6083.75', '-3589.29', '0', '0', '0', '0', '0', '1', '60', '255', '0', '1', '0', '0'),
('267574', '1', '400', '5025', '1', '1', '', '-6225.75', '-3636.03', '0', '0', '0', '0', '0', '1', '60', '255', '0', '1', '0', '0'),
('267596', '1', '400', '5025', '1', '1', '', '-6255.64', '-3637.25', '0', '0', '0', '0', '0', '1', '60', '255', '0', '1', '0', '0'),
('267574', '1', '400', '5025', '1', '1', '', '-6248.04', '-3649.18', '0', '0', '0', '0', '0', '1', '60', '255', '0', '1', '0', '0'),
('267574', '1', '400', '5025', '1', '1', '', '-6243.73', '-3626.33', '0', '0', '0', '0', '0', '1', '60', '255', '0', '1', '0', '0'),
('267596', '1', '400', '5025', '1', '1', '', '-6374.98', '-3728.31', '0', '0', '0', '0', '0', '1', '60', '255', '0', '1', '0', '0'),
('267596', '1', '400', '5025', '1', '1', '', '-6360.06', '-3739.46', '0', '0', '0', '0', '0', '1', '60', '255', '0', '1', '0', '0'),
('267596', '1', '400', '5025', '1', '1', '', '-6389.39', '-3743.65', '0', '0', '0', '0', '0', '1', '60', '255', '0', '1', '0', '0'),
('267574', '1', '400', '5025', '1', '1', '', '-6369.13', '-3755.99', '0', '0', '0', '0', '0', '1', '60', '255', '0', '1', '0', '0'),
('267574', '1', '400', '5025', '1', '1', '', '-6417.79', '-3896.25', '0', '0', '0', '0', '0', '1', '60', '255', '0', '1', '0', '0'),
('267574', '1', '400', '5025', '1', '1', '', '-6434.39', '-3895.73', '0', '0', '0', '0', '0', '1', '60', '255', '0', '1', '0', '0'),
('267574', '1', '400', '5025', '1', '1', '', '-6426.31', '-3917.78', '0', '0', '0', '0', '0', '1', '60', '255', '0', '1', '0', '0'),
('267574', '1', '400', '5025', '1', '1', '', '-6438.58', '-3915.94', '0', '0', '0', '0', '0', '1', '60', '255', '0', '1', '0', '0'),
('267596', '1', '400', '5025', '1', '1', '', '-6344.69', '-4038.7', '0', '0', '0', '0', '0', '1', '60', '255', '0', '1', '0', '0'),
('267596', '1', '400', '5048', '1', '1', '', '-6331.52', '-4013.44', '3.45193', '0', '0', '0', '0', '1', '60', '255', '0', '1', '0', '0'),
('267596', '1', '400', '5025', '1', '1', '', '-6234.44', '-4112.11', '0', '0', '0', '0', '0', '1', '60', '255', '0', '1', '0', '0'),
('267596', '1', '400', '5025', '1', '1', '', '-6218.87', '-4120.53', '3.45193', '0', '0', '0', '0', '1', '60', '255', '0', '1', '0', '0'),
('267596', '1', '400', '5025', '1', '1', '', '-6210.64', '-4112.88', '0', '0', '0', '0', '0', '1', '60', '255', '0', '1', '0', '0'),
('267596', '1', '400', '5048', '1', '1', '', '-6209.74', '-4097.62', '0', '0', '0', '0', '0', '1', '60', '255', '0', '1', '0', '0'),
('267574', '1', '400', '5046', '1', '1', '', '-5934.61', '-4008.84', '0', '0', '0', '0', '0', '1', '60', '255', '0', '1', '0', '0'),
('267574', '1', '400', '5046', '1', '1', '', '-5770.63', '-3973.86', '0', '0', '0', '0', '0', '1', '60', '255', '0', '1', '0', '0'),
('267574', '1', '400', '5046', '1', '1', '', '-5785.82', '-3969.4', '0', '0', '0', '0', '0', '1', '60', '255', '0', '1', '0', '0'),
('267596', '1', '400', '5046', '1', '1', '', '-5803.84', '-3980.6', '0', '0', '0', '0', '0', '1', '60', '255', '0', '1', '0', '0'),
('267574', '1', '400', '5046', '1', '1', '', '-5773.87', '-3986.29', '0', '0', '0', '0', '0', '1', '60', '255', '0', '1', '0', '0'),
('267596', '1', '400', '5025', '1', '1', '', '-5732.66', '-3760.24', '0', '0', '0', '0', '0', '1', '60', '255', '0', '1', '0', '0'),
('267596', '1', '400', '5046', '1', '1', '', '-5756.77', '-3753.18', '0', '0', '0', '0', '0', '1', '60', '255', '0', '1', '0', '0'),
('267596', '1', '400', '5046', '1', '1', '', '-5747.47', '-3777.33', '0', '0', '0', '0', '0', '1', '60', '255', '0', '1', '0', '0'),
('267596', '1', '400', '5025', '1', '1', '', '-5742.83', '-3731.5', '0', '0', '0', '0', '0', '1', '60', '255', '0', '1', '0', '0'),
('267596', '1', '400', '5025', '1', '1', '', '-6083.75', '-3589.29', '0', '0', '0', '0', '0', '1', '60', '255', '0', '1', '0', '0'),
('267574', '1', '400', '5025', '1', '1', '', '-6067.12', '-3593.74', '0', '0', '0', '0', '0', '1', '60', '255', '0', '1', '0', '0'),
('267574', '1', '400', '5025', '1', '1', '', '-6067.19', '-3612.66', '0', '0', '0', '0', '0', '1', '60', '255', '0', '1', '0', '0'),
('267596', '1', '400', '5025', '1', '1', '', '-6094.48', '-3615.17', '0', '0', '0', '0', '0', '1', '60', '255', '0', '1', '0', '0'),
('267437', '1', '400', '5046', '1', '1', '', '-5653.26', '-4261.99', '0', '0', '0', '0', '0', '1', '60', '255', '0', '1', '0', '0'),
('267437', '1', '400', '5046', '1', '1', '', '-5639.6', '-4242.95', '0', '0', '0', '0', '0', '1', '60', '255', '0', '1', '0', '0'),
('267437', '1', '400', '5046', '1', '1', '', '-5670.35', '-4257.03', '0', '0', '0', '0', '0', '1', '60', '255', '0', '1', '0', '0'),
('267437', '1', '400', '5025', '1', '1', '', '-5582.46', '-4180.37', '0', '0', '0', '0', '0', '1', '60', '255', '0', '1', '0', '0'),
('267437', '1', '400', '5046', '1', '1', '', '-5654.31', '-4165.42', '0', '0', '0', '0', '0', '1', '60', '255', '0', '1', '0', '0'),
('267437', '1', '400', '5046', '1', '1', '', '-5609.63', '-4206.14', '0', '0', '0', '0', '0', '1', '60', '255', '0', '1', '0', '0'),
('267437', '1', '400', '5046', '1', '1', '', '-5686.02', '-4196.56', '0', '0', '0', '0', '0', '1', '60', '255', '0', '1', '0', '0'),
('267437', '1', '400', '5025', '1', '1', '', '-5564.14', '-4147.66', '0', '0', '0', '0', '0', '1', '60', '255', '0', '1', '0', '0'),
('267437', '1', '400', '5046', '1', '1', '', '-5685.69', '-4229.62', '0', '0', '0', '0', '0', '1', '60', '255', '0', '1', '0', '0'),
('267437', '1', '400', '5046', '1', '1', '', '-5654.31', '-4165.42', '0', '0', '0', '0', '0', '1', '60', '255', '0', '1', '0', '0'),
('267437', '1', '400', '5046', '1', '1', '', '-5601.99', '-4111.87', '0', '0', '0', '0', '0', '1', '60', '255', '0', '1', '0', '0'),
('267437', '1', '400', '5046', '1', '1', '', '-5623.74', '-4139.87', '0', '0', '0', '0', '0', '1', '60', '255', '0', '1', '0', '0'),
('267437', '1', '400', '5046', '1', '1', '', '-5668.59', '-4120.81', '0', '0', '0', '0', '0', '1', '60', '255', '0', '1', '0', '0'),
('267437', '1', '400', '5025', '1', '1', '', '-5581.74', '-4166.49', '0', '0', '0', '0', '0', '1', '60', '255', '0', '1', '0', '0'),
('267437', '1', '400', '5046', '1', '1', '', '-5686.65', '-4110.22', '0', '0', '0', '0', '0', '1', '60', '255', '0', '1', '0', '0'),
('267437', '1', '400', '5046', '1', '1', '', '-5639.6', '-4242.95', '0', '0', '0', '0', '0', '1', '60', '255', '0', '1', '0', '0'),
('267437', '1', '400', '5025', '1', '1', '', '-5562.21', '-4162.68', '0', '0', '0', '0', '0', '1', '60', '255', '0', '1', '0', '0'),
('267437', '1', '400', '5046', '1', '1', '', '-5629.64', '-4116.77', '0', '0', '0', '0', '0', '1', '60', '255', '0', '1', '0', '0'),
('267437', '1', '400', '5046', '1', '1', '', '-5609.63', '-4206.14', '0', '0', '0', '0', '0', '1', '60', '255', '0', '1', '0', '0'),
('267437', '1', '400', '5046', '1', '1', '', '-5705.58', '-4145.74', '0', '0', '0', '0', '0', '1', '60', '255', '0', '1', '0', '0'),
('267437', '1', '400', '5046', '1', '1', '', '-5621.07', '-4220.46', '0', '0', '0', '0', '0', '1', '60', '255', '0', '1', '0', '0'),
('267437', '1', '400', '5046', '1', '1', '', '-5609.4', '-4185.39', '0', '0', '0', '0', '0', '1', '60', '255', '0', '1', '0', '0'),
('267437', '1', '400', '5046', '1', '1', '', '-5635.62', '-4149.8', '0', '0', '0', '0', '0', '1', '60', '255', '0', '1', '0', '0'),
('267437', '1', '400', '5046', '1', '1', '', '-5685.69', '-4229.62', '0', '0', '0', '0', '0', '1', '60', '255', '0', '1', '0', '0'),
('267437', '1', '400', '5046', '1', '1', '', '-5705.58', '-4145.74', '0', '0', '0', '0', '0', '1', '60', '255', '0', '1', '0', '0'),
('267437', '1', '400', '5025', '1', '1', '', '-5577.78', '-4119', '0', '0', '0', '0', '0', '1', '60', '255', '0', '1', '0', '0'),
('267437', '1', '400', '5046', '1', '1', '', '-5606.21', '-4131.94', '0', '0', '0', '0', '0', '1', '60', '255', '0', '1', '0', '0'),
('267437', '1', '400', '5046', '1', '1', '', '-5686.65', '-4110.22', '0', '0', '0', '0', '0', '1', '60', '255', '0', '1', '0', '0'),
('267437', '1', '400', '5046', '1', '1', '', '-5636.23', '-4182.88', '0', '0', '0', '0', '0', '1', '60', '255', '0', '1', '0', '0'),
('267437', '1', '400', '5046', '1', '1', '', '-5630.14', '-4203.37', '0', '0', '0', '0', '0', '1', '60', '255', '0', '1', '0', '0'),
('267437', '1', '400', '5046', '1', '1', '', '-5653.01', '-4132.64', '0', '0', '0', '0', '0', '1', '60', '255', '0', '1', '0', '0'),
('267437', '1', '400', '5046', '1', '1', '', '-5682.81', '-4131.38', '0', '0', '0', '0', '0', '1', '60', '255', '0', '1', '0', '0'),
('267437', '1', '400', '5046', '1', '1', '', '-5653.88', '-4205.97', '0', '0', '0', '0', '0', '1', '60', '255', '0', '1', '0', '0'),
('267437', '1', '400', '5046', '1', '1', '', '-5703.1', '-4217.33', '0', '0', '0', '0', '0', '1', '60', '255', '0', '1', '0', '0'),
('267437', '1', '400', '5046', '1', '1', '', '-5687.42', '-4258.44', '0', '0', '0', '0', '0', '1', '60', '255', '0', '1', '0', '0'),
('267481', '1', '400', '5028', '1', '1', '', '-5975', '-4369.45', '6.40732', '0.665775', '0', '0', '0', '1', '60', '255', '0', '0', '0', '0'),
('267480', '1', '400', '5046', '1', '1', '', '-5961.66', '-4319.18', '6.18329', '0', '0', '0', '0', '1', '60', '255', '0', '1', '0', '0'),
('267480', '1', '400', '5046', '1', '1', '', '-5956.84', '-4322.26', '11.4828', '2.01191', '0', '0', '0', '1', '60', '255', '0', '1', '0', '0'),
('267480', '1', '400', '5046', '1', '1', '', '-5956.44', '-4310.73', '7.40586', '0', '0', '0', '0', '1', '60', '255', '0', '1', '0', '0'),
('267480', '1', '400', '5046', '1', '1', '', '-5958.13', '-4323.06', '11.234', '2.01191', '0', '0', '0', '1', '60', '255', '0', '1', '0', '0'),
('267480', '1', '400', '5046', '1', '1', '', '-5961.5', '-4320.69', '6.18329', '0', '0', '0', '0', '1', '60', '255', '0', '1', '0', '0'),
('267480', '1', '400', '5046', '1', '1', '', '-5957.78', '-4322.8', '11.234', '0.274747', '0', '0', '0', '1', '60', '255', '0', '1', '0', '0'),
('267480', '1', '400', '5046', '1', '1', '', '-5961.57', '-4319.62', '6.18329', '4.54602', '0', '0', '0', '1', '60', '255', '0', '1', '0', '0'),
('267480', '1', '400', '5046', '1', '1', '', '-5963.53', '-4301.89', '7.60744', '3.9617', '0', '0', '0', '1', '60', '255', '0', '1', '0', '0'),
('267480', '1', '400', '5028', '1', '1', '', '-5982.51', '-4312.72', '11.6043', '4.9459', '0', '0', '0', '1', '60', '255', '0', '1', '0', '0'),
('267480', '1', '400', '5028', '1', '1', '', '-5984.03', '-4298.59', '13.3216', '0', '0', '0', '0', '1', '60', '255', '0', '1', '0', '0'),
('267480', '1', '400', '5028', '1', '1', '', '-5982.43', '-4313.24', '11.6043', '0', '0', '0', '0', '1', '60', '255', '0', '1', '0', '0'),
('267480', '1', '400', '5028', '1', '1', '', '-5987.2', '-4303.01', '13.099', '0', '0', '0', '0', '1', '60', '255', '0', '1', '0', '0'),
('267480', '1', '400', '5028', '1', '1', '', '-5987.28', '-4302.5', '13.2043', '4.9459', '0', '0', '0', '1', '60', '255', '0', '1', '0', '0'),
('267480', '1', '400', '5028', '1', '1', '', '-5973.62', '-4305.51', '11.391', '0', '0', '0', '0', '1', '60', '255', '0', '1', '0', '0'),
('267480', '1', '400', '5028', '1', '1', '', '-6043.42', '-4286.28', '13.4613', '1.55588', '0', '0', '0', '1', '60', '255', '0', '0', '0', '0'),
('267480', '1', '400', '5028', '1', '1', '', '-6029.88', '-4311.62', '11.4852', '3.30026', '0', '0', '0', '1', '60', '255', '0', '0', '0', '0'),
('267480', '1', '400', '5028', '1', '1', '', '-6035.9', '-4311.46', '6.22481', '0.126301', '0', '0', '0', '1', '60', '255', '0', '0', '0', '0'),
('267480', '1', '400', '5028', '1', '1', '', '-6035.18', '-4312.21', '6.22481', '1.8747', '0', '0', '0', '1', '60', '255', '0', '0', '0', '0'),
('267480', '1', '400', '5028', '1', '1', '', '-6029.87', '-4311.01', '11.4852', '4.09831', '0', '0', '0', '1', '60', '255', '0', '1', '0', '0'),
('267480', '1', '400', '5028', '1', '1', '', '-6034.69', '-4311.98', '6.22481', '1.68219', '0', '0', '0', '1', '60', '255', '0', '0', '0', '0'),
('267480', '1', '400', '5028', '1', '1', '', '-6030.41', '-4312.43', '11.4852', '1.55185', '0', '0', '0', '1', '60', '255', '0', '0', '0', '0'),
('267480', '1', '400', '5028', '1', '1', '', '-6044.55', '-4285.6', '13.5837', '0', '0', '0', '0', '1', '60', '255', '0', '0', '0', '0'),
('267480', '1', '400', '5028', '1', '1', '', '-6035', '-4308.78', '6.22481', '0.318815', '0', '0', '0', '1', '60', '255', '0', '0', '0', '0'),
('267480', '1', '400', '5028', '1', '1', '', '-6048.56', '-4282.92', '13.9268', '0', '0', '0', '0', '1', '60', '255', '0', '0', '0', '0'),
('267535', '1', '400', '5591', '1', '1', '', '-6551.52', '-3510.93', '-3.8432', '4.63916', '0', '0', '0', '1', '60', '255', '0', '1', '0', '0'),
('267539', '1', '400', '5591', '1', '1', '', '-6558.51', '-3523.11', '-3.11685', '3.27934', '0', '0', '0', '1', '60', '255', '0', '1', '0', '0'),
('267535', '1', '400', '5591', '1', '1', '', '-6549.04', '-3533.03', '-4.08547', '2.05458', '0', '0', '0', '1', '60', '255', '0', '1', '0', '0'),
('267539', '1', '400', '5591', '1', '1', '', '-6595.47', '-3592.03', '0', '2.09602', '0', '0', '0', '1', '60', '255', '0', '1', '0', '0'),
('267535', '1', '400', '5591', '1', '1', '', '-6583.73', '-3590.7', '-4.08547', '3.44866', '0', '0', '0', '1', '60', '255', '0', '1', '0', '0'),
('267535', '1', '400', '5025', '1', '1', '', '-6603.27', '-3601.67', '-4.08547', '0.765852', '0', '0', '0', '1', '60', '255', '0', '1', '0', '0'),
('267535', '1', '400', '5025', '1', '1', '', '-6628.7', '-3698.46', '-4.84017', '1.83037', '0', '0', '0', '1', '60', '255', '0', '1', '0', '0'),
('267535', '1', '400', '5025', '1', '1', '', '-6634.27', '-3678.07', '-4.84017', '5.08339', '0', '0', '0', '1', '60', '255', '0', '1', '0', '0'),
('267535', '1', '400', '5025', '1', '1', '', '-6619.08', '-3722.96', '-4.84017', '4.84504', '0', '0', '0', '1', '60', '255', '0', '1', '0', '0'),
('267487', '1', '400', '5025', '1', '1', '', '-6405.39', '-4194.22', '5.34621', '3.31061', '0', '0', '0', '1', '60', '255', '0', '1', '0', '0'),
('267535', '1', '400', '5025', '1', '1', '', '-6615.63', '-3743.89', '-4.84017', '1.60033', '0', '0', '0', '1', '60', '255', '0', '1', '0', '0'),
('267487', '1', '400', '5025', '1', '1', '', '-6517.16', '-4048.6', '5.18719', '3.31061', '0', '0', '0', '1', '60', '255', '0', '1', '0', '0'),
('267487', '1', '400', '5025', '1', '1', '', '-6513.19', '-4100.38', '5.19049', '3.31061', '0', '0', '0', '1', '60', '255', '0', '1', '0', '0'),
('267487', '1', '400', '5025', '1', '1', '', '-6446.55', '-4159.83', '5.22032', '3.31061', '0', '0', '0', '1', '60', '255', '0', '1', '0', '0'),
('267596', '1', '400', '5048', '1', '1', '', '-6331.52', '-4013.44', '3.45193', '0', '0', '0', '0', '1', '60', '255', '0', '1', '0', '0'),
('267574', '1', '400', '5025', '1', '1', '', '-6344.69', '-4038.7', '0', '0', '0', '0', '0', '1', '60', '255', '0', '1', '0', '0'),
('267574', '1', '400', '5025', '1', '1', '', '-6352.39', '-4023.03', '0', '0', '0', '0', '0', '1', '60', '255', '0', '1', '0', '0'),
('267596', '1', '400', '5048', '1', '1', '', '-6327.96', '-4027.22', '0', '0', '0', '0', '0', '1', '60', '255', '0', '1', '0', '0'),
('267535', '1', '400', '5025', '1', '1', '', '-6500.89', '-4109', '-4.55388', '1.83212', '0', '0', '0', '1', '60', '255', '0', '1', '0', '0'),
('267535', '1', '400', '5025', '1', '1', '', '-6502.6', '-4090.17', '-4.55388', '4.6142', '0', '0', '0', '1', '60', '255', '0', '1', '0', '0'),
('267535', '1', '400', '5025', '1', '1', '', '-6503.05', '-4043.67', '-4.55388', '4.26107', '0', '0', '0', '1', '60', '255', '0', '1', '0', '0'),
('267535', '1', '400', '5025', '1', '1', '', '-6508.83', '-4061.66', '-4.55388', '1.49767', '0', '0', '0', '1', '60', '255', '0', '1', '0', '0'),
('267535', '1', '400', '5025', '1', '1', '', '-6448.33', '-4144.9', '-4.55388', '5.59233', '0', '0', '0', '1', '60', '255', '0', '1', '0', '0'),
('267535', '1', '400', '5025', '1', '1', '', '-6432.25', '-4154.73', '-4.55388', '2.77986', '0', '0', '0', '1', '60', '255', '0', '1', '0', '0'),
('267535', '1', '400', '5025', '1', '1', '', '-6407.65', '-4179.1', '-4.55388', '5.69733', '0', '0', '0', '1', '60', '255', '0', '1', '0', '0'),
('267535', '1', '400', '5025', '1', '1', '', '-6391.1', '-4188.66', '-4.55388', '2.79311', '0', '0', '0', '1', '60', '255', '0', '1', '0', '0'),
('267535', '1', '400', '5028', '1', '1', '', '-5978.66', '-4379.8', '-3.99023', '0.625037', '0', '0', '0', '1', '60', '255', '0', '1', '0', '0'),
('267535', '1', '400', '5046', '1', '1', '', '-5958.37', '-4368.9', '-3.99023', '3.47308', '0', '0', '0', '1', '60', '255', '0', '1', '0', '0'),
('267540', '1', '400', '5028', '1', '1', '', '-5969.67', '-4370.96', '0', '1.95323', '0', '0', '0', '1', '60', '255', '0', '1', '0', '0'),
('267437', '1', '400', '5046', '1', '1', '', '-5658.71', '-4086.28', '0', '0', '0', '0', '0', '1', '60', '255', '0', '1', '0', '0'),
('267535', '1', '400', '5028', '1', '1', '', '-5973.81', '-4322.9', '-3.99023', '1.03415', '0', '0', '0', '1', '60', '255', '0', '1', '0', '0'),
('267540', '1', '400', '5028', '1', '1', '', '-5969.49', '-4311.37', '0', '2.45445', '0', '0', '0', '1', '60', '255', '0', '1', '0', '0'),
('267535', '1', '400', '5046', '1', '1', '', '-5960.6', '-4303.96', '-3.99023', '4.02788', '0', '0', '0', '1', '60', '255', '0', '1', '0', '0'),
('267535', '1', '400', '5025', '1', '1', '', '-5559.33', '-3997.26', '-5.91091', '3.92686', '0', '0', '0', '1', '60', '255', '0', '1', '0', '0'),
('267535', '1', '400', '5046', '1', '1', '', '-5634.92', '-4075.95', '-5.91091', '0.837213', '0', '0', '0', '1', '60', '255', '0', '1', '0', '0'),
('267535', '1', '400', '5028', '1', '1', '', '-6047.21', '-4312.42', '-3.99023', '1.093', '0', '0', '0', '1', '60', '255', '0', '1', '0', '0'),
('267540', '1', '400', '5028', '1', '1', '', '-6042.48', '-4300.9', '0', '2.42007', '0', '0', '0', '1', '60', '255', '0', '1', '0', '0'),
('267535', '1', '400', '5028', '1', '1', '', '-6032.5', '-4294.75', '-3.99023', '3.75298', '0', '0', '0', '1', '60', '255', '0', '1', '0', '0'),
('267535', '1', '400', '5025', '1', '1', '', '-5816.09', '-3488.46', '-1.73608', '4.51284', '0', '0', '0', '1', '60', '255', '0', '1', '0', '0'),
('267535', '1', '400', '5025', '1', '1', '', '-5823.83', '-3513.92', '-1.73608', '1.37342', '0', '0', '0', '1', '60', '255', '0', '1', '0', '0'),
('267287', '1', '400', '5025', '1', '1', '', '-6449.09', '-4165.54', '0', '4.17508', '0', '0', '0', '1', '60', '255', '0', '1', '0', '0'),
('267535', '1', '400', '5025', '1', '1', '', '-5621.42', '-3521.37', '-2.03503', '4.71275', '0', '0', '0', '1', '60', '255', '0', '1', '0', '0'),
('267291', '1', '400', '5025', '1', '1', '', '-6626.79', '-3687.13', '0', '3.40228', '0', '0', '0', '1', '60', '255', '0', '1', '0', '0'),
('267290', '1', '400', '5028', '1', '1', '', '-6042.48', '-4300.9', '0', '2.42007', '0', '0', '0', '1', '60', '255', '0', '1', '0', '0'),
('267287', '1', '400', '5025', '1', '1', '', '-6408.21', '-4199.78', '0', '4.17508', '0', '0', '0', '1', '60', '255', '0', '1', '0', '0'),
('267286', '1', '400', '5025', '1', '1', '', '-5572.61', '-4010.95', '0', '5.50617', '0', '0', '0', '1', '60', '255', '0', '1', '0', '0'),
('267474', '1', '400', '5025', '1', '1', '', '-5823.06', '-3500.23', '0', '2.86859', '0', '0', '0', '1', '60', '255', '0', '1', '0', '0'),
('267473', '1', '400', '5025', '1', '1', '', '-5676.38', '-3471.64', '0', '4.74822', '0', '0', '0', '1', '60', '255', '0', '1', '0', '0'),
('267535', '1', '400', '5025', '1', '1', '', '-5678.08', '-3461.56', '-2.03503', '4.73903', '0', '0', '0', '1', '60', '255', '0', '1', '0', '0'),
('267290', '1', '400', '5591', '1', '1', '', '-6595.47', '-3592.03', '0', '2.09601', '0', '0', '0', '1', '60', '255', '0', '1', '0', '0'),
('267535', '1', '400', '5025', '1', '1', '', '-5622.27', '-3541.99', '-2.03503', '1.67811', '0', '0', '0', '1', '60', '255', '0', '1', '0', '0'),
('267290', '1', '400', '5591', '1', '1', '', '-6555.04', '-3522.5', '0', '3.3042', '0', '0', '0', '1', '60', '255', '0', '1', '0', '0'),
('267289', '1', '400', '5025', '1', '1', '', '-6523.23', '-4047.64', '0', '2.83285', '0', '0', '0', '1', '60', '255', '0', '1', '0', '0'),
('267535', '1', '400', '5025', '1', '1', '', '-5679.71', '-3482.03', '-2.03503', '1.53634', '0', '0', '0', '1', '60', '255', '0', '1', '0', '0'),
('267291', '1', '400', '5025', '1', '1', '', '-6613.19', '-3732.92', '0', '3.2944', '0', '0', '0', '1', '60', '255', '0', '1', '0', '0'),
('267290', '1', '400', '5028', '1', '1', '', '-5969.49', '-4311.37', '0', '2.45445', '0', '0', '0', '1', '60', '255', '0', '1', '0', '0'),
('267289', '1', '400', '5025', '1', '1', '', '-6519.54', '-4101.73', '0', '3.22955', '0', '0', '0', '1', '60', '255', '0', '1', '0', '0'),
('267288', '1', '400', '5046', '1', '1', '', '-6038.73', '-4152.22', '-3.05483', '1.14073', '0', '0', '0', '1', '60', '255', '0', '1', '0', '0'),
('267285', '1', '400', '5046', '1', '1', '', '-5622.05', '-4061.56', '0', '2.3935', '0', '0', '0', '1', '60', '255', '0', '1', '0', '0'),
('267290', '1', '400', '5028', '1', '1', '', '-5969.67', '-4370.96', '0', '1.95323', '0', '0', '0', '1', '60', '255', '0', '1', '0', '0'),
('267473', '1', '400', '5025', '1', '1', '', '-5619.05', '-3531.58', '0', '4.74822', '0', '0', '0', '1', '60', '255', '0', '1', '0', '0');

DELETE FROM creature WHERE id IN (118079,118080,118081,118082,118083,118084,118114,118116,118129,118130,118145,118146,118147,118148,118157) AND zoneId = 400;
INSERT INTO `creature` (`id`, `map`, `zoneId`, `areaId`, `spawnMask`, `phaseMask`, `PhaseId`, `modelid`, `equipment_id`, `position_x`, `position_y`, `position_z`, `orientation`, `spawntimesecs`, `spawndist`, `currentwaypoint`, `curhealth`, `curmana`, `MovementType`, `npcflag`, `npcflag2`, `unit_flags`, `dynamicflags`, `AiID`, `MovementID`, `MeleeID`, `isActive`, `skipClone`, `personal_size`, `unit_flags3`) VALUES
('118079', '1', '400', '5025', '1', '1', '', '0', '0', '-6618.01', '-3681.14', '4.31685', '3.07102', '1', '3', '0', '0', '0', '1', '0', '0', '0', '0', '0', '0', '0', '0', '0', '0', '0'),
('118080', '1', '400', '5591', '1', '1', '', '0', '0', '-6569.3', '-3518.53', '12.4447', '5.06959', '1', '0', '0', '0', '0', '0', '0', '0', '0', '0', '0', '0', '0', '0', '0', '0', '0'),
('118081', '1', '400', '5025', '1', '1', '', '0', '0', '-6608.72', '-3569.28', '19.8795', '5.52946', '1', '0', '0', '0', '0', '0', '0', '0', '0', '0', '0', '0', '0', '0', '0', '0', '0'),
('118082', '1', '400', '5025', '1', '1', '', '0', '0', '-5695.59', '-3477.9', '11.5985', '0.402782', '1', '0', '0', '0', '0', '0', '0', '0', '0', '0', '0', '0', '0', '0', '0', '0', '0'),
('118083', '1', '400', '5025', '1', '1', '', '0', '0', '-5836.35', '-3502.71', '14.5195', '0.740548', '1', '0', '0', '0', '0', '0', '0', '0', '0', '0', '0', '0', '0', '0', '0', '0', '0'),
('118084', '1', '400', '5025', '1', '1', '', '0', '0', '-5608.68', '-3528.06', '7.64522', '2.76638', '1', '0', '0', '0', '0', '0', '0', '0', '0', '0', '0', '0', '0', '0', '0', '0', '0'),
('118114', '1', '400', '5046', '1', '1', '', '0', '0', '-5706.85', '-4114.71', '-0.0762855', '3.24551', '1', '30', '0', '0', '0', '1', '0', '0', '0', '0', '0', '0', '0', '0', '0', '0', '0'),
('118116', '1', '400', '5046', '1', '1', '', '0', '0', '-5958.09', '-4309.75', '6.44363', '0.702321', '1', '0', '0', '0', '0', '0', '0', '0', '0', '0', '0', '0', '0', '0', '0', '0', '0'),
('118116', '1', '400', '5046', '1', '1', '', '0', '0', '-5956.63', '-4327.04', '12.0511', '2.27899', '1', '0', '0', '0', '0', '0', '0', '0', '0', '16', '0', '0', '0', '0', '0', '0', '0'),
('118116', '1', '400', '5028', '1', '1', '', '0', '0', '-5975.7', '-4299.68', '12.2782', '5.91495', '1', '0', '0', '0', '0', '0', '0', '0', '0', '0', '0', '0', '0', '0', '0', '0', '0'),
('118116', '1', '400', '5028', '1', '1', '', '0', '0', '-6026.37', '-4315.4', '12.4192', '5.19367', '1', '0', '0', '0', '0', '0', '0', '0', '0', '0', '0', '0', '0', '0', '0', '0', '0'),
('118116', '1', '400', '5028', '1', '1', '', '0', '0', '-6064.1', '-4281.97', '21.0187', '5.68084', '1', '0', '0', '0', '0', '0', '0', '0', '0', '0', '0', '0', '0', '0', '0', '0', '0'),
('118116', '1', '400', '5028', '1', '1', '', '0', '0', '-6058.49', '-4299.12', '12.3961', '4.29399', '1', '0', '0', '0', '0', '0', '0', '0', '0', '0', '0', '0', '0', '0', '0', '0', '0'),
('118116', '1', '400', '5028', '1', '1', '', '0', '0', '-5978.16', '-4378.24', '6.23527', '3.86176', '1', '4', '0', '0', '0', '1', '0', '0', '0', '0', '0', '0', '0', '0', '0', '0', '0'),
('118116', '1', '400', '5028', '1', '1', '', '0', '0', '-5970.61', '-4358.25', '12.2736', '4.12723', '1', '3', '0', '0', '0', '1', '0', '0', '0', '16', '0', '0', '0', '0', '0', '0', '0'),
('118116', '1', '400', '5028', '1', '1', '', '0', '0', '-6031.72', '-4315.75', '11.8091', '5.59879', '1', '0', '0', '0', '0', '0', '0', '0', '0', '16', '0', '0', '0', '0', '0', '0', '0'),
('118116', '1', '400', '5028', '1', '1', '', '0', '0', '-5975.05', '-4301.77', '12.0265', '5.21026', '1', '3', '0', '0', '0', '1', '0', '0', '0', '0', '0', '0', '0', '0', '0', '0', '0'),
('118116', '1', '400', '5028', '1', '1', '', '0', '0', '-5985.55', '-4310.13', '12.3961', '4.32838', '1', '0', '0', '0', '0', '0', '0', '0', '0', '0', '0', '0', '0', '0', '0', '0', '0'),
('118116', '1', '400', '5046', '1', '1', '', '0', '0', '-5955.7', '-4322.88', '11.7043', '2.51297', '1', '3', '0', '0', '0', '1', '0', '0', '0', '0', '0', '0', '0', '0', '0', '0', '0'),
('118116', '1', '400', '5028', '1', '1', '', '0', '0', '-6031.04', '-4299.68', '6.44363', '0.667936', '1', '0', '0', '0', '0', '0', '0', '0', '0', '0', '0', '0', '0', '0', '0', '0', '0'),
('118116', '1', '400', '5028', '1', '1', '', '0', '0', '-5983.15', '-4362.15', '12.3961', '3.82716', '1', '0', '0', '0', '0', '0', '0', '0', '0', '0', '0', '0', '0', '0', '0', '0', '0'),
('118116', '1', '400', '5028', '1', '1', '', '0', '0', '-6048.81', '-4286.01', '12.6448', '1.54055', '1', '1', '0', '0', '0', '1', '0', '0', '0', '16', '0', '0', '0', '0', '0', '0', '0'),
('118116', '1', '400', '5028', '1', '1', '', '0', '0', '-6042.01', '-4305.23', '6.18542', '0.553191', '1', '0', '0', '0', '0', '0', '0', '0', '0', '16', '0', '0', '0', '0', '0', '0', '0'),
('118116', '1', '400', '5046', '1', '1', '', '0', '0', '-5958.09', '-4309.75', '6.44363', '0.702321', '1', '0', '0', '0', '0', '0', '0', '0', '0', '0', '0', '0', '0', '0', '0', '0', '0'),
('118116', '1', '400', '5028', '1', '1', '', '0', '0', '-5969.92', '-4357.22', '12.3961', '4.64496', '1', '1', '0', '0', '0', '1', '0', '0', '0', '0', '0', '0', '0', '0', '0', '0', '0'),
('118116', '1', '400', '5028', '1', '1', '', '0', '0', '-5975.59', '-4295.26', '12.7395', '1.39862', '1', '3', '0', '0', '0', '1', '0', '0', '0', '0', '0', '0', '0', '0', '0', '0', '0'),
('118116', '1', '400', '5046', '1', '1', '', '0', '0', '-5962.23', '-4391.57', '12.3664', '4.35667', '1', '1', '0', '0', '0', '1', '0', '0', '0', '0', '0', '0', '0', '0', '0', '0', '0'),
('118116', '1', '400', '5046', '1', '1', '', '0', '0', '-5958.89', '-4375.01', '6.44363', '0.2011', '1', '0', '0', '0', '0', '0', '0', '0', '0', '0', '0', '0', '0', '0', '0', '0', '0'),
('118116', '1', '400', '5028', '1', '1', '', '0', '0', '-5976.75', '-4375.81', '6.31258', '2.81694', '1', '4', '0', '0', '0', '1', '0', '0', '0', '0', '0', '0', '0', '0', '0', '0', '0'),
('118116', '1', '400', '5046', '1', '1', '', '0', '0', '-5955.75', '-4326.87', '12.1271', '3.70321', '1', '0', '0', '0', '0', '0', '0', '0', '0', '0', '0', '0', '0', '0', '0', '0', '0'),
('118116', '1', '400', '5028', '1', '1', '', '0', '0', '-5971.94', '-4317.72', '6.36912', '2.0468', '1', '0', '0', '0', '0', '0', '0', '0', '0', '0', '0', '0', '0', '0', '0', '0', '0'),
('118116', '1', '400', '5028', '1', '1', '', '0', '0', '-5980.45', '-4344.32', '21.0187', '5.214', '1', '0', '0', '0', '0', '0', '0', '0', '0', '0', '0', '0', '0', '0', '0', '0', '0'),
('118116', '1', '400', '5028', '1', '1', '', '0', '0', '-5991.75', '-4293.18', '21.0187', '5.71522', '1', '0', '0', '0', '0', '0', '0', '0', '0', '16', '0', '0', '0', '0', '0', '0', '0'),
('118116', '1', '400', '5028', '1', '1', '', '0', '0', '-6056.79', '-4298.08', '12.5614', '0.546996', '1', '0', '0', '0', '0', '0', '0', '0', '0', '16', '0', '0', '0', '0', '0', '0', '0'),
('118129', '1', '400', '5025', '1', '1', '', '0', '0', '-6551.03', '-4038.15', '6.47291', '4.72818', '1', '0', '0', '0', '0', '0', '0', '0', '0', '0', '0', '0', '0', '0', '0', '0', '0'),
('118129', '1', '400', '5025', '1', '1', '', '0', '0', '-6540.07', '-4050.22', '4.34911', '1.9788', '1', '0', '0', '0', '0', '0', '0', '0', '0', '0', '0', '0', '0', '0', '0', '0', '0'),
('118129', '1', '400', '5025', '1', '1', '', '0', '0', '-6527.29', '-4037', '4.52681', '4.86693', '1', '0', '0', '0', '0', '0', '0', '0', '0', '0', '0', '0', '0', '0', '0', '0', '0'),
('118129', '1', '400', '5025', '1', '1', '', '0', '0', '-6540.19', '-4048.86', '4.34911', '5.09708', '1', '0', '0', '0', '0', '0', '0', '0', '0', '0', '0', '0', '0', '0', '0', '0', '0'),
('118129', '1', '400', '5025', '1', '1', '', '0', '0', '-6551.92', '-4039.99', '6.87699', '6.00873', '1', '0', '0', '0', '0', '0', '0', '0', '0', '0', '0', '0', '0', '0', '0', '0', '0'),
('118129', '1', '400', '5025', '1', '1', '', '0', '0', '-6549.01', '-4104.25', '6.87699', '0.0846289', '1', '0', '0', '0', '0', '0', '0', '0', '0', '0', '0', '0', '0', '0', '0', '0', '0'),
('118129', '1', '400', '5025', '1', '1', '', '0', '0', '-6534.91', '-4108.42', '4.34911', '5.45616', '1', '0', '0', '0', '0', '0', '0', '0', '0', '0', '0', '0', '0', '0', '0', '0', '0'),
('118129', '1', '400', '5025', '1', '1', '', '0', '0', '-6548.82', '-4102.2', '6.47291', '5.08726', '1', '0', '0', '0', '0', '0', '0', '0', '0', '0', '0', '0', '0', '0', '0', '0', '0'),
('118129', '1', '400', '5025', '1', '1', '', '0', '0', '-6534.31', '-4109.65', '4.34911', '2.33788', '1', '0', '0', '0', '0', '0', '0', '0', '0', '0', '0', '0', '0', '0', '0', '0', '0'),
('118129', '1', '400', '5025', '1', '1', '', '0', '0', '-6505.19', '-4098.9', '5.81397', '0.549765', '1', '0', '0', '0', '0', '0', '0', '0', '0', '0', '0', '0', '0', '0', '0', '0', '0'),
('118129', '1', '400', '5025', '1', '1', '', '0', '0', '-6527', '-4092.78', '4.52681', '5.22602', '1', '0', '0', '0', '0', '0', '0', '0', '0', '0', '0', '0', '0', '0', '0', '0', '0'),
('118129', '1', '400', '5025', '1', '1', '', '0', '0', '-6516.67', '-4109.56', '4.99657', '1.72932', '1', '0', '0', '0', '0', '0', '0', '0', '0', '0', '0', '0', '0', '0', '0', '0', '0'),
('118129', '1', '400', '5025', '1', '1', '', '0', '0', '-6502.34', '-4049.7', '5.81397', '3.09973', '1', '0', '0', '0', '0', '0', '0', '0', '0', '0', '0', '0', '0', '0', '0', '0', '0'),
('118129', '1', '400', '5025', '1', '1', '', '0', '0', '-6516.72', '-4055.99', '4.99657', '3.3706', '1', '0', '0', '0', '0', '0', '0', '0', '0', '0', '0', '0', '0', '0', '0', '0', '0'),
('118129', '1', '400', '5025', '1', '1', '', '0', '0', '-6509.03', '-4050.38', '5.81397', '0.190682', '1', '0', '0', '0', '0', '0', '0', '0', '0', '0', '0', '0', '0', '0', '0', '0', '0'),
('118129', '1', '400', '5025', '1', '1', '', '0', '0', '-6510.43', '-4106.86', '4.99657', '3.72969', '1', '0', '0', '0', '0', '0', '0', '0', '0', '0', '0', '0', '0', '0', '0', '0', '0'),
('118129', '1', '400', '5025', '1', '1', '', '0', '0', '-6518.08', '-4055.77', '4.99657', '0.374748', '1', '0', '0', '0', '0', '0', '0', '0', '0', '0', '0', '0', '0', '0', '0', '0', '0'),
('118129', '1', '400', '5025', '1', '1', '', '0', '0', '-6523.52', '-4056.33', '4.99657', '1.37023', '1', '0', '0', '0', '0', '0', '0', '0', '0', '0', '0', '0', '0', '0', '0', '0', '0'),
('118129', '1', '400', '5025', '1', '1', '', '0', '0', '-6508.53', '-4047.02', '5.81397', '5.66328', '1', '0', '0', '0', '0', '0', '0', '0', '0', '0', '0', '0', '0', '0', '0', '0', '0'),
('118129', '1', '400', '5025', '1', '1', '', '0', '0', '-6505.91', '-4095.59', '5.81397', '6.02237', '1', '0', '0', '0', '0', '0', '0', '0', '0', '0', '0', '0', '0', '0', '0', '0', '0'),
('118129', '1', '400', '5025', '1', '1', '', '0', '0', '-6511.78', '-4107.13', '4.99657', '0.733831', '1', '0', '0', '0', '0', '0', '0', '0', '0', '0', '0', '0', '0', '0', '0', '0', '0'),
('118130', '1', '400', '5025', '1', '1', '', '0', '0', '-6404.92', '-4185.13', '5.81397', '0.714594', '1', '0', '0', '0', '0', '0', '0', '0', '0', '0', '0', '0', '0', '0', '0', '0', '0'),
('118130', '1', '400', '5025', '1', '1', '', '0', '0', '-6464.78', '-4189.79', '6.47291', '6.06267', '1', '0', '0', '0', '0', '0', '0', '0', '0', '0', '0', '0', '0', '0', '0', '0', '0'),
('118130', '1', '400', '5025', '1', '1', '', '0', '0', '-6398.11', '-4195.19', '4.99657', '4.7051', '1', '0', '0', '0', '0', '0', '0', '0', '0', '0', '0', '0', '0', '0', '0', '0', '0'),
('118130', '1', '400', '5025', '1', '1', '', '0', '0', '-6398.64', '-4196.46', '4.99657', '1.70924', '1', '0', '0', '0', '0', '0', '0', '0', '0', '0', '0', '0', '0', '0', '0', '0', '0'),
('118130', '1', '400', '5025', '1', '1', '', '0', '0', '-6463.2', '-4191.09', '6.87699', '1.06004', '1', '0', '0', '0', '0', '0', '0', '0', '0', '0', '0', '0', '0', '0', '0', '0', '0'),
('118130', '1', '400', '5025', '1', '1', '', '0', '0', '-6451.83', '-4181.76', '4.34911', '0.148388', '1', '0', '0', '0', '0', '0', '0', '0', '0', '0', '0', '0', '0', '0', '0', '0', '0'),
('118130', '1', '400', '5025', '1', '1', '', '0', '0', '-6421.91', '-4225.68', '6.87699', '1.06004', '1', '0', '0', '0', '0', '0', '0', '0', '0', '0', '0', '0', '0', '0', '0', '0', '0'),
('118130', '1', '400', '5025', '1', '1', '', '0', '0', '-6410.54', '-4216.35', '4.34911', '0.148388', '1', '0', '0', '0', '0', '0', '0', '0', '0', '0', '0', '0', '0', '0', '0', '0', '0'),
('118130', '1', '400', '5025', '1', '1', '', '0', '0', '-6401.77', '-4186.4', '5.81397', '1.52518', '1', '0', '0', '0', '0', '0', '0', '0', '0', '0', '0', '0', '0', '0', '0', '0', '0'),
('118130', '1', '400', '5025', '1', '1', '', '0', '0', '-6409.19', '-4216.54', '4.34911', '3.3133', '1', '0', '0', '0', '0', '0', '0', '0', '0', '0', '0', '0', '0', '0', '0', '0', '0'),
('118130', '1', '400', '5025', '1', '1', '', '0', '0', '-6450.49', '-4181.95', '4.34911', '3.3133', '1', '0', '0', '0', '0', '0', '0', '0', '0', '0', '0', '0', '0', '0', '0', '0', '0'),
('118130', '1', '400', '5025', '1', '1', '', '0', '0', '-6399.38', '-4201.89', '4.99657', '2.70473', '1', '0', '0', '0', '0', '0', '0', '0', '0', '0', '0', '0', '0', '0', '0', '0', '0'),
('118130', '1', '400', '5025', '1', '1', '', '0', '0', '-6419.05', '-4201.03', '4.52681', '6.20143', '1', '0', '0', '0', '0', '0', '0', '0', '0', '0', '0', '0', '0', '0', '0', '0', '0'),
('118130', '1', '400', '5025', '1', '1', '', '0', '0', '-6423.48', '-4224.38', '6.47291', '6.06267', '1', '0', '0', '0', '0', '0', '0', '0', '0', '0', '0', '0', '0', '0', '0', '0', '0'),
('118130', '1', '400', '5025', '1', '1', '', '0', '0', '-6460.35', '-4166.44', '4.52681', '6.20143', '1', '0', '0', '0', '0', '0', '0', '0', '0', '0', '0', '0', '0', '0', '0', '0', '0'),
('118130', '1', '400', '5025', '1', '1', '', '0', '0', '-6439.94', '-4161.87', '4.99657', '1.70924', '1', '0', '0', '0', '0', '0', '0', '0', '0', '0', '0', '0', '0', '0', '0', '0', '0'),
('118130', '1', '400', '5025', '1', '1', '', '0', '0', '-6439.4', '-4160.6', '4.99657', '4.7051', '1', '0', '0', '0', '0', '0', '0', '0', '0', '0', '0', '0', '0', '0', '0', '0', '0'),
('118130', '1', '400', '5025', '1', '1', '', '0', '0', '-6440.67', '-4167.3', '4.99657', '2.70473', '1', '0', '0', '0', '0', '0', '0', '0', '0', '0', '0', '0', '0', '0', '0', '0', '0'),
('118130', '1', '400', '5025', '1', '1', '', '0', '0', '-6442.16', '-4145.14', '5.81397', '4.43422', '1', '0', '0', '0', '0', '0', '0', '0', '0', '0', '0', '0', '0', '0', '0', '0', '0'),
('118130', '1', '400', '5025', '1', '1', '', '0', '0', '-6443.06', '-4151.81', '5.81397', '1.52518', '1', '0', '0', '0', '0', '0', '0', '0', '0', '0', '0', '0', '0', '0', '0', '0', '0'),
('118130', '1', '400', '5025', '1', '1', '', '0', '0', '-6446.21', '-4150.54', '5.81397', '0.714594', '1', '0', '0', '0', '0', '0', '0', '0', '0', '0', '0', '0', '0', '0', '0', '0', '0'),
('118130', '1', '400', '5025', '1', '1', '', '0', '0', '-6400.86', '-4179.74', '5.81397', '4.43422', '1', '0', '0', '0', '0', '0', '0', '0', '0', '0', '0', '0', '0', '0', '0', '0', '0'),
('118145', '1', '400', '5025', '1', '1', '', '0', '0', '-6499.17', '-4095.92', '5.81397', '3.45881', '1', '0', '0', '0', '0', '0', '0', '0', '0', '0', '0', '0', '0', '0', '0', '0', '0'),
('118145', '1', '400', '5025', '1', '1', '', '0', '0', '-5577.92', '-4047.35', '-55.4538', '0', '1', '0', '0', '0', '0', '0', '0', '0', '0', '0', '0', '0', '0', '0', '0', '0', '0'),
('118146', '1', '400', '5046', '1', '1', '', '0', '0', '-6036.36', '-4153.4', '2.38377', '3.89726', '1', '2', '0', '0', '0', '1', '0', '0', '0', '0', '0', '0', '0', '0', '0', '0', '0'),
('118147', '1', '400', '5046', '1', '1', '', '0', '0', '-6043.44', '-4145.52', '2.52722', '5.33453', '1', '0', '0', '0', '0', '0', '0', '0', '0', '0', '0', '0', '0', '0', '0', '0', '0'),
('118148', '1', '400', '5046', '1', '1', '', '0', '0', '-6043.38', '-4154.33', '2.48036', '0.01092', '1', '0', '0', '0', '0', '0', '0', '0', '0', '0', '0', '0', '0', '0', '0', '0', '0'),
('118157', '1', '400', '5046', '1', '1', '', '0', '0', '-5625.16', '-4065.83', '13.8309', '3.96239', '1', '0', '0', '0', '0', '0', '0', '0', '0', '0', '0', '0', '0', '0', '0', '0', '0');

DELETE FROM `spell_scene` WHERE (`SceneScriptPackageID`=1788 AND `MiscValue`=1618);
INSERT INTO `spell_scene` (`SceneScriptPackageID`, `MiscValue`, `PlaybackFlags`, `ScriptName`) VALUES
(1788, 1618, 16, 'sceneTrigger_beach_ball'); -- 1788 - 1618

DELETE FROM world_quest_update WHERE QuestID IN (45807,45808,45809,45810,45806,45811);
INSERT INTO `world_quest_update` (`QuestID`, `VariableID`, `Timer`, `Value`, `EventId`, `VerifiedBuild`) VALUES
(45807, 13009, 86400, 1, 307, 24015),
(45809, 13010, 86400, 1, 307, 24015),
(45808, 13012, 86400, 1, 307, 24015),
(45810, 13011, 86400, 1, 307, 24015),
(45806, 13008, 86400, 1, 307, 24015),
(45811, 13011, 86400, 1, 307, 24015);

DELETE FROM world_quest_template WHERE ZoneID = 400;
INSERT INTO `world_quest_template` (`QuestInfoID`, `ZoneID`, `PrimaryID`, `MinItemLevel`, `BonusLevel`, `modTreeID`, `Chance`, `Min`, `Max`, `AllMax`, `CurrencyID`, `CurrencyMin`, `CurrencyMax`, `GoldMin`, `GoldMax`, `ItemCAList`, `ItemResourceList`, `ArmorList`, `HasArmor`, `Currency`, `CurrencyCount`, `IsPvP`, `Comment`) VALUES
('109', '400', '0', '0', '5', '25', '100', '5', '5', '5', '0', '0', '0', '0', '0', '', '', '', '0', '0', '0', '0', 'Локальные Задания в Тысячи Игл');

DELETE FROM world_quest_faction_analogs WHERE alliance_quest IN (45811);
INSERT INTO `world_quest_faction_analogs` (`alliance_quest`, `horde_quest`) VALUES
('45811', '45810');

DELETE FROM quest_template WHERE ID IN (45807,45809);
INSERT INTO `quest_template` (`ID`, `QuestType`, `QuestLevel`, `QuestMaxScalingLevel`, `QuestPackageID`, `MinLevel`, `QuestSortID`, `QuestInfoID`, `SuggestedGroupNum`, `RewardNextQuest`, `RewardXPDifficulty`, `RewardXPMultiplier`, `RewardMoney`, `RewardMoneyDifficulty`, `RewardMoneyMultiplier`, `RewardBonusMoney`, `RewardDisplaySpell1`, `RewardDisplaySpell2`, `RewardDisplaySpell3`, `RewardSpell`, `RewardHonor`, `RewardKillHonor`, `RewardArtifactXP`, `RewardArtifactXPMultiplier`, `RewardArtifactCategoryID`, `StartItem`, `Flags`, `FlagsEx`, `RewardSkillLineID`, `RewardNumSkillUps`, `PortraitGiver`, `PortraitTurnIn`, `RewardItem1`, `RewardItem2`, `RewardItem3`, `RewardItem4`, `RewardAmount1`, `RewardAmount2`, `RewardAmount3`, `RewardAmount4`, `ItemDrop1`, `ItemDrop2`, `ItemDrop3`, `ItemDrop4`, `ItemDropQuantity1`, `ItemDropQuantity2`, `ItemDropQuantity3`, `ItemDropQuantity4`, `RewardChoiceItemID1`, `RewardChoiceItemID2`, `RewardChoiceItemID3`, `RewardChoiceItemID4`, `RewardChoiceItemID5`, `RewardChoiceItemID6`, `RewardChoiceItemQuantity1`, `RewardChoiceItemQuantity2`, `RewardChoiceItemQuantity3`, `RewardChoiceItemQuantity4`, `RewardChoiceItemQuantity5`, `RewardChoiceItemQuantity6`, `RewardChoiceItemDisplayID1`, `RewardChoiceItemDisplayID2`, `RewardChoiceItemDisplayID3`, `RewardChoiceItemDisplayID4`, `RewardChoiceItemDisplayID5`, `RewardChoiceItemDisplayID6`, `POIContinent`, `POIx`, `POIy`, `POIPriority`, `RewardTitle`, `RewardArenaPoints`, `RewardFactionID1`, `RewardFactionID2`, `RewardFactionID3`, `RewardFactionID4`, `RewardFactionID5`, `RewardFactionValue1`, `RewardFactionValue2`, `RewardFactionValue3`, `RewardFactionValue4`, `RewardFactionValue5`, `RewardFactionOverride1`, `RewardFactionOverride2`, `RewardFactionOverride3`, `RewardFactionOverride4`, `RewardFactionOverride5`, `FactionCapIn1`, `FactionCapIn2`, `FactionCapIn3`, `FactionCapIn4`, `FactionCapIn5`, `RewardFactionFlags`, `AreaGroupID`, `TimeAllowed`, `AllowableRaces`, `QuestRewardID`, `Expansion`, `RewardCurrencyID1`, `RewardCurrencyID2`, `RewardCurrencyID3`, `RewardCurrencyID4`, `RewardCurrencyQty1`, `RewardCurrencyQty2`, `RewardCurrencyQty3`, `RewardCurrencyQty4`, `AcceptedSoundKitID`, `CompleteSoundKitID`, `VerifiedBuild`) VALUES
(45809, 3, -1, -1, 0, 40, 400, 109, 0, 0, 8, 2, 0, 0, 1, 0, 0, 0, 0, 0, 0, 0, 0, 0, 0, 0, 34144512, 0, 0, 0, 0, 0, 144076, 0, 0, 0, 1, 0, 0, 0, 0, 0, 0, 0, 0, 0, 0, 0, 0, 0, 0, 0, 0, 0, 0, 0, 0, 0, 0, 0, 0, 0, 0, 0, 0, 0, 0, 0, 0, 0, 0, 0, 0, 0, 0, 0, 0, 0, 0, 0, 0, 0, 0, 0, 0, 0, 0, 7, 7, 7, 7, 7, 0, 0, 0, 18446744073709551615, 0, 0, 0, 0, 0, 0, 0, 0, 0, 0, 890, 878, 24015), -- 45809
(45807, 3, -1, -1, 0, 40, 400, 109, 0, 0, 8, 2, 0, 0, 1, 0, 0, 0, 0, 0, 0, 0, 0, 0, 0, 0, 34144512, 0, 0, 0, 0, 0, 144075, 0, 0, 0, 1, 0, 0, 0, 0, 0, 0, 0, 0, 0, 0, 0, 0, 0, 0, 0, 0, 0, 0, 0, 0, 0, 0, 0, 0, 0, 0, 0, 0, 0, 0, 0, 0, 0, 0, 0, 0, 0, 0, 0, 0, 0, 0, 0, 0, 0, 0, 0, 0, 0, 0, 7, 7, 7, 7, 7, 0, 0, 0, 18446744073709551615, 0, 0, 0, 0, 0, 0, 0, 0, 0, 0, 890, 878, 24015); -- 45807

UPDATE `quest_template` SET `AllowableRaces`='234881970' WHERE (`ID`='45810');
UPDATE `quest_template` SET `AllowableRaces`='824181837' WHERE (`ID`='45811');
UPDATE `quest_template` SET `AreaGroupID`='5106', `QuestMaxScalingLevel` = 255 WHERE ID IN (45807,45808,45809,45810,45806,45811);

DELETE FROM quest_objectives WHERE QuestID IN (45809,45807);
INSERT INTO `quest_objectives` (`ID`, `QuestID`, `Type`, `StorageIndex`, `ObjectID`, `Amount`, `Flags`, `Flags2`, `TaskStep`, `Description`, `VerifiedBuild`) VALUES
(288594, 45809, 1, 2, 143934, 1, 0, 1, 0, '', 24015), -- 288594
(288593, 45809, 1, 1, 143932, 6, 0, 1, 0, '', 24015), -- 288593
(288592, 45809, 1, 0, 143933, 10, 0, 1, 0, '', 24015), -- 288592
(288591, 45807, 14, 0, 56538, 1, 0, 0, 0, 'Мусор, выловленный из воды', 24015); -- 288591

DELETE FROM quest_template_addon WHERE ID IN (45807,45808,45809,45810,45806,45811);
INSERT INTO `quest_template_addon` (`ID`, `MaxLevel`, `AllowableClasses`, `SourceSpellID`, `PrevQuestID`, `NextQuestID`, `ExclusiveGroup`, `RewardMailTemplateID`, `RewardMailDelay`, `RewardMailTitle`, `RequiredSkillID`, `RequiredSkillPoints`, `RequiredMinRepFaction`, `RequiredMaxRepFaction`, `RequiredMinRepValue`, `RequiredMaxRepValue`, `ProvidedItemCount`, `SpecialFlags`) VALUES
('45807', '0', '0', '0', '0', '0', '0', '0', '0', '', '0', '0', '0', '0', '0', '0', '0', '0'),
('45809', '0', '0', '0', '0', '0', '0', '0', '0', '', '0', '0', '0', '0', '0', '0', '0', '0'),
('45810', '0', '0', '0', '0', '0', '0', '0', '0', '', '0', '0', '0', '0', '0', '0', '0', '0'),
('45811', '0', '0', '0', '0', '0', '0', '0', '0', '', '0', '0', '0', '0', '0', '0', '0', '0');

DELETE FROM quest_template_locale WHERE ID IN (45807,45808,45809,45810,45806,45811);
INSERT INTO `quest_template_locale` (`ID`, `locale`, `LogTitle`, `LogDescription`, `QuestDescription`, `AreaDescription`, `PortraitGiverText`, `PortraitGiverName`, `PortraitTurnInText`, `PortraitTurnInName`, `QuestCompletionLog`, `VerifiedBuild`) VALUES
(45809, 'ruRU', 'Грог, ром и эль', '', '', '', '', '', '', '', '', 24015),
(45807, 'ruRU', 'Ловля мусора', '', '', '', '', '', '', '', '', 24015),
(45808, 'ruRU', 'Веселые игры', '', '', '', '', '', '', '', '', 24015),
(45810, 'ruRU', 'Гномы украли наши бомбы!', '', '', '', '', '', '', '', '', 24015),
(45811, 'ruRU', 'Гоблины украли наши бомбы!', '', '', '', '', '', '', '', '', 24015),
(45806, 'ruRU', 'Прогулка на лодке', '', '', '', '', '', '', '', '', 24015),
(45809, 'enUS', 'Grog, Rum, and Ale', '', '', '', '', '', '', '', '', 24015),
(45807, 'enUS', 'Garbage Fishing', '', '', '', '', '', '', '', '', 24015),
(45808, 'enUS', 'Beach Ball Bash', '', '', '', '', '', '', '', '', 24015),
(45810, 'enUS', 'The Gnomes Stole Our Bombs!', '', '', '', '', '', '', '', '', 24015),
(45811, 'enUS', 'The Goblins Stole Our Bombs!', '', '', '', '', '', '', '', '', 24015),
(45806, 'enUS', 'Boat Tour', '', '', '', '', '', '', '', '', 24015),
(45809, 'deDE', 'Grog, Rum und Lager', '', '', '', '', '', '', '', '', 24015),
(45807, 'deDE', 'Müllfischen', '', '', '', '', '', '', '', '', 24015),
(45808, 'deDE', 'Wasserballkrawall', '', '', '', '', '', '', '', '', 24015),
(45810, 'deDE', 'Die Gnome haben unsere Bomben geklaut!', '', '', '', '', '', '', '', '', 24015),
(45811, 'deDE', 'Die Goblins haben unsere Bomben geklaut!', '', '', '', '', '', '', '', '', 24015),
(45806, 'deDE', 'Bootstour', '', '', '', '', '', '', '', '', 24015),
(45809, 'zhTW', '烈酒、蘭姆酒、麥芽酒', '', '', '', '', '', '', '', '', 24015),
(45807, 'zhTW', '釣垃圾', '', '', '', '', '', '', '', '', 24015),
(45808, 'zhTW', '海灘球猛擊', '', '', '', '', '', '', '', '', 24015),
(45810, 'zhTW', '地精偷了我們的炸彈！', '', '', '', '', '', '', '', '', 24015),
(45811, 'zhTW', '哥布林偷了我們的炸彈！', '', '', '', '', '', '', '', '', 24015),
(45806, 'zhTW', '搭船遊覽', '', '', '', '', '', '', '', '', 24015),
(45809, 'zhCN', '烈酒、朗姆酒和啤酒', '', '', '', '', '', '', '', '', 24015),
(45807, 'zhCN', '垂钓垃圾', '', '', '', '', '', '', '', '', 24015),
(45808, 'zhCN', '沙滩排球之战', '', '', '', '', '', '', '', '', 24015),
(45810, 'zhCN', '侏儒偷了我们的炸弹！', '', '', '', '', '', '', '', '', 24015),
(45811, 'zhCN', '地精偷了我们的炸弹！', '', '', '', '', '', '', '', '', 24015),
(45806, 'zhCN', '泛舟揽胜', '', '', '', '', '', '', '', '', 24015),
(45809, 'ptBR', 'Grogue, rum e cerveja', '', '', '', '', '', '', '', '', 24015),
(45807, 'ptBR', 'Pescaria de lixo', '', '', '', '', '', '', '', '', 24015),
(45808, 'ptBR', 'Bolada de Praia', '', '', '', '', '', '', '', '', 24015),
(45810, 'ptBR', 'Os gnomos roubaram nossas bombas!', '', '', '', '', '', '', '', '', 24015),
(45811, 'ptBR', 'Os goblins roubaram nossas bombas!', '', '', '', '', '', '', '', '', 24015),
(45806, 'ptBR', 'Passeio de barco', '', '', '', '', '', '', '', '', 24015),
(45809, 'itIT', 'Grog, rum e birra', '', '', '', '', '', '', '', '', 24015),
(45807, 'itIT', 'Pesca di immondizia', '', '', '', '', '', '', '', '', 24015),
(45808, 'itIT', 'Sfida con i Palloni da Spiaggia', '', '', '', '', '', '', '', '', 24015),
(45810, 'itIT', 'Gli Gnomi hanno rubato le nostre bombe!', '', '', '', '', '', '', '', '', 24015),
(45811, 'itIT', 'I Goblin hanno rubato le nostre bombe!', '', '', '', '', '', '', '', '', 24015),
(45806, 'itIT', 'Giro in barca', '', '', '', '', '', '', '', '', 24015),
(45809, 'frFR', 'Grog, rhum et cervoise', '', '', '', '', '', '', '', '', 24015),
(45807, 'frFR', 'Pêche à l’ordure', '', '', '', '', '', '', '', '', 24015),
(45808, 'frFR', 'Ballon d’essai', '', '', '', '', '', '', '', '', 24015),
(45810, 'frFR', 'Les gnomes ont volé nos bombes !', '', '', '', '', '', '', '', '', 24015),
(45811, 'frFR', 'Les gobelins ont volé nos bombes !', '', '', '', '', '', '', '', '', 24015),
(45806, 'frFR', 'Grog, rhum et cervoise', '', '', '', '', '', '', '', '', 24015),
(45809, 'koKR', '그로그주와 두배주, 에일', '', '', '', '', '', '', '', '', 24015),
(45807, 'koKR', '쓰레기 낚시', '', '', '', '', '', '', '', '', 24015),
(45808, 'koKR', '물놀이 공 튕기기', '', '', '', '', '', '', '', '', 24015),
(45810, 'koKR', '노움들이 우리 폭탄을 훔쳐 갔어!', '', '', '', '', '', '', '', '', 24015),
(45811, 'koKR', '고블린들이 우리 폭탄을 훔쳐 갔어!', '', '', '', '', '', '', '', '', 24015),
(45806, 'koKR', '배 유람', '', '', '', '', '', '', '', '', 24015),
(45809, 'esMX', 'Grog, ron y cerveza', '', '', '', '', '', '', '', '', 24015),
(45807, 'esMX', 'Pesca de basura', '', '', '', '', '', '', '', '', 24015),
(45808, 'esMX', '¡Pelota que rebota!', '', '', '', '', '', '', '', '', 24015),
(45810, 'esMX', '¡Los gnomos robaron nuestras bombas!', '', '', '', '', '', '', '', '', 24015),
(45811, 'esMX', '¡Los goblins robaron nuestras bombas!', '', '', '', '', '', '', '', '', 24015),
(45806, 'esMX', 'Un recorrido en bote', '', '', '', '', '', '', '', '', 24015),
(45809, 'esES', 'Grog, ron y cerveza', '', '', '', '', '', '', '', '', 24015),
(45807, 'esES', 'Pesca de basura', '', '', '', '', '', '', '', '', 24015),
(45808, 'esES', 'Juego de pelota de playa', '', '', '', '', '', '', '', '', 24015),
(45810, 'esES', '¡Los gnomos nos robaron las bombas!', '', '', '', '', '', '', '', '', 24015),
(45811, 'esES', '¡Los goblins nos robaron las bombas!', '', '', '', '', '', '', '', '', 24015),
(45806, 'esES', 'Vuelta en barco', '', '', '', '', '', '', '', '', 24015);

DELETE FROM quest_objectives_locale WHERE QuestId IN (45807,45808,45809,45810,45806);
INSERT INTO `quest_objectives_locale` (`ID`, `locale`, `QuestId`, `StorageIndex`, `Description`, `VerifiedBuild`) VALUES 
('288644', 'ruRU', '45806', '3', 'Вернитесь к Ильтине Солнечной Песне на южный берег озера', '24015'),
('288643', 'ruRU', '45806', '2', 'Вернитесь к Тельдарину Заблудшему на восточный берег озера', '24015'),
('288642', 'ruRU', '45806', '1', 'Вернитесь к Ту-Луаку на северный берег озера', '24015'),
('288641', 'ruRU', '45806', '0', 'Поговорите с Пшиксом и Поззиксом', '24015'),
('288600', 'ruRU', '45808', '0', 'Подбросьте пляжный мяч 10 раз подряд', '24015'),
('288591', 'ruRU', '45807', '0', 'Мусор, выловленный из воды', '24015'),
('288644', 'enUS', '45806', '3', 'Report to Ilthine Sunsong on the south side of the lake', '24015'),
('288643', 'enUS', '45806', '2', 'Report to Theldurin the Lost on the east side of the lake', '24015'),
('288642', 'enUS', '45806', '1', 'Report to Tu-Luak on the north side of the lake', '24015'),
('288641', 'enUS', '45806', '0', 'Report to Fizzle and Pozzik', '24015'),
('288600', 'enUS', '45808', '0', 'Bounce the beach ball 10 times in a row', '24015'),
('288591', 'enUS', '45807', '0', 'Garbage fished from the water', '24015'),
('288644', 'zhTW', '45806', '3', '到湖的南邊向艾兒欣‧日歌回報', '24015'),
('288643', 'zhTW', '45806', '2', '到湖的東邊向『迷失者』塞爾杜林回報', '24015'),
('288642', 'zhTW', '45806', '1', '到湖的北邊向土魯亞克回報', '24015'),
('288641', 'zhTW', '45806', '0', '向菲茲爾與普茲克回報', '24015'),
('288600', 'zhTW', '45808', '0', '讓海灘球連續彈跳10次', '24015'),
('288591', 'zhTW', '45807', '0', '從水裡釣到垃圾', '24015'),
('288644', 'zhCN', '45806', '3', '向湖南面的伊丝妮·日歌报告', '24015'),
('288643', 'zhCN', '45806', '2', '向湖东面的迷失者塞尔杜林报告', '24015'),
('288642', 'zhCN', '45806', '1', '向湖北面的图鲁艾克报告', '24015'),
('288641', 'zhCN', '45806', '0', '向菲兹尔与普兹克报告', '24015'),
('288600', 'zhCN', '45808', '0', '连续拍打沙滩排球10次', '24015'),
('288591', 'zhCN', '45807', '0', '从水域内钓到垃圾', '24015'),
('288644', 'ptBR', '45806', '3', 'Apresentar-se a Ilthine Sol Cantante no lado sul do lago', '24015'),
('288643', 'ptBR', '45806', '2', 'Apresentar-se a Theldurin, o Perdido, no lado leste do lago', '24015'),
('288642', 'ptBR', '45806', '1', 'Apresentar-se a Tu-Luak no lado norte do lago', '24015'),
('288641', 'ptBR', '45806', '0', 'Apresente-se a Xabu e Relé', '24015'),
('288600', 'ptBR', '45808', '0', 'Quicar a bola de praia 10 vezes seguidas', '24015'),
('288591', 'ptBR', '45807', '0', 'Lixo pescado das águas', '24015'),
('288644', 'itIT', '45806', '3', 'Ilthine Cantasole raggiunto', '24015'),
('288643', 'itIT', '45806', '2', 'Theldurin raggiunto', '24015'),
('288642', 'itIT', '45806', '1', 'Tu-Luak raggiunto', '24015'),
('288641', 'itIT', '45806', '0', 'Rapporto consegnato a Fizzle e Pozzik', '24015'),
('288600', 'itIT', '45808', '0', 'Pallone da Spiaggia palleggiato 10 volte di fila', '24015'),
('288591', 'itIT', '45807', '0', 'Spazzatura pescata dall\'acqua', '24015'),
('288644', 'frFR', '45806', '3', 'Faire votre rapport à Ilthine Solchant sur la rive sud du lac', '24015'),
('288643', 'frFR', '45806', '2', 'Faire votre rapport à Theldurin l’Egaré sur la rive est du lac', '24015'),
('288642', 'frFR', '45806', '1', 'Faire votre rapport à Tu-Luak sur la rive nord du lac', '24015'),
('288641', 'frFR', '45806', '0', 'Faire votre rapport à Féplouf et Pozzik', '24015'),
('288600', 'frFR', '45808', '0', 'Faire rebondir le ballon de plage 10 fois de suite', '24015'),
('288591', 'frFR', '45807', '0', 'Déchets pêchés dans l’eau', '24015'),
('288644', 'koKR', '45806', '3', '호수 남쪽에 있는 일다인 선송에게 보고', '24015'),
('288643', 'koKR', '45806', '2', '호수 동쪽에 있는 실성한 텔두린에게 보고', '24015'),
('288642', 'koKR', '45806', '1', '호수 북쪽에 있는 투루악에게 보고', '24015'),
('288641', 'koKR', '45806', '0', '피즐과 포직에게 보고', '24015'),
('288600', 'koKR', '45808', '0', '물놀이 공 연속으로 10번 튕기기', '24015'),
('288591', 'koKR', '45807', '0', '물에서 쓰레기 낚기', '24015'),
('288644', 'esMX', '45806', '3', 'Repórtate con Ilthine Cantosol en el lado sur del lago', '24015'),
('288643', 'esMX', '45806', '2', 'Repórtate con Theldurin el Perdido en lado este del lago', '24015'),
('288642', 'esMX', '45806', '1', 'Repórtate con Tu-Luak en el lado norte del lago', '24015'),
('288641', 'esMX', '45806', '0', 'Informa a Fizel y Pozzik.', '24015'),
('288600', 'esMX', '45808', '0', 'Rebota la pelota de playa 10 veces seguidas', '24015'),
('288591', 'esMX', '45807', '0', 'Basura extraída del agua.', '24015'),
('288644', 'deDE', '45806', '3', 'Meldet Euch bei Ilthine Sonnensang am südlichen Ufer des Sees', '24015'),
('288643', 'deDE', '45806', '2', 'Meldet Euch bei Theldurin dem Verirrten am östlichen Ufer des Sees', '24015'),
('288642', 'deDE', '45806', '1', 'Meldet Euch bei Tu-Luak am nördlichen Ufer des Sees', '24015'),
('288641', 'deDE', '45806', '0', 'Meldet Euch bei Fizzel und Pozzik', '24015'),
('288600', 'deDE', '45808', '0', 'Lasst den Wasserball 10-mal in Folge auf und ab hüpfen', '24015'),
('288591', 'deDE', '45807', '0', 'Müll aus dem Wasser gefischt', '24015'),
('288644', 'esES', '45806', '3', 'Preséntate ante Ilthine Cantosol en la zona sur del lago', '24015'),
('288643', 'esES', '45806', '2', 'Preséntate ante Theldurin el Perdido en la zona este del lago', '24015'),
('288642', 'esES', '45806', '1', 'Preséntate ante Tu-Luak en la zona norte del lago', '24015'),
('288641', 'esES', '45806', '0', 'Preséntate ante Fizzle y Pozzik', '24015'),
('288600', 'esES', '45808', '0', 'Da 10 toques seguidos con la pelota de playa', '24015'),
('288591', 'esES', '45807', '0', 'Basura pescada del agua', '24015');

DELETE FROM `conversation_data` WHERE entry IN (4349,4350,4351,4352);
INSERT INTO `conversation_data` (`entry`, `id`, `idx`, `textId`, `unk1`, `unk2`) VALUES
(4349, 9905, 1, 5000, 1156557888, 1),
(4349, 9904, 0, 0, 1156557888, 0),
(4349, 9906, 2, 10600, 1156557888, 0),
(4350, 9907, 0, 0, 0, 0),
(4351, 9911, 3, 9250, 16, 0),
(4351, 9910, 2, 7600, 16, 1),
(4352, 9912, 0, 0, 1156557888, 0),
(4351, 9909, 1, 2250, 16, 1069350912),
(4352, 9913, 1, 5100, 1156557888, 0),
(4351, 9908, 0, 0, 16, 0),
(4352, 9914, 2, 11650, 1156557888, 0);

DELETE FROM `conversation_creature` WHERE entry IN (4349,4350,4351,4352);
INSERT INTO `conversation_creature` (`entry`, `id`, `creatureId`, `creatureGuid`, `duration`, `unk1`, `unk2`) VALUES
(4349, 1, 40028, 3634004, 15600, 0, 0),
(4349, 0, 40027, 3634010, 15600, 0, 0),
(4350, 0, 118145, 3634014, 3000, 0, 0),
(4351, 1, 118147, 3634018, 13050, 0, 0),
(4351, 0, 118146, 3634008, 13050, 0, 0),
(4352, 0, 118157, 3634021, 15150, 0, 0);

DELETE FROM creature_text WHERE Entry IN (118081,118080,118079,118082,118083,118084);
INSERT INTO `creature_text` (`Entry`, `GroupID`, `ID`, `Text`, `Type`, `Language`, `Probability`, `Emote`, `Duration`, `Sound`, `BroadcastTextID`, `MinTimer`, `MaxTimer`, `SpellID`, `comment`) VALUES
(118081, 0, 0, 'Прочь с моей лодки, ордынское отродье!', 12, 0, 100, 0, 0, 0, 126577, 0, 0, 0, 'Адмирал Звизвигун to Player'),
(118080, 0, 0, 'Ба-бах!', 12, 0, 100, 0, 0, 0, 126576, 0, 0, 0, 'Чарлина Гаечный Ключ to Player'),
(118079, 0, 0, 'Держитесь подальше, если не хотите получить фейерверком в глаз!', 12, 0, 100, 0, 0, 0, 126575, 0, 0, 0, 'Пиби Свистофлямс to Player'),
(118082, 0, 0, 'Прочь с моей лодки, шваль из Альянса!', 12, 0, 100, 0, 0, 0, 126578, 0, 0, 0, 'to Player'),
(118083, 0, 0, 'Хочешь взрывов? Сейчас я тебе их устрою, дубина!', 12, 0, 100, 0, 0, 0, 126579, 0, 0, 0, 'to Player'),
(118084, 0, 0, 'Гронго крушить!', 12, 0, 100, 0, 0, 0, 126580, 0, 0, 0, 'to Player');

DELETE FROM creature_equip_template WHERE CreatureID = 118116;
INSERT INTO `creature_equip_template` (`CreatureID`, `ItemID1`, `ItemID2`, `ItemID3`, `ItemID4`, `ItemID5`, `ItemID6`) VALUES
(118116, 2717, 0, 0, 0, 0, 0); -- 118116

DELETE FROM creature_template_addon WHERE entry IN (118147,118148,118130,118129);
INSERT INTO `creature_template_addon` (`entry`, `path_id`, `mount`, `bytes1`, `bytes2`, `emote`, `auras`) VALUES
('118147', '0', '0', '1', '1', '0', ''),
('118148', '0', '0', '0', '1', '0', '152209'),
('118130', '0', '0', '0', '1', '10', ''),
('118129', '0', '0', '0', '1', '10', '');

DELETE FROM creature_template WHERE entry IN (118079,118080,118081,118082,118083,118084,118114,118116,118129,118130,118145,118146,118147,118148,118157,118231);
INSERT INTO `creature_template` (`entry`, `trainer_type`, `gossip_menu_id`, `exp`, `minlevel`, `maxlevel`, `faction`, `npcflag`, `npcflag2`, `RangeAttackTime`, `unit_class`, `unit_flags`, `unit_flags2`, `unit_flags3`, `VehicleId`, `HoverHeight`, `InhabitType`, `SandboxScalingID`, `ScaleLevelMin`, `ScaleLevelMax`, `ScaleLevelDelta`, `ScaleLevelDuration`, `ControllerID`, `StateWorldEffectID`, `SpellStateVisualID`, `SpellStateAnimID`, `SpellStateAnimKitID`, `WorldEffects`, `PassiveSpells`, `flags_extra`, `speed_walk`, `speed_run`, `BaseAttackTime`) VALUES
(118079, 0, 0, 0, 110, 110, 84, 0, 0, 2000, 1, 32832, 2048, 0, 0, 1, 3, 0, 40, 110, 0, 100, -1, 0, 0, 0, 0, '', '', 0, 1, 1.142857, 2000), -- 118079
(118080, 0, 0, 0, 110, 110, 84, 0, 0, 2000, 1, 33344, 2048, 0, 0, 1, 3, 0, 40, 110, 0, 100, -1, 0, 0, 0, 0, '', '', 0, 1, 1.142857, 2000), -- 118080
(118081, 0, 0, 0, 110, 110, 84, 0, 0, 2000, 1, 32832, 2048, 0, 0, 1, 3, 0, 40, 110, 0, 100, -1, 0, 0, 0, 0, '', '', 0, 1, 1.142857, 2000), -- 118081
(118082, 0, 0, 0, 110, 110, 83, 0, 0, 2000, 1, 32832, 2048, 0, 0, 1, 3, 0, 40, 110, 0, 100, -1, 0, 0, 0, 0, '', '', 0, 1, 1.142857, 2000), -- 118082
(118083, 0, 0, 0, 110, 110, 83, 0, 0, 2000, 1, 32832, 2048, 0, 0, 1, 3, 0, 40, 110, 0, 100, -1, 0, 0, 0, 0, '', '', 0, 1, 1.142857, 2000), -- 118083
(118084, 0, 0, 0, 110, 110, 83, 0, 0, 2000, 1, 32832, 2048, 0, 0, 1, 3, 0, 40, 110, 0, 100, -1, 0, 0, 0, 0, '', '', 0, 1, 0.9920629, 2000), -- 118084
(118114, 0, 0, 0, 110, 110, 35, 0, 0, 2000, 1, 32768, 2048, 0, 0, 1, 7, 0, 0, 0, 0, 100, -1, 0, 0, 0, 0, '', '', 0, 1, 1.289683, 2000), -- 118114
(118116, 0, 0, 0, 110, 110, 230, 0, 0, 2000, 1, 32768, 2048, 0, 0, 1, 3, 0, 40, 110, 0, 100, -1, 0, 0, 0, 0, '', '', 0, 1, 1.142857, 2000), -- 118116
(118129, 0, 0, 0, 110, 110, 2361, 0, 0, 2000, 1, 33536, 2048, 0, 0, 1, 3, 0, 1, 110, 0, 100, -1, 0, 0, 0, 0, '', '', 0, 1, 1.142857, 2000), -- 118129
(118130, 0, 0, 0, 110, 110, 534, 0, 0, 2000, 1, 33536, 2048, 0, 0, 1, 3, 0, 1, 110, 0, 100, -1, 0, 0, 0, 0, '', '', 0, 1, 1.142857, 2000), -- 118130
(118145, 0, 0, 0, 110, 110, 2361, 0, 0, 2000, 1, 33536, 2048, 0, 0, 1, 3, 0, 1, 110, 0, 100, -1, 0, 0, 0, 0, '', '', 0, 1, 1.142857, 2000), -- 118145
(118146, 0, 0, 0, 110, 110, 35, 0, 0, 2000, 1, 33536, 2048, 0, 0, 1, 3, 0, 0, 0, 0, 100, -1, 0, 0, 0, 0, '', '', 0, 1, 1.142857, 2000), -- 118146
(118147, 0, 0, 0, 110, 110, 35, 0, 0, 2000, 1, 33536, 2048, 0, 0, 1, 3, 0, 0, 0, 0, 100, -1, 0, 0, 0, 0, '', '', 0, 1, 1.142857, 2000), -- 118147
(118148, 0, 0, 0, 110, 110, 35, 0, 0, 2000, 1, 33536, 2048, 0, 0, 1, 3, 0, 0, 0, 0, 100, -1, 0, 0, 0, 0, '3634018 9216 544432384 540055552 ', '', 0, 1, 1.142857, 2000), -- 118148
(118157, 0, 0, 0, 110, 110, 35, 0, 0, 2000, 1, 33536, 2048, 0, 0, 1, 3, 0, 1, 110, 0, 100, -1, 0, 0, 0, 0, '', '', 0, 1, 1.142857, 2000), -- 118157
(118231, 0, 0, 0, 110, 110, 35, 0, 0, 2000, 1, 32768, 2048, 0, 0, 1, 3, 0, 0, 0, 0, 100, -1, 0, 0, 0, 0, '', '', 0, 1, 1.142857, 2000); -- 118231

UPDATE gameobject_template SET MaxVisible = 1 WHERE entry IN (267291,267289,267287,267290,267288,267573,267285,267286,267474,267473);
UPDATE `gameobject_template` SET `Data30`='0' WHERE (`entry`='267480'); -- 71356
UPDATE `gameobject_template` SET `Data30`='0' WHERE (`entry`='267481'); -- 71357
UPDATE `creature_template` SET `ScriptName`='npc_fizzle_brassbolts' WHERE (`entry`='40027');
UPDATE `creature_template` SET `ScriptName`='npc_tu_luak' WHERE (`entry`='118157');
UPDATE `creature_template` SET `ScriptName`='npc_theldurin_the_lost' WHERE (`entry`='118146');
UPDATE `creature_template` SET `ScriptName`='npc_ilthine_sunsong' WHERE (`entry`='118145');
UPDATE creature_template SET AIName = 'SmartAI', InhabitType = 7 WHERE entry IN (118081,118080,118079,118082,118083,118084);

UPDATE creature_template SET lootid = 118082, flags_extra = 512 WHERE entry = 118082;
UPDATE creature_template SET lootid = 118084, flags_extra = 512 WHERE entry = 118084;
UPDATE creature_template SET lootid = 118083, flags_extra = 512 WHERE entry = 118083;
UPDATE creature_template SET lootid = 118080, flags_extra = 512 WHERE entry = 118080;
UPDATE creature_template SET lootid = 118081, flags_extra = 512 WHERE entry = 118081;
UPDATE creature_template SET lootid = 118079, flags_extra = 512 WHERE entry = 118079;
UPDATE creature_template SET lootid = 118116, flags_extra = 512 WHERE entry = 118116;

DELETE FROM game_event WHERE eventEntry = 307;
INSERT INTO `game_event` (`eventEntry`, `start_time`, `end_time`, `occurence`, `length`, `holiday`, `description`, `world_event`) VALUES
('307', '2019-06-06 00:01:00', '2030-06-08 00:01:00', '525600', '1440', '642', 'Thousand Boat Bash', '0');

DELETE FROM outdoorpvp_template WHERE TypeId = 13;
INSERT INTO `outdoorpvp_template` (`TypeId`, `ScriptName`, `comment`) VALUES
('13', 'outdoorpvp_thousandneedles', 'Micro-Holiday Thousand Boat Bash');

DELETE FROM world_visible_distance WHERE type = 1 AND id = 400;
INSERT INTO `world_visible_distance` (`type`, `id`, `distance`, `comment`) VALUES
('1', '400', '200', 'Thousand Needles');

DELETE FROM game_event_gameobject WHERE eventEntry = 307;
DELETE FROM game_event_creature WHERE eventEntry = 307;
REPLACE INTO `game_event_gameobject` (`eventEntry`, `guid`) SELECT 307, guid FROM gameobject WHERE id IN (267574,267596,267437,267481,267480,267535,267539,267487,267540,267287,267291,267290,267286,267474,267473,267289,267288,267285) AND zoneId = 400;
REPLACE INTO `game_event_creature` (`eventEntry`, `guid`) SELECT 307, guid FROM creature WHERE id IN (118079,118080,118081,118082,118083,118084,118114,118116,118129,118130,118145,118146,118147,118148,118157) AND zoneId = 400;

DELETE FROM gameobject_loot_template WHERE entry IN (267596,267574,267437,267480,267481);
INSERT INTO `gameobject_loot_template` (`entry`, `item`, `ChanceOrQuestChance`, `lootmode`, `groupid`, `mincountOrRef`, `maxcount`) VALUES
('267596', '144077', '100', '1', '0', '1', '1'),
('267574', '144077', '100', '1', '0', '1', '1'),
('267437', '67407', '100', '1', '0', '-67407', '1'),
('267480', '143933', '100', '1', '0', '1', '1'),
('267481', '143934', '100', '1', '0', '1', '1');

DELETE FROM reference_loot_template WHERE entry = 67407;
INSERT INTO `reference_loot_template` (`entry`, `item`, `ChanceOrQuestChance`, `lootmode`, `groupid`, `mincountOrRef`, `maxcount`) VALUES
('67407', '67407', '0', '1', '1', '1', '1'),
('67407', '2591', '0', '1', '1', '1', '1'),
('67407', '16747', '0', '1', '1', '1', '1'),
('67407', '6456', '0', '1', '1', '1', '1'),
('67407', '45196', '0', '1', '1', '1', '1'),
('67407', '46368', '0', '1', '1', '1', '1'),
('67407', '45188', '0', '1', '1', '1', '1'),
('67407', '57065', '0', '1', '1', '1', '1'),
('67407', '46703', '0', '1', '1', '1', '1'),
('67407', '43333', '0', '1', '1', '1', '1');

DELETE FROM spell_script_names WHERE spell_id IN (234449,234458);
INSERT INTO `spell_script_names` (`spell_id`, `ScriptName`) VALUES
('234449', 'spell_bating'),
('234458', 'spell_boat_day');

DELETE FROM smart_scripts WHERE entryorguid IN (118081,118080,118079,118082,118083,118084);
INSERT INTO `smart_scripts` (`entryorguid`, `source_type`, `id`, `link`, `event_type`, `event_phase_mask`, `event_chance`, `event_flags`, `event_param1`, `event_param2`, `event_param3`, `event_param4`, `action_type`, `action_param1`, `action_param2`, `action_param3`, `action_param4`, `action_param5`, `action_param6`, `target_type`, `target_param1`, `target_param2`, `target_param3`, `target_x`, `target_y`, `target_z`, `target_o`, `comment`) VALUES
('118081', '0', '0', '0', '4', '0', '100', '0', '0', '0', '0', '0', '1', '0', '0', '0', '0', '0', '0', '1', '0', '0', '0', '0', '0', '0', '0', 'Say Line Event'),
('118080', '0', '0', '0', '4', '0', '100', '0', '0', '0', '0', '0', '1', '0', '0', '0', '0', '0', '0', '1', '0', '0', '0', '0', '0', '0', '0', 'Say Line Event'),
('118079', '0', '0', '0', '4', '0', '100', '0', '0', '0', '0', '0', '1', '0', '0', '0', '0', '0', '0', '1', '0', '0', '0', '0', '0', '0', '0', 'Say Line Event'),
('118083', '0', '0', '0', '4', '0', '100', '0', '0', '0', '0', '0', '1', '0', '0', '0', '0', '0', '0', '1', '0', '0', '0', '0', '0', '0', '0', 'Say Line Event'),
('118082', '0', '0', '0', '4', '0', '100', '0', '0', '0', '0', '0', '1', '0', '0', '0', '0', '0', '0', '1', '0', '0', '0', '0', '0', '0', '0', 'Say Line Event'),
('118084', '0', '0', '0', '4', '0', '100', '0', '0', '0', '0', '0', '1', '0', '0', '0', '0', '0', '0', '1', '0', '0', '0', '0', '0', '0', '0', 'Say Line Event');

 -- [Hotfixes]
DELETE FROM itemsparse WHERE ID = 143931;
INSERT INTO `itemsparse` (`ID`, `AllowableRace`, `Name1`, `Name2`, `Name3`, `Name4`, `Description`, `Flags1`, `Flags2`, `Flags3`, `Flags4`, `PriceRandomValue`, `PriceVariance`, `VendorStackCount`, `BuyPrice`, `SellPrice`, `RequiredSpell`, `MaxCount`, `Stackable`, `StatPercentEditor1`, `StatPercentEditor2`, `StatPercentEditor3`, `StatPercentEditor4`, `StatPercentEditor5`, `StatPercentEditor6`, `StatPercentEditor7`, `StatPercentEditor8`, `StatPercentEditor9`, `StatPercentEditor10`, `StatPercentageOfSocket1`, `StatPercentageOfSocket2`, `StatPercentageOfSocket3`, `StatPercentageOfSocket4`, `StatPercentageOfSocket5`, `StatPercentageOfSocket6`, `StatPercentageOfSocket7`, `StatPercentageOfSocket8`, `StatPercentageOfSocket9`, `StatPercentageOfSocket10`, `ItemRange`, `BagFamily`, `QualityModifier`, `DurationInInventory`, `DmgVariance`, `AllowableClass`, `ItemLevel`, `RequiredSkill`, `RequiredSkillRank`, `RequiredReputationFaction`, `ItemStatValue1`, `ItemStatValue2`, `ItemStatValue3`, `ItemStatValue4`, `ItemStatValue5`, `ItemStatValue6`, `ItemStatValue7`, `ItemStatValue8`, `ItemStatValue9`, `ItemStatValue10`, `ScalingStatDistribution`, `Delay`, `PageText`, `StartQuest`, `LockID`, `RandomProperty`, `RandomSuffix`, `ItemSet`, `Area`, `Map`, `TotemCategory`, `SocketBonus`, `GemProperties`, `ItemLimitCategory`, `HolidayID`, `RequiredTransmogHolidayID`, `ItemNameDescriptionID`, `Quality`, `InventoryType`, `RequiredLevel`, `RequiredHonorRank`, `RequiredCityRank`, `RequiredReputationRank`, `ContainerSlots`, `ItemStatType1`, `ItemStatType2`, `ItemStatType3`, `ItemStatType4`, `ItemStatType5`, `ItemStatType6`, `ItemStatType7`, `ItemStatType8`, `ItemStatType9`, `ItemStatType10`, `DamageType`, `Bonding`, `LanguageID`, `PageMaterial`, `Material`, `Sheath`, `SocketColor1`, `SocketColor2`, `SocketColor3`, `CurrencySubstitutionID`, `CurrencySubstitutionCount`, `ArtifactID`, `RequiredExpansion`, `VerifiedBuild`) VALUES
('143931', '-1', 'Небольшая лодка', NULL, NULL, NULL, NULL, '65600', '8192', '0', '0', '0', '0', '0', '0', '0', '0', '1', '1', '0', '0', '0', '0', '0', '0', '0', '0', '0', '0', '0', '0', '0', '0', '0', '0', '0', '0', '0', '0', '0', '0', '0', '604800', '0', '-1', '1', '0', '0', '0', '0', '0', '0', '0', '0', '0', '0', '0', '0', '0', '0', '0', '0', '0', '0', '0', '0', '0', '0', '0', '0', '0', '0', '0', '0', '0', '0', '2', '0', '1', '0', '0', '0', '0', '-1', '-1', '-1', '-1', '-1', '-1', '-1', '-1', '-1', '-1', '0', '0', '0', '0', '0', '0', '0', '0', '0', '0', '0', '0', '0', '23478');

DELETE FROM item_sparse WHERE ID = 143931;
INSERT INTO `item_sparse` (`ID`, `AllowableRace`, `Display`, `Display1`, `Display2`, `Display3`, `Description`, `Flags1`, `Flags2`, `Flags3`, `Flags4`, `PriceRandomValue`, `PriceVariance`, `VendorStackCount`, `BuyPrice`, `SellPrice`, `RequiredAbility`, `MaxCount`, `Stackable`, `StatPercentEditor1`, `StatPercentEditor2`, `StatPercentEditor3`, `StatPercentEditor4`, `StatPercentEditor5`, `StatPercentEditor6`, `StatPercentEditor7`, `StatPercentEditor8`, `StatPercentEditor9`, `StatPercentEditor10`, `StatPercentageOfSocket1`, `StatPercentageOfSocket2`, `StatPercentageOfSocket3`, `StatPercentageOfSocket4`, `StatPercentageOfSocket5`, `StatPercentageOfSocket6`, `StatPercentageOfSocket7`, `StatPercentageOfSocket8`, `StatPercentageOfSocket9`, `StatPercentageOfSocket10`, `ItemRange`, `BagFamily`, `QualityModifier`, `DurationInInventory`, `DmgVariance`, `AllowableClass`, `ItemLevel`, `RequiredSkill`, `RequiredSkillRank`, `MinFactionID`, `ItemStatValue1`, `ItemStatValue2`, `ItemStatValue3`, `ItemStatValue4`, `ItemStatValue5`, `ItemStatValue6`, `ItemStatValue7`, `ItemStatValue8`, `ItemStatValue9`, `ItemStatValue10`, `ScalingStatDistributionID`, `ItemDelay`, `PageID`, `StartQuestID`, `LockID`, `RandomSelect`, `ItemRandomSuffixGroupID`, `ItemSet`, `ZoneBound`, `InstanceBound`, `TotemCategoryID`, `SocketMatch_enchantment_id`, `GemProperties`, `LimitCategory`, `RequiredHoliday`, `RequiredTransmogHoliday`, `ItemNameDescriptionID`, `OverallQualityID`, `InventoryType`, `RequiredLevel`, `RequiredPVPRank`, `RequiredPVPMedal`, `MinReputation`, `ContainerSlots`, `StatModifierBonusStat1`, `StatModifierBonusStat2`, `StatModifierBonusStat3`, `StatModifierBonusStat4`, `StatModifierBonusStat5`, `StatModifierBonusStat6`, `StatModifierBonusStat7`, `StatModifierBonusStat8`, `StatModifierBonusStat9`, `StatModifierBonusStat10`, `DamageDamageType`, `Bonding`, `LanguageID`, `PageMaterialID`, `Material`, `SheatheType`, `SocketType1`, `SocketType2`, `SocketType3`, `SpellWeightCategory`, `SpellWeight`, `ArtifactID`, `ExpansionID`, `VerifiedBuild`) VALUES
('143931', '-1', 'Небольшая лодка', NULL, NULL, NULL, NULL, '65600', '8192', '0', '0', '0', '0', '0', '0', '0', '0', '1', '1', '0', '0', '0', '0', '0', '0', '0', '0', '0', '0', '0', '0', '0', '0', '0', '0', '0', '0', '0', '0', '0', '0', '0', '604800', '0', '-1', '1', '0', '0', '0', '0', '0', '0', '0', '0', '0', '0', '0', '0', '0', '0', '0', '0', '0', '0', '0', '0', '0', '0', '0', '0', '0', '0', '0', '0', '0', '0', '2', '0', '1', '0', '0', '0', '0', '-1', '-1', '-1', '-1', '-1', '-1', '-1', '-1', '-1', '-1', '0', '0', '0', '0', '0', '0', '0', '0', '0', '0', '0', '0', '0', '23478');

DELETE FROM hotfix_data WHERE Id = 143931;
INSERT INTO `hotfix_data` (`Id`, `TableHash`, `RecordID`, `Timestamp`, `Deleted`) VALUES
('143931', '2442913102', '143931', '0', '0');